[
    {
        "major": "American Indian Studies",
        "key": 25828673
    },
    {
        "major": "Anthropology",
        "key": 25828654
    },
    {
        "major": "Applied Physics - Applied Electronics Option",
        "key": 25828671
    },
    {
        "major": "Applied Physics - General Option",
        "key": 25828710
    },
    {
        "major": "Art, Media, and Design, Art and Visual Culture Option",
        "key": 25828718
    },
    {
        "major": "Art, Media, and Design, Digital and Media Arts Option",
        "key": 25828715
    },
    {
        "major": "Biochemistry",
        "key": 25828656
    },
    {
        "major": "Biological Sciences",
        "key": 25828657
    },
    {
        "major": "Biotechnology",
        "key": 25828658
    },
    {
        "major": "Business Administration - All Options",
        "key": 25828708
    },
    {
        "major": "Chemistry, Chemistry Education Option",
        "key": 25828659
    },
    {
        "major": "Chemistry, General Chemistry Option",
        "key": 25828661
    },
    {
        "major": "Child and Adolescent Development, B.A.",
        "key": 25828660
    },
    {
        "major": "Communication",
        "key": 25828662
    },
    {
        "major": "Computer Science - CIS Option",
        "key": 25828691
    },
    {
        "major": "Computer Science - CS Option",
        "key": 25828674
    },
    {
        "major": "Criminology and Justice Studies",
        "key": 25828663
    },
    {
        "major": "Economics",
        "key": 25828664
    },
    {
        "major": "Electrical Engineering",
        "key": 25828707
    },
    {
        "major": "Environmental Studies",
        "key": 25828695
    },
    {
        "major": "Ethnic Studies",
        "key": 25828672
    },
    {
        "major": "Geography",
        "key": 25828729
    },
    {
        "major": "Global Studies",
        "key": 25828666
    },
    {
        "major": "History",
        "key": 25828665
    },
    {
        "major": "History Single-Subject Preparation for Teaching Option",
        "key": 25828676
    },
    {
        "major": "Human Development, All Options",
        "key": 25828712
    },
    {
        "major": "Kinesiology - Health Science Option",
        "key": 25828693
    },
    {
        "major": "Kinesiology - Movement Science Option",
        "key": 25828688
    },
    {
        "major": "Liberal Studies, Integrated Teacher Education Program Option (ITEP)",
        "key": 25828726
    },
    {
        "major": "Liberal Studies, Teaching - Elementary Subject Matter Preparation",
        "key": 25828723
    },
    {
        "major": "Literature and Writing Studies",
        "key": 25828667
    },
    {
        "major": "Mathematics",
        "key": 25828669
    },
    {
        "major": "Media Studies",
        "key": 25828675
    },
    {
        "major": "Music ",
        "key": 25828679
    },
    {
        "major": "Nursing, All Options",
        "key": 25828701
    },
    {
        "major": "Political Science",
        "key": 25828668
    },
    {
        "major": "Psychological Science",
        "key": 25828677
    },
    {
        "major": "Social Sciences",
        "key": 25828686
    },
    {
        "major": "Sociology, Aging and the Life Course Concentration",
        "key": 25828705
    },
    {
        "major": "Sociology, Children, Youth, and Families Concentration",
        "key": 25828702
    },
    {
        "major": "Sociology, Critical Race Studies Concentration",
        "key": 25828703
    },
    {
        "major": "Sociology, Health, Education, and Welfare Concentration",
        "key": 25828699
    },
    {
        "major": "Sociology, Standard Concentration",
        "key": 25828697
    },
    {
        "major": "Software Engineering",
        "key": 25828683
    },
    {
        "major": "Spanish",
        "key": 25828670
    },
    {
        "major": "Theatre",
        "key": 25828725
    },
    {
        "major": "Women's, Gender, and Sexuality Studies",
        "key": 25828717
    }
]