[
    {
        "major": "Anthropology B.A.",
        "key": 26819026
    },
    {
        "major": "Art B.A. - Art Education Concentration",
        "key": 26819035
    },
    {
        "major": "Art B.A. - Art History & Museum Studies Concentration",
        "key": 26819117
    },
    {
        "major": "Art B.A. - Art Studio Concentration",
        "key": 26819049
    },
    {
        "major": "Art B.F.A. - Fine Arts ",
        "key": 26819092
    },
    {
        "major": "Biology B.S. - Cellular/Molecular Biology Concentration",
        "key": 26819051
    },
    {
        "major": "Biology B.S. - Ecology Concentration",
        "key": 26819098
    },
    {
        "major": "Biology B.S. - General Biology Concentration",
        "key": 26819052
    },
    {
        "major": "Biology B.S. - Marine Biology Concentration",
        "key": 26819053
    },
    {
        "major": "Biology B.S. - Microbiology Concentration",
        "key": 26819054
    },
    {
        "major": "Biology B.S. - Science Education Concentration",
        "key": 26819055
    },
    {
        "major": "Botany B.S.",
        "key": 26819050
    },
    {
        "major": "Business Administration B.S. - Accounting Concentration",
        "key": 26819031
    },
    {
        "major": "Business Administration B.S. - Economics Concentration",
        "key": 26819038
    },
    {
        "major": "Business Administration B.S. - Finance Concentration",
        "key": 26819039
    },
    {
        "major": "Business Administration B.S. - Marketing Concentration",
        "key": 26819040
    },
    {
        "major": "Business Administration B.S. - New Venture Management Concentration",
        "key": 26819099
    },
    {
        "major": "Chemistry B.A.",
        "key": 26819056
    },
    {
        "major": "Chemistry B.S.",
        "key": 26819057
    },
    {
        "major": "Chemistry B.S. - Biochemistry Concentration",
        "key": 26819059
    },
    {
        "major": "Child Development & Family Relations B.A. - Child & Family Services Concentration",
        "key": 26819104
    },
    {
        "major": "Child Development & Family Relations B.A. - Specialized Studies Concentration",
        "key": 26819103
    },
    {
        "major": "Child Development & Family Relations B.A. - Teaching Concentration",
        "key": 26819102
    },
    {
        "major": "Communication B.A.",
        "key": 26819058
    },
    {
        "major": "Computer Science B.S.",
        "key": 26819061
    },
    {
        "major": "Criminology and Justice Studies B.A.",
        "key": 26819060
    },
    {
        "major": "Critical Race, Gender & Sexuality Studies B.A.",
        "key": 26819063
    },
    {
        "major": "Dance Studies [Interdisciplinary Studies B.A - Dance Studies Concentration]",
        "key": 26819106
    },
    {
        "major": "Economics B.A.",
        "key": 26819105
    },
    {
        "major": "English B.A.",
        "key": 26819115
    },
    {
        "major": "English B.A. - English Education Concentration",
        "key": 26819113
    },
    {
        "major": "Environmental Resource Engineering B.S.",
        "key": 26819062
    },
    {
        "major": "Environmental Science & Management - Ecological Restoration",
        "key": 26819091
    },
    {
        "major": "Environmental Science & Management - Energy & Climate",
        "key": 26819093
    },
    {
        "major": "Environmental Science & Management - Environmental Education & Interpretation",
        "key": 26819094
    },
    {
        "major": "Environmental Science & Management - Environmental Planning & Policy",
        "key": 26819095
    },
    {
        "major": "Environmental Science & Management - Geospatial Science",
        "key": 26819096
    },
    {
        "major": "Environmental Studies B.A.",
        "key": 26819065
    },
    {
        "major": "Film B.A.",
        "key": 26819064
    },
    {
        "major": "Fisheries Biology B.S. - Aquaculture Concentration",
        "key": 26819100
    },
    {
        "major": "Fisheries Biology B.S. - Freshwater Fisheries Concentration",
        "key": 26819067
    },
    {
        "major": "Fisheries Biology B.S. - Marine Fisheries Concentration",
        "key": 26819066
    },
    {
        "major": "Forestry B.S. - Forest Hydrology Concentration",
        "key": 26819069
    },
    {
        "major": "Forestry B.S. - Forest Operations Concentration",
        "key": 26819068
    },
    {
        "major": "Forestry B.S. - Forest Restoration Concentration",
        "key": 26819097
    },
    {
        "major": "Forestry B.S. - Forest Soils Concentration",
        "key": 26819071
    },
    {
        "major": "Forestry B.S. - Tribal Forestry Concentration",
        "key": 26819101
    },
    {
        "major": "Forestry B.S. - Wildland Fire Management Concentration",
        "key": 26819072
    },
    {
        "major": "French & Francophone Studies B.A.",
        "key": 26819070
    },
    {
        "major": "Geography B.A.",
        "key": 26819073
    },
    {
        "major": "Geology B.A. - Geosciences Concentration",
        "key": 26819074
    },
    {
        "major": "Geology B.S.",
        "key": 26819075
    },
    {
        "major": "History B.A.",
        "key": 26819076
    },
    {
        "major": "History B.A. - History Education Concentration",
        "key": 26819077
    },
    {
        "major": "International Studies B.A. - Chinese Studies Concentration",
        "key": 26819078
    },
    {
        "major": "International Studies B.A. - Development Studies Concentration",
        "key": 26819109
    },
    {
        "major": "International Studies B.A. - European Studies Concentration",
        "key": 26819079
    },
    {
        "major": "International Studies B.A. - Global Cultural Studies Concentration",
        "key": 26819080
    },
    {
        "major": "International Studies B.A. - Latin American Studies Concentration",
        "key": 26819082
    },
    {
        "major": "Journalism B.A. - News Concentration",
        "key": 26819081
    },
    {
        "major": "Journalism B.A. - Public Relations Concentration",
        "key": 26819083
    },
    {
        "major": "Kinesiology B.S. - Exercise Science Concentration",
        "key": 26819108
    },
    {
        "major": "Kinesiology B.S. - Health Promotion Concentration",
        "key": 26819110
    },
    {
        "major": "Kinesiology B.S. - Physical Education Teaching Concentration",
        "key": 26819084
    },
    {
        "major": "Kinesiology B.S. - Pre-Health Professions Concentration",
        "key": 26819111
    },
    {
        "major": "Leadership Studies [Interdisciplinary Studies B.A. - Leadership Studies Concentration]",
        "key": 26819107
    },
    {
        "major": "Liberal Studies B.A. - Child Development/Elementary Education Concentration",
        "key": 26819112
    },
    {
        "major": "Liberal Studies B.A. - Elementary Education Concentration",
        "key": 26819086
    },
    {
        "major": "Mathematics B.A.",
        "key": 26819085
    },
    {
        "major": "Music B.A. - Composition Concentration",
        "key": 26819087
    },
    {
        "major": "Music B.A. - Music Education Concentration",
        "key": 26819088
    },
    {
        "major": "Music B.A. - Music Studies Concentration",
        "key": 26819089
    },
    {
        "major": "Music B.A. - Performance Concentration",
        "key": 26819090
    },
    {
        "major": "Native American Studies B.A.",
        "key": 26819416
    },
    {
        "major": "Nursing B.S.N. (RN-BSN)",
        "key": 26819443
    },
    {
        "major": "Oceanography B.S.",
        "key": 26819423
    },
    {
        "major": "Philosophy B.A.",
        "key": 26819417
    },
    {
        "major": "Physical Science B.A.",
        "key": 26819437
    },
    {
        "major": "Physics B.S.",
        "key": 26819422
    },
    {
        "major": "Physics B.S. - Astronomy Concentration",
        "key": 26819425
    },
    {
        "major": "Political Science B.A. - Global Politics Concentration",
        "key": 26819440
    },
    {
        "major": "Political Science B.A. - Law & Policy Concentration",
        "key": 26819438
    },
    {
        "major": "Political Science B.A. - Politics of Environment & Sustainability Concentration",
        "key": 26819439
    },
    {
        "major": "Political Science B.A. - Traditional Concentration",
        "key": 26819441
    },
    {
        "major": "Psychology B.A.",
        "key": 26819424
    },
    {
        "major": "Rangeland Resource Science B.S.",
        "key": 26819426
    },
    {
        "major": "Rangeland Resource Science B.S. - Wildland Soil Science Concentration",
        "key": 26819427
    },
    {
        "major": "Recreation Administration B.A.",
        "key": 26819429
    },
    {
        "major": "Religious Studies B.A.",
        "key": 26819428
    },
    {
        "major": "Social Work B.A.",
        "key": 26819430
    },
    {
        "major": "Sociology B.A.",
        "key": 26819431
    },
    {
        "major": "Spanish B.A.",
        "key": 26819432
    },
    {
        "major": "Theatre Arts B.A.",
        "key": 26819433
    },
    {
        "major": "Wildlife B.S. - Conservation Biology/Applied Vertebrate Ecology Concentration",
        "key": 26819434
    },
    {
        "major": "Wildlife B.S. - Wildlife Management & Conservation Concentration",
        "key": 26819435
    },
    {
        "major": "Zoology B.S.",
        "key": 26819436
    }
]