[
    {
        "major": "Accounting (Minor in)",
        "key": "74/8/to/120/Major/cb998feb-c867-4457-8989-16c717638480"
    },
    {
        "major": "Aerospace Engineering, B.S.",
        "key": "74/8/to/120/Major/378116bf-a1fd-4f1d-9a94-244c7db59f34"
    },
    {
        "major": "African American Studies, B.A.",
        "key": "74/8/to/120/Major/c8acc2a4-3cf4-4f92-9c62-39dcd9bc78dc"
    },
    {
        "major": "Anthropology, B.A.",
        "key": "74/8/to/120/Major/479e8e47-8f6d-4fe2-b1e9-8188e71d2166"
    },
    {
        "major": "Applied Physics, B.S.",
        "key": "74/8/to/120/Major/82b9f5ff-344d-45e7-b24e-0db6bf1b501f"
    },
    {
        "major": "Art History, B.A.",
        "key": "74/8/to/120/Major/e1e0a9ee-617c-4db1-9642-99cecb71e528"
    },
    {
        "major": "Art, B.A.",
        "key": "74/8/to/120/Major/35131b93-da89-4878-98b9-d5cbb68720ec"
    },
    {
        "major": "Asian American Studies, B.A.",
        "key": "74/8/to/120/Major/23af24a0-44ae-44bf-9e2e-15095c4660e3"
    },
    {
        "major": "Biochemistry and Molecular Biology, B.S.",
        "key": "74/8/to/120/Major/5c845d11-1910-48c5-8a2b-b49779199495"
    },
    {
        "major": "Biological Sciences, B.S.",
        "key": "74/8/to/120/Major/dc95ff8c-784b-4879-a11a-e4aed12ab57a"
    },
    {
        "major": "Biology/Education, B.S.",
        "key": "74/8/to/120/Major/8c50d250-67b9-416c-8300-dd26b1c93dc2"
    },
    {
        "major": "Biomedical Engineering, B.S.",
        "key": "74/8/to/120/Major/6f3cafbe-e97d-4fc7-9af9-059a478fe6ba"
    },
    {
        "major": "Biomedical Engineering: Pre-Medical, B.S.",
        "key": "74/8/to/120/Major/512c6e92-f275-4c95-a584-55f3a8fe35b9"
    },
    {
        "major": "Business Administration, B.A.",
        "key": "74/8/to/120/Major/de7445bd-cf72-467c-b480-bfe97a50e174"
    },
    {
        "major": "Business Economics, B.A.",
        "key": "74/8/to/120/Major/6c1a2d5d-eedf-4733-9b7d-9d110b95c7fc"
    },
    {
        "major": "Business Information Management, B.S.",
        "key": "74/8/to/120/Major/fa87349a-fd91-4a4f-9e6c-705bb77e9cdc"
    },
    {
        "major": "Chemical Engineering, B.S.",
        "key": "74/8/to/120/Major/1eb740a2-3519-4bb7-b77a-a08817e56132"
    },
    {
        "major": "Chemistry, B.S.",
        "key": "74/8/to/120/Major/4e626abc-d5bf-4721-8664-65558638d8cd"
    },
    {
        "major": "Chicano/Latino Studies, B.A.",
        "key": "74/8/to/120/Major/0fcf9af0-a0e4-4473-ad37-6b264e090a52"
    },
    {
        "major": "Chinese Studies, B.A.",
        "key": "74/8/to/120/Major/ea6208c4-dba4-47c7-aa78-c907cdd85bf1"
    },
    {
        "major": "Civil Engineering, B.S.",
        "key": "74/8/to/120/Major/bad307de-30a2-458e-ad29-746bdcbbf249"
    },
    {
        "major": "Classics, B.A.",
        "key": "74/8/to/120/Major/f0e48058-3238-4c02-81e6-f834adda49ef"
    },
    {
        "major": "Cognitive Sciences, B.S.",
        "key": "74/8/to/120/Major/02b559f9-309b-4ebb-8f9f-0111c6d62cb1"
    },
    {
        "major": "Comparative Literature, B.A.",
        "key": "74/8/to/120/Major/4873059a-40c9-47bd-82fb-c5397c760802"
    },
    {
        "major": "Computer Engineering, B.S.",
        "key": "74/8/to/120/Major/dcbacb25-60ac-40f5-932a-1bd0cf738c7e"
    },
    {
        "major": "Computer Science and Engineering, B.S.",
        "key": "74/8/to/120/Major/c637de36-6c02-4879-a304-bf6a84d15c50"
    },
    {
        "major": "Computer Science, B.S.",
        "key": "74/8/to/120/Major/834d7251-be14-4ba7-bb22-d232d96395c6"
    },
    {
        "major": "Criminology, Law and Society, B.A.",
        "key": "74/8/to/120/Major/982c46e0-56f8-43f2-ade6-2bb867b436b8"
    },
    {
        "major": "Dance, B.A., B.F.A.",
        "key": "74/8/to/120/Major/ae8e05b1-0750-437a-8db7-d0d585eb3cc0"
    },
    {
        "major": "Data Science, B.S.",
        "key": "74/8/to/120/Major/ced20e69-1d4a-4a14-9405-a667d9b331bd"
    },
    {
        "major": "Developmental and Cell Biology, B.S.",
        "key": "74/8/to/120/Major/d70a9b76-cbc8-4d3e-9b8b-314d0a2aca5f"
    },
    {
        "major": "Drama, B.A.",
        "key": "74/8/to/120/Major/84e887ce-76ee-4609-9517-37e12eb6e21a"
    },
    {
        "major": "Earth System Science, B.S.",
        "key": "74/8/to/120/Major/63f0a126-7810-409d-a5cd-d4fb53de01ff"
    },
    {
        "major": "East Asian Cultures, B.A.",
        "key": "74/8/to/120/Major/b0965848-715e-490a-b24b-b2eb4220d3d0"
    },
    {
        "major": "Ecology and Evolutionary Biology, B.S.",
        "key": "74/8/to/120/Major/6d997d15-6073-46c7-8df3-f280fe906edb"
    },
    {
        "major": "Economics, B.A.",
        "key": "74/8/to/120/Major/cd75157c-5c15-4b80-ac9f-69f92eaf9bd7"
    },
    {
        "major": "Education (Minor in)",
        "key": "74/8/to/120/Major/7b82bfa8-462e-4526-b502-b1d04c40806e"
    },
    {
        "major": "Education Sciences, B.A.",
        "key": "74/8/to/120/Major/a7d34a54-d05d-490c-a097-d8c7c9594238"
    },
    {
        "major": "Electrical Engineering, B.S.",
        "key": "74/8/to/120/Major/c7b4a414-18d1-4157-93d8-647b16901500"
    },
    {
        "major": "English, B.A.",
        "key": "74/8/to/120/Major/45692b61-99e9-40ef-ab06-cdc70bc83332"
    },
    {
        "major": "Environmental Engineering, B.S.",
        "key": "74/8/to/120/Major/3e7a46f8-8ca0-48ff-81ed-a9661b504509"
    },
    {
        "major": "Environmental Science and Policy, B.A.",
        "key": "74/8/to/120/Major/b54dc089-e3a4-46b9-a5fe-19e9d7dfa554"
    },
    {
        "major": "European Studies, B.A.",
        "key": "74/8/to/120/Major/d067955c-106a-42bd-9054-349e3df44a15"
    },
    {
        "major": "Exercise Sciences, B.S. ",
        "key": "74/8/to/120/Major/fd36e083-f4d5-4aa9-bebb-28f36c00f79a"
    },
    {
        "major": "Film and Media Studies, B.A.",
        "key": "74/8/to/120/Major/a81fda1d-a6cb-42cd-9b39-7139d111a733"
    },
    {
        "major": "French, B.A.",
        "key": "74/8/to/120/Major/346f70d1-416d-4520-b2ad-488a3a611684"
    },
    {
        "major": "Game Design & Interactive Media, B.S.",
        "key": "74/8/to/120/Major/41e38a62-c416-4611-aa54-2a2ac0b8057e"
    },
    {
        "major": "Gender and Sexuality Studies, B.A.",
        "key": "74/8/to/120/Major/6847fa9b-c65e-406c-a15a-d0d3b9f6c386"
    },
    {
        "major": "Genetics, B.S.",
        "key": "74/8/to/120/Major/132119f5-34fc-41c0-bcda-55c82f31ed1c"
    },
    {
        "major": "German Studies, B.A.",
        "key": "74/8/to/120/Major/eecfe122-e9d0-41be-bf67-173e52d80f5a"
    },
    {
        "major": "Global Cultures, B.A.",
        "key": "74/8/to/120/Major/5015e21d-15d8-4259-8dee-32fc99656202"
    },
    {
        "major": "Global Middle East Studies, B.A.",
        "key": "74/8/to/120/Major/f5c55407-9cbb-4d98-9d94-cb5da988903a"
    },
    {
        "major": "History, B.A.",
        "key": "74/8/to/120/Major/03ba8de1-fa33-4290-b063-fca4a53929e5"
    },
    {
        "major": "History, with a Specialization in History for Future Teachers, B.A.",
        "key": "74/8/to/120/Major/fd39c519-d734-4641-bbbe-6f963d1f6137"
    },
    {
        "major": "Human Biology, B.S.",
        "key": "74/8/to/120/Major/07d546fd-0cd3-4dd0-9ddf-7d2b75e3728e"
    },
    {
        "major": "Informatics, B.S.",
        "key": "74/8/to/120/Major/9c662b6b-c759-4d08-8d32-1e5c73e85de9"
    },
    {
        "major": "Innovation and Entrepreneurship (Minor in)",
        "key": "74/8/to/120/Major/0fe549af-7460-4fee-89e8-9de8b9d7f90c"
    },
    {
        "major": "International Studies, B.A.",
        "key": "74/8/to/120/Major/7a77de0f-3031-4f5f-9d3b-63d0c9ac59cf"
    },
    {
        "major": "Japanese Language and Literature, B.A.",
        "key": "74/8/to/120/Major/b1552e9f-4292-477a-a915-b98abf10238f"
    },
    {
        "major": "Korean Literature and Culture, B.A.",
        "key": "74/8/to/120/Major/73978ea1-fa06-4f8c-a762-983b03610c1c"
    },
    {
        "major": "Language Science, B.A.",
        "key": "74/8/to/120/Major/77948276-1668-43c3-8640-5bea58f06c4e"
    },
    {
        "major": "Literary Journalism, B.A.",
        "key": "74/8/to/120/Major/f266ac7f-5c96-4ed9-a87e-23e6fcdb2b12"
    },
    {
        "major": "Management (Minor in)",
        "key": "74/8/to/120/Major/32267a61-7e5c-4f01-961e-cb0799c43986"
    },
    {
        "major": "Materials Science and Engineering, B.S.",
        "key": "74/8/to/120/Major/6e811391-710e-48d8-abe3-4acc273fb6b6"
    },
    {
        "major": "Mathematics, B.S.",
        "key": "74/8/to/120/Major/cf28e2f4-78df-467c-8f7b-20c6f2053930"
    },
    {
        "major": "Mechanical Engineering, B.S.",
        "key": "74/8/to/120/Major/e57324dc-f79f-4889-9947-ab73c8c71b90"
    },
    {
        "major": "Microbiology and Immunology, B.S.",
        "key": "74/8/to/120/Major/0ab4cff5-d635-4b31-bfd7-6b8c827aaf19"
    },
    {
        "major": "Music Theatre, B.F.A.",
        "key": "74/8/to/120/Major/4f3c7bea-bbae-46a0-a86a-3c5c343b8f93"
    },
    {
        "major": "Music, B.A./B.Mus.",
        "key": "74/8/to/120/Major/88d39f69-9461-4dfb-8bab-87556bc3a554"
    },
    {
        "major": "Neurobiology, B.S.",
        "key": "74/8/to/120/Major/f3a1f9b9-bf50-4d1b-8d9b-91456eb5614d"
    },
    {
        "major": "Nursing Science, B.S.",
        "key": "74/8/to/120/Major/c24de861-4e65-4496-9ab9-f68d745c1505"
    },
    {
        "major": "Pharmaceutical Sciences, B.S.",
        "key": "74/8/to/120/Major/03d7de6d-f730-43fc-a373-bb3c0b0ecc5f"
    },
    {
        "major": "Philosophy, B.A.",
        "key": "74/8/to/120/Major/98d7542f-ced9-4f48-9a7f-708ba7e1c6ab"
    },
    {
        "major": "Philosophy, B.A. with a Specialization in Law and Society",
        "key": "74/8/to/120/Major/2aa0d265-679e-4d0a-aa0c-8c2a44c76317"
    },
    {
        "major": "Philosophy, B.A. with a Specialization in Medicine and Well-Being",
        "key": "74/8/to/120/Major/145f3c73-1518-45de-89c6-a484598d9b6e"
    },
    {
        "major": "Physics, B.S.",
        "key": "74/8/to/120/Major/22e31de9-eca2-48e0-9623-b500dc3af88a"
    },
    {
        "major": "Political Science, B.A.",
        "key": "74/8/to/120/Major/205b00f2-0cb3-427c-b545-298376a88759"
    },
    {
        "major": "Psychological Science, B.A.",
        "key": "74/8/to/120/Major/cb9733bd-4d32-46e0-a609-ef878fd3b585"
    },
    {
        "major": "Psychology, B.S.",
        "key": "74/8/to/120/Major/ae26a9ab-bcb0-4bb8-9f1f-9ea9d35ece92"
    },
    {
        "major": "Public Health Policy, B.A.",
        "key": "74/8/to/120/Major/a9b29248-2ffd-4019-90c7-45c43a13c758"
    },
    {
        "major": "Public Health Sciences, B.S.",
        "key": "74/8/to/120/Major/8aaba0d3-f751-4c6f-9b06-7c49be7dc79c"
    },
    {
        "major": "Quantitative Economics, B.A.",
        "key": "74/8/to/120/Major/99c18f17-0e7e-4760-840b-c60b42551fdc"
    },
    {
        "major": "Religious Studies, B.A.",
        "key": "74/8/to/120/Major/6cd10119-f28d-4b3a-97d5-7105e95aa857"
    },
    {
        "major": "Social Ecology, B.A.",
        "key": "74/8/to/120/Major/82b8e3af-c691-4ead-9641-83656ff49d40"
    },
    {
        "major": "Social Policy and Public Service, B.A.",
        "key": "74/8/to/120/Major/bbc19953-feea-465e-9c0a-f047dd19425a"
    },
    {
        "major": "Sociology, B.A.",
        "key": "74/8/to/120/Major/577e683a-ceda-42eb-af10-e611af994ddd"
    },
    {
        "major": "Software Engineering, B.S.",
        "key": "74/8/to/120/Major/75389c17-eae8-41db-9489-2425f5e266d7"
    },
    {
        "major": "Spanish, B.A.",
        "key": "74/8/to/120/Major/06317f53-25ec-430a-a20d-b8f81e154ea8"
    },
    {
        "major": "Urban Studies, B.A.",
        "key": "74/8/to/120/Major/5c874a67-2a4b-40cd-8c2e-2cfeff554b2a"
    }
]