[
    {
        "major": "Advertising and Public Relations, B.A.",
        "key": 26753702
    },
    {
        "major": "Africana Studies B.A., Cultural Studies Concentration",
        "key": 26753704
    },
    {
        "major": "Africana Studies B.A., Social Sciences Concentration",
        "key": 26753705
    },
    {
        "major": "Anthropology B.A, Applied Concentration",
        "key": 26753676
    },
    {
        "major": "Anthropology B.A, Archaeology Concentration",
        "key": 26753673
    },
    {
        "major": "Anthropology B.A, Biological Concentration",
        "key": 26753675
    },
    {
        "major": "Anthropology B.A, General Concentration",
        "key": 26753671
    },
    {
        "major": "Art B.A.",
        "key": 26753709
    },
    {
        "major": "Art History B.A.",
        "key": 26753710
    },
    {
        "major": "Asian Pacific Studies B.A.",
        "key": 26753707
    },
    {
        "major": "Audio Engineering, B.A.",
        "key": 26753701
    },
    {
        "major": "Behavioral Science B.A,",
        "key": 26753677
    },
    {
        "major": "Biochemistry B.S.",
        "key": 26753681
    },
    {
        "major": "Biology B.A.",
        "key": 26753682
    },
    {
        "major": "Biology B.S. Cellular & Molecular Biology Option",
        "key": 26753708
    },
    {
        "major": "Biology B.S. Ecology and Environmental Biology Option",
        "key": 26753684
    },
    {
        "major": "Biology B.S. Microbiology Option",
        "key": 26753685
    },
    {
        "major": "Business Administration B.S. Accounting Concentration",
        "key": 26753686
    },
    {
        "major": "Business Administration B.S. Business Analytics Concentration",
        "key": 26753687
    },
    {
        "major": "Business Administration B.S. Entrepreneurship Concentration",
        "key": 26753688
    },
    {
        "major": "Business Administration B.S. Finance Concentration",
        "key": 26753689
    },
    {
        "major": "Business Administration B.S. General Business Concentration",
        "key": 26753690
    },
    {
        "major": "Business Administration B.S. Global Supply Chain Management Concentration",
        "key": 26753706
    },
    {
        "major": "Business Administration B.S. Information Systems Concentration",
        "key": 26753692
    },
    {
        "major": "Business Administration B.S. Information Systems Security Concentration",
        "key": 26753691
    },
    {
        "major": "Business Administration B.S. International Business Concentration",
        "key": 26753699
    },
    {
        "major": "Business Administration B.S. Management and Human Resources Concentration",
        "key": 26753693
    },
    {
        "major": "Business Administration B.S. Marketing Concentration",
        "key": 26753694
    },
    {
        "major": "Business Administration B.S. Sports, Entertainment and Hospitality Concentration",
        "key": 26753695
    },
    {
        "major": "Chemistry B.A. Biochemistry Option",
        "key": 26753697
    },
    {
        "major": "Chemistry B.A. General Chemistry Option",
        "key": 26753698
    },
    {
        "major": "Chemistry B.S. ",
        "key": 26753696
    },
    {
        "major": "Chicana/Chicano Studies B.A.",
        "key": 26753700
    },
    {
        "major": "Child Development B.S.",
        "key": 26753703
    },
    {
        "major": "Clinical Science B.S. Cytotechnology Option",
        "key": 26753499
    },
    {
        "major": "Clinical Science B.S. Medical Technology Option",
        "key": 26753497
    },
    {
        "major": "Computer Science B.S.",
        "key": 26753571
    },
    {
        "major": "Computer Technology B.A. General Track",
        "key": 26753501
    },
    {
        "major": "Computer Technology B.A. Homeland Security Track",
        "key": 26753509
    },
    {
        "major": "Computer Technology B.A. Professional Track",
        "key": 26753503
    },
    {
        "major": "Criminal Justice Administration, B.S.",
        "key": 26753565
    },
    {
        "major": "Dance B.A.",
        "key": 26753583
    },
    {
        "major": "Design B.A.",
        "key": 26753577
    },
    {
        "major": "Earth Science B.S.",
        "key": 26753576
    },
    {
        "major": "English B.A. English Education Option",
        "key": 26753505
    },
    {
        "major": "English B.A. Language and Linguistics Option",
        "key": 26753506
    },
    {
        "major": "English B.A. Literature Option",
        "key": 26753507
    },
    {
        "major": "Film and Television Production B.A.",
        "key": 26753580
    },
    {
        "major": "Film, Television and Media, B.A",
        "key": 26753564
    },
    {
        "major": "Geography B.A.",
        "key": 26753573
    },
    {
        "major": "Health Science B.S. Community Health Option",
        "key": 26753512
    },
    {
        "major": "Health Science B.S. Health Care Management Option",
        "key": 26753513
    },
    {
        "major": "Health Science B.S. Radiologic Technology Option",
        "key": 26753522
    },
    {
        "major": "History B.A.",
        "key": 26753570
    },
    {
        "major": "History B.A. History/Social Science Education Option",
        "key": 26753572
    },
    {
        "major": "Human Services B.A.",
        "key": 26753563
    },
    {
        "major": "Human Services B.A. Mental Health Recovery Option",
        "key": 26753519
    },
    {
        "major": "Information Technology B.S. ",
        "key": 26753517
    },
    {
        "major": "Interdisciplinary Studies B.A. American Studies Concentration",
        "key": 26753521
    },
    {
        "major": "Interdisciplinary Studies B.A. Environmental Studies Concentration",
        "key": 26753523
    },
    {
        "major": "Interdisciplinary Studies B.A. Global Studies Concentration",
        "key": 26753524
    },
    {
        "major": "Interdisciplinary Studies B.A.Comparative Cultures Concentration",
        "key": 26753520
    },
    {
        "major": "Journalism, B.A.",
        "key": 26753567
    },
    {
        "major": "Labor Studies B.A.",
        "key": 26753528
    },
    {
        "major": "Liberal Studies B.A. Anthropology Option",
        "key": 26753529
    },
    {
        "major": "Liberal Studies B.A. Art Option",
        "key": 26753531
    },
    {
        "major": "Liberal Studies B.A. Dance Option",
        "key": 26753532
    },
    {
        "major": "Liberal Studies B.A. Early Teaching and Learning Option",
        "key": 26753533
    },
    {
        "major": "Liberal Studies B.A. Educating Children with Disabilities Option",
        "key": 26753575
    },
    {
        "major": "Liberal Studies B.A. English Language and Linguistics Option",
        "key": 26753534
    },
    {
        "major": "Liberal Studies B.A. English Literature Option",
        "key": 26753535
    },
    {
        "major": "Liberal Studies B.A. General Studies Option",
        "key": 26753536
    },
    {
        "major": "Liberal Studies B.A. Human Development Option",
        "key": 26753537
    },
    {
        "major": "Liberal Studies B.A. Mathematics Option",
        "key": 26753539
    },
    {
        "major": "Liberal Studies B.A. Natural Science Option",
        "key": 26753538
    },
    {
        "major": "Liberal Studies B.A. Physical Education Option",
        "key": 26753541
    },
    {
        "major": "Liberal Studies B.A. Spanish Option",
        "key": 26753540
    },
    {
        "major": "Liberal Studies B.A. Special Option",
        "key": 26753543
    },
    {
        "major": "Liberal Studies B.A. Theatre Arts Option",
        "key": 26753542
    },
    {
        "major": "Mathematics B.S. Mathematics Education Option",
        "key": 26753545
    },
    {
        "major": "Mathematics B.S. Mathematics Option",
        "key": 26753544
    },
    {
        "major": "Music B.A. General Music Option",
        "key": 26753546
    },
    {
        "major": "Music B.A. Music Education Option",
        "key": 26753547
    },
    {
        "major": "Music B.A. Performance Option",
        "key": 26753548
    },
    {
        "major": "Negotiation, Conflict Resolution, And Peacebuilding B.A. ",
        "key": 26753549
    },
    {
        "major": "Nursing B.S. ",
        "key": 26753550
    },
    {
        "major": "Organizational Leadership Studies B.S.",
        "key": 26753578
    },
    {
        "major": "Philosophy B.A. Philosophy Option",
        "key": 26753551
    },
    {
        "major": "Philosophy B.A. Religious Thought Option",
        "key": 26753568
    },
    {
        "major": "Physical Education B.A. Fitness Director Option",
        "key": 26753526
    },
    {
        "major": "Physical Education B.A. Pre-Physical Therapy Option",
        "key": 26753527
    },
    {
        "major": "Physical Education B.A. Teaching Option",
        "key": 26753530
    },
    {
        "major": "Physics B.S. Electrical Engineering Option",
        "key": 26753554
    },
    {
        "major": "Physics B.S. General Physics Option",
        "key": 26753552
    },
    {
        "major": "Physics B.S. Physical Science Option",
        "key": 26753553
    },
    {
        "major": "Political Science B.A. Political Science Concentration",
        "key": 26753566
    },
    {
        "major": "Psychology B.A. ",
        "key": 26753555
    },
    {
        "major": "Public Administration B.S. Criminal Justice Administration Concentration",
        "key": 26753556
    },
    {
        "major": "Public Administration B.S. Health Services Administration Concentration",
        "key": 26753557
    },
    {
        "major": "Public Administration B.S. Public Financial Management Concentration",
        "key": 26753560
    },
    {
        "major": "Public Administration B.S. Public Management Concentration",
        "key": 26753574
    },
    {
        "major": "Public Administration B.S. Public Personnel Administration Concentration",
        "key": 26753558
    },
    {
        "major": "Sociology B.A. ",
        "key": 26753559
    },
    {
        "major": "Spanish B.A. Linguistics Option",
        "key": 26753561
    },
    {
        "major": "Spanish B.A. Literature Option",
        "key": 26753562
    },
    {
        "major": "Theatre Arts B.A. ",
        "key": 26753579
    },
    {
        "major": "Woman's Studies B.A.",
        "key": 26753569
    }
]