[
    {
        "major": "American Indian Studies",
        "key": 25860955
    },
    {
        "major": "Anthropology",
        "key": 25860822
    },
    {
        "major": "Applied Physics - Applied Electronics Option",
        "key": 25860946
    },
    {
        "major": "Applied Physics - General Option",
        "key": 25861108
    },
    {
        "major": "Art, Media, and Design, Art and Visual Culture Option",
        "key": 25861135
    },
    {
        "major": "Art, Media, and Design, Digital and Media Arts Option",
        "key": 25861125
    },
    {
        "major": "Biochemistry",
        "key": 25860830
    },
    {
        "major": "Biological Sciences",
        "key": 25860840
    },
    {
        "major": "Biotechnology",
        "key": 25860848
    },
    {
        "major": "Business Administration - All Options",
        "key": 25861101
    },
    {
        "major": "Chemistry, Chemistry Education Option",
        "key": 25860856
    },
    {
        "major": "Chemistry, General Chemistry Option",
        "key": 25860862
    },
    {
        "major": "Child and Adolescent Development, B.A.",
        "key": 25860869
    },
    {
        "major": "Communication",
        "key": 25860875
    },
    {
        "major": "Computer Science - CIS Option",
        "key": 25861039
    },
    {
        "major": "Computer Science - CS Option",
        "key": 25860938
    },
    {
        "major": "Criminology and Justice Studies",
        "key": 25860879
    },
    {
        "major": "Economics",
        "key": 25860887
    },
    {
        "major": "Electrical Engineering",
        "key": 25861092
    },
    {
        "major": "Environmental Studies",
        "key": 25861047
    },
    {
        "major": "Ethnic Studies",
        "key": 25860962
    },
    {
        "major": "Geography",
        "key": 25861179
    },
    {
        "major": "Global Studies",
        "key": 25860894
    },
    {
        "major": "History",
        "key": 25860901
    },
    {
        "major": "History Single-Subject Preparation for Teaching Option",
        "key": 25860970
    },
    {
        "major": "Human Development, All Options",
        "key": 25861116
    },
    {
        "major": "Kinesiology - Health Science Option",
        "key": 25861029
    },
    {
        "major": "Kinesiology - Movement Science Option",
        "key": 25861022
    },
    {
        "major": "Liberal Studies, Integrated Teacher Education Program Option (ITEP)",
        "key": 25861163
    },
    {
        "major": "Liberal Studies, Teaching - Elementary Subject Matter Preparation",
        "key": 25861153
    },
    {
        "major": "Literature and Writing Studies",
        "key": 25860905
    },
    {
        "major": "Mathematics",
        "key": 25860916
    },
    {
        "major": "Media Studies",
        "key": 25860977
    },
    {
        "major": "Music ",
        "key": 25860985
    },
    {
        "major": "Nursing, All Options",
        "key": 25861056
    },
    {
        "major": "Political Science",
        "key": 25860921
    },
    {
        "major": "Psychological Science",
        "key": 25860990
    },
    {
        "major": "Social Sciences",
        "key": 25861003
    },
    {
        "major": "Sociology, Aging and the Life Course Concentration",
        "key": 25861086
    },
    {
        "major": "Sociology, Children, Youth, and Families Concentration",
        "key": 25861079
    },
    {
        "major": "Sociology, Critical Race Studies Concentration",
        "key": 25861076
    },
    {
        "major": "Sociology, Health, Education, and Welfare Concentration",
        "key": 25861068
    },
    {
        "major": "Sociology, Standard Concentration",
        "key": 25861060
    },
    {
        "major": "Software Engineering",
        "key": 25861012
    },
    {
        "major": "Spanish",
        "key": 25860929
    },
    {
        "major": "Theatre",
        "key": 25861172
    },
    {
        "major": "Women's, Gender, and Sexuality Studies",
        "key": 25861142
    }
]