[
    {
        "major": "Anthropology B.A.",
        "key": 26873075
    },
    {
        "major": "Art B.A. - Art Education Concentration",
        "key": 26873080
    },
    {
        "major": "Art B.A. - Art History & Museum Studies Concentration",
        "key": 26873172
    },
    {
        "major": "Art B.A. - Art Studio Concentration",
        "key": 26873088
    },
    {
        "major": "Art B.F.A. - Fine Arts ",
        "key": 26873144
    },
    {
        "major": "Biology B.S. - Cellular/Molecular Biology Concentration",
        "key": 26873095
    },
    {
        "major": "Biology B.S. - Ecology Concentration",
        "key": 26873150
    },
    {
        "major": "Biology B.S. - General Biology Concentration",
        "key": 26873101
    },
    {
        "major": "Biology B.S. - Marine Biology Concentration",
        "key": 26873109
    },
    {
        "major": "Biology B.S. - Microbiology Concentration",
        "key": 26873110
    },
    {
        "major": "Biology B.S. - Science Education Concentration",
        "key": 26873112
    },
    {
        "major": "Botany B.S.",
        "key": 26873089
    },
    {
        "major": "Business Administration B.S. - Accounting Concentration",
        "key": 26873081
    },
    {
        "major": "Business Administration B.S. - Economics Concentration",
        "key": 26873085
    },
    {
        "major": "Business Administration B.S. - Finance Concentration",
        "key": 26873087
    },
    {
        "major": "Business Administration B.S. - Marketing Concentration",
        "key": 26873086
    },
    {
        "major": "Business Administration B.S. - New Venture Management Concentration",
        "key": 26873149
    },
    {
        "major": "Chemistry B.A.",
        "key": 26873111
    },
    {
        "major": "Chemistry B.S.",
        "key": 26873113
    },
    {
        "major": "Chemistry B.S. - Biochemistry Concentration",
        "key": 26873115
    },
    {
        "major": "Child Development & Family Relations B.A. - Child & Family Services Concentration",
        "key": 26873158
    },
    {
        "major": "Child Development & Family Relations B.A. - Specialized Studies Concentration",
        "key": 26873155
    },
    {
        "major": "Child Development & Family Relations B.A. - Teaching Concentration",
        "key": 26873152
    },
    {
        "major": "Communication B.A.",
        "key": 26873114
    },
    {
        "major": "Computer Science B.S.",
        "key": 26873117
    },
    {
        "major": "Criminology and Justice Studies B.A.",
        "key": 26873116
    },
    {
        "major": "Critical Race, Gender & Sexuality Studies B.A.",
        "key": 26873119
    },
    {
        "major": "Dance Studies [Interdisciplinary Studies B.A - Dance Studies Concentration]",
        "key": 26873163
    },
    {
        "major": "Economics B.A.",
        "key": 26873156
    },
    {
        "major": "English B.A.",
        "key": 26873167
    },
    {
        "major": "English B.A. - English Education Concentration",
        "key": 26873168
    },
    {
        "major": "Environmental Resource Engineering B.S.",
        "key": 26873118
    },
    {
        "major": "Environmental Science & Management - Ecological Restoration",
        "key": 26873143
    },
    {
        "major": "Environmental Science & Management - Energy & Climate",
        "key": 26873145
    },
    {
        "major": "Environmental Science & Management - Environmental Education & Interpretation",
        "key": 26873146
    },
    {
        "major": "Environmental Science & Management - Environmental Planning & Policy",
        "key": 26872720
    },
    {
        "major": "Environmental Science & Management - Geospatial Science",
        "key": 26872721
    },
    {
        "major": "Environmental Studies B.A.",
        "key": 26872663
    },
    {
        "major": "Film B.A.",
        "key": 26872662
    },
    {
        "major": "Fisheries Biology B.S. - Aquaculture Concentration",
        "key": 26872723
    },
    {
        "major": "Fisheries Biology B.S. - Freshwater Fisheries Concentration",
        "key": 26872665
    },
    {
        "major": "Fisheries Biology B.S. - Marine Fisheries Concentration",
        "key": 26872667
    },
    {
        "major": "Forestry B.S. - Forest Hydrology Concentration",
        "key": 26872675
    },
    {
        "major": "Forestry B.S. - Forest Operations Concentration",
        "key": 26872671
    },
    {
        "major": "Forestry B.S. - Forest Restoration Concentration",
        "key": 26872722
    },
    {
        "major": "Forestry B.S. - Forest Soils Concentration",
        "key": 26872674
    },
    {
        "major": "Forestry B.S. - Tribal Forestry Concentration",
        "key": 26872725
    },
    {
        "major": "Forestry B.S. - Wildland Fire Management Concentration",
        "key": 26872683
    },
    {
        "major": "French & Francophone Studies B.A.",
        "key": 26872681
    },
    {
        "major": "Geography B.A.",
        "key": 26872685
    },
    {
        "major": "Geology B.A. - Geosciences Concentration",
        "key": 26872686
    },
    {
        "major": "Geology B.S.",
        "key": 26872689
    },
    {
        "major": "History B.A.",
        "key": 26872687
    },
    {
        "major": "History B.A. - History Education Concentration",
        "key": 26872688
    },
    {
        "major": "International Studies B.A. - Chinese Studies Concentration",
        "key": 26872691
    },
    {
        "major": "International Studies B.A. - Development Studies Concentration",
        "key": 26872730
    },
    {
        "major": "International Studies B.A. - European Studies Concentration",
        "key": 26872690
    },
    {
        "major": "International Studies B.A. - Global Cultural Studies Concentration",
        "key": 26872692
    },
    {
        "major": "International Studies B.A. - Latin American Studies Concentration",
        "key": 26872695
    },
    {
        "major": "Journalism B.A. - News Concentration",
        "key": 26872693
    },
    {
        "major": "Journalism B.A. - Public Relations Concentration",
        "key": 26872694
    },
    {
        "major": "Kinesiology B.S. - Exercise Science Concentration",
        "key": 26872731
    },
    {
        "major": "Kinesiology B.S. - Health Promotion Concentration",
        "key": 26872732
    },
    {
        "major": "Kinesiology B.S. - Physical Education Teaching Concentration",
        "key": 26872696
    },
    {
        "major": "Kinesiology B.S. - Pre-Health Professions Concentration",
        "key": 26872733
    },
    {
        "major": "Leadership Studies [Interdisciplinary Studies B.A. - Leadership Studies Concentration]",
        "key": 26872735
    },
    {
        "major": "Liberal Studies B.A. - Child Development/Elementary Education Concentration",
        "key": 26872734
    },
    {
        "major": "Liberal Studies B.A. - Elementary Education Concentration",
        "key": 26872698
    },
    {
        "major": "Mathematics B.A.",
        "key": 26872697
    },
    {
        "major": "Music B.A. - Composition Concentration",
        "key": 26872699
    },
    {
        "major": "Music B.A. - Music Education Concentration",
        "key": 26872700
    },
    {
        "major": "Music B.A. - Music Studies Concentration",
        "key": 26872701
    },
    {
        "major": "Music B.A. - Performance Concentration",
        "key": 26872702
    },
    {
        "major": "Native American Studies B.A.",
        "key": 26872703
    },
    {
        "major": "Nursing B.S.N. (RN-BSN)",
        "key": 26872737
    },
    {
        "major": "Oceanography B.S.",
        "key": 26872707
    },
    {
        "major": "Philosophy B.A.",
        "key": 26872705
    },
    {
        "major": "Physical Science B.A.",
        "key": 26872724
    },
    {
        "major": "Physics B.S.",
        "key": 26872704
    },
    {
        "major": "Physics B.S. - Astronomy Concentration",
        "key": 26872708
    },
    {
        "major": "Political Science B.A. - Global Politics Concentration",
        "key": 26872729
    },
    {
        "major": "Political Science B.A. - Law & Policy Concentration",
        "key": 26872726
    },
    {
        "major": "Political Science B.A. - Politics of Environment & Sustainability Concentration",
        "key": 26872727
    },
    {
        "major": "Political Science B.A. - Traditional Concentration",
        "key": 26872728
    },
    {
        "major": "Psychology B.A.",
        "key": 26872706
    },
    {
        "major": "Rangeland Resource Science B.S.",
        "key": 26872709
    },
    {
        "major": "Rangeland Resource Science B.S. - Wildland Soil Science Concentration",
        "key": 26872711
    },
    {
        "major": "Recreation Administration B.A.",
        "key": 26872713
    },
    {
        "major": "Religious Studies B.A.",
        "key": 26872710
    },
    {
        "major": "Social Work B.A.",
        "key": 26872714
    },
    {
        "major": "Sociology B.A.",
        "key": 26872712
    },
    {
        "major": "Spanish B.A.",
        "key": 26872715
    },
    {
        "major": "Theatre Arts B.A.",
        "key": 26872716
    },
    {
        "major": "Wildlife B.S. - Conservation Biology/Applied Vertebrate Ecology Concentration",
        "key": 26872717
    },
    {
        "major": "Wildlife B.S. - Wildlife Management & Conservation Concentration",
        "key": 26872718
    },
    {
        "major": "Zoology B.S.",
        "key": 26872719
    }
]