[
    {
        "major": "Aerospace Engineering",
        "key": 7962406
    },
    {
        "major": "Anthropology",
        "key": 7962407
    },
    {
        "major": "Art - Emphasis in Applied Design",
        "key": 7962408
    },
    {
        "major": "Art - Emphasis in Art History",
        "key": 7962409
    },
    {
        "major": "Art - Emphasis in Interior Design",
        "key": 7962410
    },
    {
        "major": "Art - Emphasis in Multimedia",
        "key": 7962411
    },
    {
        "major": "Art - Emphasis in Painting and Printmaking",
        "key": 7962412
    },
    {
        "major": "Art - Emphasis in Sculpture",
        "key": 7962413
    },
    {
        "major": "Art - Emphasis in Studio Arts",
        "key": 7962414
    },
    {
        "major": "Art - for the Single Subject Teaching Credential",
        "key": 7962415
    },
    {
        "major": "Art -- Emphasis in Graphic Design",
        "key": 7962416
    },
    {
        "major": "Biology",
        "key": 7962419
    },
    {
        "major": "Biology - Emphasis in Bioengineering",
        "key": 7962418
    },
    {
        "major": "Business Administration",
        "key": 7962420
    },
    {
        "major": "Chemical Physics",
        "key": 7962428
    },
    {
        "major": "Chemistry - Emphasis in Biochemistry",
        "key": 7962426
    },
    {
        "major": "Chemistry with a BA Degree",
        "key": 7962425
    },
    {
        "major": "Chemistry-BA with Certificate of the American Chemical Society",
        "key": 7962424
    },
    {
        "major": "Chemistry-BS with Certificate of the American Chemical Society",
        "key": 7962427
    },
    {
        "major": "Child Development",
        "key": 7962421
    },
    {
        "major": "Civil Engineering",
        "key": 7962422
    },
    {
        "major": "Communication",
        "key": 7962438
    },
    {
        "major": "Communication - Emphasis in Telecommunications and Film",
        "key": 7962440
    },
    {
        "major": "Computer Engineering",
        "key": 7962441
    },
    {
        "major": "Computer Science",
        "key": 7962423
    },
    {
        "major": "Construction Engineering",
        "key": 7962443
    },
    {
        "major": "Criminal Justice",
        "key": 7962430
    },
    {
        "major": "Economics",
        "key": 7962449
    },
    {
        "major": "Economics - Emphasis in International Economics",
        "key": 7962446
    },
    {
        "major": "Economics - Emphasis in Public Policy",
        "key": 7962447
    },
    {
        "major": "Economics - Specialization in Quantitative Analysis",
        "key": 7962448
    },
    {
        "major": "Electrical Engineering",
        "key": 7962445
    },
    {
        "major": "English -- Single Subject Teaching",
        "key": 7962450
    },
    {
        "major": "English, B.A. Liberal Arts",
        "key": 7962451
    },
    {
        "major": "Environmental Engineering",
        "key": 7962452
    },
    {
        "major": "Environmental Sciences",
        "key": 7962453
    },
    {
        "major": "Environmental Sciences - Emphasis in Watershed Science",
        "key": 7962454
    },
    {
        "major": "Foods and Nutrition",
        "key": 7962455
    },
    {
        "major": "Geography - Emphasis in Geographic Information Science",
        "key": 7962460
    },
    {
        "major": "Geography - Emphasis in Methods of Geographic Analysis",
        "key": 7962458
    },
    {
        "major": "Geography - Emphasis in Physical Geography",
        "key": 7962461
    },
    {
        "major": "Geography - Emphasis in Urban and Regional Analysis",
        "key": 7962462
    },
    {
        "major": "Geography - General",
        "key": 7962459
    },
    {
        "major": "Geography - Nat Resource and Environmental Geog (Analysis)",
        "key": 7962456
    },
    {
        "major": "Geography - Nat Resource and Environmental Geog (Policy)",
        "key": 7962457
    },
    {
        "major": "Geological Science - Emphasis in Geochemistry",
        "key": 7962465
    },
    {
        "major": "Geological Science - Emphasis in Marine Geology",
        "key": 7962469
    },
    {
        "major": "Geological Sciences - Emphasis in Engineering Geology",
        "key": 7962463
    },
    {
        "major": "Geological Sciences - Emphasis in Geophysics",
        "key": 7962466
    },
    {
        "major": "Geological Sciences - Emphasis in Hydrogeology",
        "key": 7962468
    },
    {
        "major": "Geological Sciences - Emphasis in Paleontology",
        "key": 7962470
    },
    {
        "major": "Geological Sciences - General",
        "key": 7962464
    },
    {
        "major": "Gerontology",
        "key": 7962473
    },
    {
        "major": "Health Science - Emphasis in Public Health",
        "key": 7962475
    },
    {
        "major": "History",
        "key": 7962474
    },
    {
        "major": "Hospitality and Tourism Management-Emphasis in Tribal Gaming Oper & Mgt",
        "key": 7962479
    },
    {
        "major": "International Business",
        "key": 7962481
    },
    {
        "major": "Journalism",
        "key": 7962485
    },
    {
        "major": "Journalism - Emphasis in Advertising",
        "key": 7962433
    },
    {
        "major": "Journalism - Emphasis in Media Studies",
        "key": 7962436
    },
    {
        "major": "Journalism - Emphasis in Public Relations",
        "key": 7962437
    },
    {
        "major": "Kinesiology - Emphasis in Athletic Training",
        "key": 7962486
    },
    {
        "major": "Kinesiology - Emphasis in Fitness Specialist",
        "key": 7962487
    },
    {
        "major": "Kinesiology - Emphasis in Physical Education",
        "key": 7962488
    },
    {
        "major": "Kinesiology - Pre-Physical Therapy Rehabilitative Science",
        "key": 7962489
    },
    {
        "major": "Kinesiology-Emphasis in Prephysical Therapy",
        "key": 7962490
    },
    {
        "major": "Liberal Studies",
        "key": 7962491
    },
    {
        "major": "Mechanical Engineering",
        "key": 7962494
    },
    {
        "major": "Microbiology",
        "key": 7962495
    },
    {
        "major": "Nursing",
        "key": 7962498
    },
    {
        "major": "Political Science",
        "key": 7962501
    },
    {
        "major": "Psychology - B.A. Liberal",
        "key": 7962502
    },
    {
        "major": "Public Administration",
        "key": 7962504
    },
    {
        "major": "Recreation Administration-Emphasis in Outdoor Resource Mgt",
        "key": 7962505
    },
    {
        "major": "Recreation Administration-Emphasis in Recreation Systems Mgt",
        "key": 7962506
    },
    {
        "major": "Religious Studies",
        "key": 7962508
    },
    {
        "major": "Social Science",
        "key": 7962513
    },
    {
        "major": "Social Science - Single Subject Teaching",
        "key": 7962512
    },
    {
        "major": "Social Work",
        "key": 7962514
    },
    {
        "major": "Sociology",
        "key": 7962515
    },
    {
        "major": "Spanish",
        "key": 7962517
    },
    {
        "major": "Spanish - Single Subject Teaching",
        "key": 7962516
    },
    {
        "major": "Television, Film and New Media-Emphasis in Production",
        "key": 7962518
    },
    {
        "major": "Theatre Arts - Design and Technology for the Theatre",
        "key": 7962520
    },
    {
        "major": "Theatre Arts - Emphasis in Design for Television and Film",
        "key": 7962521
    },
    {
        "major": "Theatre Arts - Emphasis in Performance",
        "key": 7962523
    },
    {
        "major": "Theatre Arts - Emphasis in Youth Theatre",
        "key": 7962519
    },
    {
        "major": "Theatre Arts General Program",
        "key": 7962522
    },
    {
        "major": "Urban Studies",
        "key": 7962532
    },
    {
        "major": "Women's Studies",
        "key": 7962533
    }
]