[
    {
        "major": "Africana Studies, B.A.",
        "key": "74/127/to/116/Major/23399ec7-ac05-4a6e-8688-4e5f671d7f35"
    },
    {
        "major": "American Indian Studies, B.A.",
        "key": "74/127/to/116/Major/1ddda8e9-6b58-4312-a12c-74c4cef5d534"
    },
    {
        "major": "American Studies, B.A.",
        "key": "74/127/to/116/Major/5af9e032-6dfe-402d-984d-843e23760733"
    },
    {
        "major": "Anthropology, B.A.",
        "key": "74/127/to/116/Major/8e2ed149-a830-4605-8ce1-00c90de392bf"
    },
    {
        "major": "Apparel Design and Merchandising: Concentration in Design, B.S.",
        "key": "74/127/to/116/Major/4a39dc70-3f8a-481d-8040-14ff84cdc0ba"
    },
    {
        "major": "Apparel Design and Merchandising: Concentration in Merchandising, B.S.",
        "key": "74/127/to/116/Major/c49f62b1-d465-4be0-9b51-93f37a813a69"
    },
    {
        "major": "Art History, B.A.",
        "key": "74/127/to/116/Major/bdfecf16-e57c-4157-a9a2-f9c342fa4179"
    },
    {
        "major": "Art: Concentration in Art History and Studio Art, B.A.",
        "key": "74/127/to/116/Major/c870622c-16bd-43ac-a3d6-3c4b7c0b4009"
    },
    {
        "major": "Art: Concentration in Studio Art, B.A.",
        "key": "74/127/to/116/Major/b497cc3b-d1d3-412b-a264-88bcdc66022f"
    },
    {
        "major": "Asian American Studies, B.A.",
        "key": "74/127/to/116/Major/355b77bd-166b-4752-8a66-660d81dda3d6"
    },
    {
        "major": "Bilingual Spanish Journalism, B.A.",
        "key": "74/127/to/116/Major/d2c41692-ad18-427f-a63e-5045319fa32b"
    },
    {
        "major": "Biochemistry, B.S.",
        "key": "74/127/to/116/Major/05aa49f9-ed18-4296-830b-de5e971941bf"
    },
    {
        "major": "Biology: Concentration in Cell & Molecular Biology, B.S.",
        "key": "74/127/to/116/Major/976c5261-118f-4507-8d5e-14d7204a4723"
    },
    {
        "major": "Biology: Concentration in Ecology, Evolution and Conservation Biology, B.S.",
        "key": "74/127/to/116/Major/ef784b27-01a0-4c6f-a01e-882dbbec6850"
    },
    {
        "major": "Biology: Concentration in Marine Science, B.S.",
        "key": "74/127/to/116/Major/1ebdda87-06f9-45bc-84d3-16cf207d330f"
    },
    {
        "major": "Biology: Concentration in Microbiology, B.S.",
        "key": "74/127/to/116/Major/54b65fc4-b7e6-4f27-bd3e-cf9f61b9d71c"
    },
    {
        "major": "Biology: Concentration in Physiology, B.S.",
        "key": "74/127/to/116/Major/b3f3cb7d-8e73-4911-82f9-afa323e8b3fb"
    },
    {
        "major": "Biology: General, B.A.",
        "key": "74/127/to/116/Major/1055cd18-7bb7-40b5-9466-c15b8efc87a1"
    },
    {
        "major": "Broadcast and Electronic Communication Arts, B.A.",
        "key": "74/127/to/116/Major/5c1ed023-3c28-4208-bab5-fe5a08f340ec"
    },
    {
        "major": "Business Administration: Concentration in Accounting, B.S.",
        "key": "74/127/to/116/Major/c9ee2ec4-5abf-452e-bd2b-e8ee8002ff1b"
    },
    {
        "major": "Business Administration: Concentration in Decision Sciences, B.S.",
        "key": "74/127/to/116/Major/754180bf-5f45-4114-8be9-cbe047351552"
    },
    {
        "major": "Business Administration: Concentration in Finance, B.S.",
        "key": "74/127/to/116/Major/cc54ca34-97d4-4489-b8de-f39cf2ff2df1"
    },
    {
        "major": "Business Administration: Concentration in General Business, B.S.",
        "key": "74/127/to/116/Major/a389f798-2cc0-49d2-8be4-9dc027bc58b8"
    },
    {
        "major": "Business Administration: Concentration in Information Systems, B.S.",
        "key": "74/127/to/116/Major/4bcc8da6-cf2b-445d-b472-5dd0b5ecfd1e"
    },
    {
        "major": "Business Administration: Concentration in International Business, B.S.",
        "key": "74/127/to/116/Major/99a62feb-57a8-4c88-956c-e98a4b1d1353"
    },
    {
        "major": "Business Administration: Concentration in Management, B.S.",
        "key": "74/127/to/116/Major/57039dab-0caf-46e4-9f28-b16325492d8d"
    },
    {
        "major": "Business Administration: Concentration in Marketing, B.S.",
        "key": "74/127/to/116/Major/c48bf600-d36f-4989-8948-c0f6c664d774"
    },
    {
        "major": "Chemistry, B.A.",
        "key": "74/127/to/116/Major/b7856c7b-534d-4360-b2cd-b7f54ba29fa3"
    },
    {
        "major": "Chemistry, B.S.",
        "key": "74/127/to/116/Major/7bf5eec0-bbcf-45d2-91f8-fc1b0117378a"
    },
    {
        "major": "Child Development Pre-K to 3rd Grade, B.A.",
        "key": "74/127/to/116/Major/ef98271a-efd7-44f5-06df-08dbdfe94f52"
    },
    {
        "major": "Child and Adolescent Development: Concentration in Community, Health and Social Services, B.A.",
        "key": "74/127/to/116/Major/b022809f-ef45-4ce6-90cd-480d665d9d8d"
    },
    {
        "major": "Child and Adolescent Development: Concentration in Early Care and Education, B.A.",
        "key": "74/127/to/116/Major/719e2f14-822d-4a24-9f26-bb0470b13add"
    },
    {
        "major": "Child and Adolescent Development: Concentration in Elementary Education Teaching Pre-Credential, B.A.",
        "key": "74/127/to/116/Major/dacecd1f-0ea0-4db6-a584-4dc6027f4217"
    },
    {
        "major": "Chinese: Concentration in Chinese Language, B.A.",
        "key": "74/127/to/116/Major/a7a7ce11-8a03-418f-b19c-0d0fd957534f"
    },
    {
        "major": "Chinese: Concentration in Chinese Literature and Linguistics, B.A.",
        "key": "74/127/to/116/Major/b1c100ab-23b3-4d57-889e-3f3bd4d7b8fb"
    },
    {
        "major": "Chinese: Concentration in Flagship Chinese Language, B.A.",
        "key": "74/127/to/116/Major/5046b97c-c7b7-4ac2-af29-382a239b018a"
    },
    {
        "major": "Cinema, B.A.",
        "key": "74/127/to/116/Major/f0da4b77-795b-4c28-a78d-6ad301ae00cb"
    },
    {
        "major": "Civil Engineering, B.S.",
        "key": "74/127/to/116/Major/6d34bd14-ee66-4651-8be4-bcdbc8174a05"
    },
    {
        "major": "Classics, B.A.",
        "key": "74/127/to/116/Major/a949c7a3-bbdd-4c53-b1f1-72d32441d579"
    },
    {
        "major": "Communication Studies, B.A.",
        "key": "74/127/to/116/Major/f8887617-ac4a-49cd-82d5-5fbb88b07472"
    },
    {
        "major": "Comparative and World Literature, B.A.",
        "key": "74/127/to/116/Major/98c4a5fb-441b-41fe-a391-428174954ef6"
    },
    {
        "major": "Computer Engineering, B.S.",
        "key": "74/127/to/116/Major/a82f7b34-37dd-4541-8d01-fdaa3ffa4f00"
    },
    {
        "major": "Computer Science, B.S.",
        "key": "74/127/to/116/Major/a28bb0d3-0469-4dce-b3cb-2589b9c92a5f"
    },
    {
        "major": "Creative Writing, B.A.",
        "key": "74/127/to/116/Major/5e05cd00-35d2-45a3-91dd-b07712b009f3"
    },
    {
        "major": "Criminal Justice Studies, B.A.",
        "key": "74/127/to/116/Major/66748711-c7b5-43d8-8f71-04b24b61a5ae"
    },
    {
        "major": "Dance, B.A.",
        "key": "74/127/to/116/Major/44c80310-caa5-4d9f-82a9-0a5668fb9208"
    },
    {
        "major": "Earth Sciences, B.A.",
        "key": "74/127/to/116/Major/22f02108-95a2-4646-999e-649926b255b4"
    },
    {
        "major": "Earth Sciences, B.S.",
        "key": "74/127/to/116/Major/bcf92d1c-b4b0-41e1-9895-4c7ffa131935"
    },
    {
        "major": "Economics, B.A.",
        "key": "74/127/to/116/Major/cd7d1c52-9f02-4a35-9a02-a9e597416732"
    },
    {
        "major": "Electrical Engineering, B.S.",
        "key": "74/127/to/116/Major/fc182f4b-9eac-46f8-a4e7-3bdbcfbdd708"
    },
    {
        "major": "English: Concentration in English Education, B.A.",
        "key": "74/127/to/116/Major/62ecb099-699a-418c-8224-56edb9c6b95a"
    },
    {
        "major": "English: Concentration in Linguistics, B.A.",
        "key": "74/127/to/116/Major/54d3e8cd-e5e9-40ab-a0ae-d71230d5a7cb"
    },
    {
        "major": "English: Concentration in Literature, B.A.",
        "key": "74/127/to/116/Major/f8b6b359-2112-4432-8a6e-a0704cfc27c0"
    },
    {
        "major": "English: Concentration in Professional Writing and Rhetoric, B.A.",
        "key": "74/127/to/116/Major/6a6afa53-4f30-4adc-a81d-4bb3319f66ff"
    },
    {
        "major": "Environmental Science, B.S.",
        "key": "74/127/to/116/Major/c0de501f-e37a-40db-b7e0-6686ba5c6394"
    },
    {
        "major": "Environmental Studies, B.A.",
        "key": "74/127/to/116/Major/68e36e4a-dd33-4f9f-9a92-752351f49bb6"
    },
    {
        "major": "Environmental Studies: Concentration in Natural Resource Management and Conservation, B.S.",
        "key": "74/127/to/116/Major/e9fd2ebf-750d-471c-a006-1b44b017a82d"
    },
    {
        "major": "Family and Community Sciences, B.A.",
        "key": "74/127/to/116/Major/64d102e4-1fe7-407e-a36c-cc3e984dd960"
    },
    {
        "major": "French, B.A.",
        "key": "74/127/to/116/Major/74f12bc2-2a23-4d2d-af71-385d958c8f87"
    },
    {
        "major": "Geography, B.A.",
        "key": "74/127/to/116/Major/f19b77c5-dba9-42b8-b252-645405be6bef"
    },
    {
        "major": "German, B.A.",
        "key": "74/127/to/116/Major/586c9449-b3a6-4f8e-91eb-0e0b41a2f516"
    },
    {
        "major": "History, B.A.",
        "key": "74/127/to/116/Major/dc9adf26-8112-4c09-8043-9ed7ecefd18e"
    },
    {
        "major": "Hospitality and Tourism Management, B.S.",
        "key": "74/127/to/116/Major/388cdafc-e731-4e8c-ad1e-7cb655de1cd1"
    },
    {
        "major": "Humanities, B.A.",
        "key": "74/127/to/116/Major/44066174-3e81-44c6-8f2c-a4c14aa96ac6"
    },
    {
        "major": "Industrial Design: Concentration in Product Design and Development, B.S.",
        "key": "74/127/to/116/Major/e54374c7-63fe-4bb9-b3cd-d90a52108be7"
    },
    {
        "major": "Interior Design, B.S.",
        "key": "74/127/to/116/Major/f43783a0-f56a-4ee7-8a25-59a2d3f92d78"
    },
    {
        "major": "International Relations, B.A.",
        "key": "74/127/to/116/Major/a54cb3fe-6caf-4272-9892-a38c9d4fbc13"
    },
    {
        "major": "Italian, B.A.",
        "key": "74/127/to/116/Major/925f8ddf-edcc-4370-a6b6-cf9b05d48e5b"
    },
    {
        "major": "Japanese, B.A.",
        "key": "74/127/to/116/Major/31c79683-df4b-49d6-974b-d11fee64b74f"
    },
    {
        "major": "Journalism: Concentration in Photojournalism, B.A.",
        "key": "74/127/to/116/Major/38f85fc7-3210-4b51-9fd6-7f418b5f94d0"
    },
    {
        "major": "Journalism: Concentration in Print and Online Journalism, B.A.",
        "key": "74/127/to/116/Major/c884742e-9116-48e1-9867-6740fc76e2a8"
    },
    {
        "major": "Kinesiology: Concentration in Exercise and Movement Sciences, B.S.",
        "key": "74/127/to/116/Major/59a5eeea-60b5-4d41-b077-c17890e66d5b"
    },
    {
        "major": "Kinesiology: Concentration in Integrated Teacher Education Program in Physical Education, B.S.",
        "key": "74/127/to/116/Major/051ed05d-60eb-44b9-847e-8b91e578c8b8"
    },
    {
        "major": "Labor and Employment Studies, B.A.",
        "key": "74/127/to/116/Major/252b40c1-526b-404d-a275-7b2d6e5f1b6b"
    },
    {
        "major": "Latina/o Studies, B.A.",
        "key": "74/127/to/116/Major/a8b0b476-72c0-42a5-b689-93de798e8400"
    },
    {
        "major": "Liberal Studies Integrated Teacher Preparation, B.A.",
        "key": "74/127/to/116/Major/13814561-0276-4270-b40e-dc6740e96dd8"
    },
    {
        "major": "Liberal Studies, B.A.",
        "key": "74/127/to/116/Major/82b06ba4-3fff-4e82-bd5c-9d6a398a3542"
    },
    {
        "major": "Mathematics, Applied B.S.",
        "key": "74/127/to/116/Major/88df9e0d-fbd9-45b0-bdfc-158ac99ee83b"
    },
    {
        "major": "Mathematics: Concentration in Mathematics for Advanced Study, B.A.",
        "key": "74/127/to/116/Major/87fb110b-c78d-4ddb-8013-cb4b2a1662bc"
    },
    {
        "major": "Mathematics: Concentration in Mathematics for Liberal Arts, B.A.",
        "key": "74/127/to/116/Major/bb236c3d-7ead-4372-a9fc-675f7627cf67"
    },
    {
        "major": "Mathematics: Concentration in Mathematics for Teaching, B.A.",
        "key": "74/127/to/116/Major/8d32664e-0e2d-456d-8736-ab072125ebda"
    },
    {
        "major": "Mechanical Engineering, B.S.",
        "key": "74/127/to/116/Major/1b759779-ef2d-465d-aa95-328ed5216362"
    },
    {
        "major": "Modern Jewish Studies, B.A.",
        "key": "74/127/to/116/Major/9a40e40c-5303-426d-bc92-4a707bf6adbb"
    },
    {
        "major": "Music, B.A.",
        "key": "74/127/to/116/Major/131c19f0-b4c7-4cd5-a782-cbb5c2a87e1e"
    },
    {
        "major": "Music, B.M.",
        "key": "74/127/to/116/Major/571f45d0-d744-49b6-95ba-88447aecb2b3"
    },
    {
        "major": "Nursing, B.S.",
        "key": "74/127/to/116/Major/5da0ad78-d097-4f01-bab6-cbb9a3efa08b"
    },
    {
        "major": "Nutrition and Dietetics: Concentration in Dietetics and Nutrition Science, B.S.",
        "key": "74/127/to/116/Major/1b5a6402-b037-4bcd-beab-520e336a6d77"
    },
    {
        "major": "Nutrition and Dietetics: Concentration in Foods and Community Nutrition, B.S.",
        "key": "74/127/to/116/Major/972180ee-7910-40a9-80c7-f47a7f17b65d"
    },
    {
        "major": "Philosophy and Religion, B.A.",
        "key": "74/127/to/116/Major/ff3c553a-7d46-470e-942c-ea1769c9731c"
    },
    {
        "major": "Philosophy, B.A.",
        "key": "74/127/to/116/Major/1036a4d3-c2c7-4867-9577-034f96ac5749"
    },
    {
        "major": "Philosophy: Concentration in Philosophy and Law, B.A.",
        "key": "74/127/to/116/Major/612e632e-d3d2-419e-baf5-fd37b039d7a4"
    },
    {
        "major": "Physics, B.A.",
        "key": "74/127/to/116/Major/f056b5a5-4938-46b4-b3c3-d858f8cbdac1"
    },
    {
        "major": "Physics, B.S.",
        "key": "74/127/to/116/Major/53362f6c-9ef7-4b86-9bc0-6942c1970855"
    },
    {
        "major": "Physics: Concentration in Astronomy, B.A.",
        "key": "74/127/to/116/Major/aa138d06-ff1d-4489-ab8b-541ac690d5c0"
    },
    {
        "major": "Physics: Concentration in Astrophysics, B.S.",
        "key": "74/127/to/116/Major/210bffe8-b539-45ed-9ef2-a88ae2aa34ec"
    },
    {
        "major": "Physics: Concentration in Physics for Teaching, B.S.",
        "key": "74/127/to/116/Major/454ec7e9-3601-4b51-b56a-4e4a4fa09c65"
    },
    {
        "major": "Political Science, B.A.",
        "key": "74/127/to/116/Major/9df0585a-68dd-43cb-96f0-9d1daafad87f"
    },
    {
        "major": "Psychology, B.A.",
        "key": "74/127/to/116/Major/c8c5b448-e8fc-452c-aba2-51e25893c7cb"
    },
    {
        "major": "Public Health, B.S.",
        "key": "74/127/to/116/Major/386fe86c-e2db-43d1-bd05-e904e473b0a9"
    },
    {
        "major": "Race and Resistance Studies, B.A.",
        "key": "74/127/to/116/Major/383a3764-c25a-4416-9871-501b03115468"
    },
    {
        "major": "Race, Ethnicity, and Health, B.A.",
        "key": "74/127/to/116/Major/6c3244d1-089e-44a7-a532-b9e2e317a88d"
    },
    {
        "major": "Recreation, Parks and Tourism Administration, B.S.",
        "key": "74/127/to/116/Major/68fac2cf-2b89-49fd-af48-a21adc77e921"
    },
    {
        "major": "Social Work, B.A.",
        "key": "74/127/to/116/Major/d44aba10-ed55-47dc-827e-fb59c7ad2452"
    },
    {
        "major": "Sociology, B.A.",
        "key": "74/127/to/116/Major/4f5fd788-17c2-4df9-9a76-70fac0bb2eca"
    },
    {
        "major": "Spanish, B.A.",
        "key": "74/127/to/116/Major/10845993-cedb-4ff5-9f1c-b2bc0a19df47"
    },
    {
        "major": "Speech, Language, and Hearing Sciences, B.S.",
        "key": "74/127/to/116/Major/fbf269a0-109a-44d3-a001-756ddc08b044"
    },
    {
        "major": "Statistics, B.S.",
        "key": "74/127/to/116/Major/e0ccc75c-f8e8-49cc-87be-2fd2ee27ef04"
    },
    {
        "major": "Theatre Arts, B.A.",
        "key": "74/127/to/116/Major/e35023f1-558b-41a5-bad2-97baad6e20c2"
    },
    {
        "major": "Urban Studies and Planning, B.A.",
        "key": "74/127/to/116/Major/9e166a86-3592-4fc2-afa7-3fa50d89818d"
    },
    {
        "major": "Visual Communication Design, B.S.",
        "key": "74/127/to/116/Major/a4f0a3bd-7538-4ec3-bfc1-b8e06913676f"
    },
    {
        "major": "Women and Gender Studies, B.A.",
        "key": "74/127/to/116/Major/8e59239b-0a1e-4407-a792-ccdabf07b5a0"
    }
]