[
    {
        "major": "==> Critical Race Studies Graduation Requirement",
        "key": "74/127/to/88/Major/8772cea3-90a8-43ab-a89f-e90137dd5449"
    },
    {
        "major": "American Multicultural Studies, B.A.",
        "key": "74/127/to/88/Major/0f51fc01-e1f7-488e-bba8-e399013df40e"
    },
    {
        "major": "Anthropology, B.A.",
        "key": "74/127/to/88/Major/488bc1cb-7099-4894-b470-b343433fb594"
    },
    {
        "major": "Applied Statistics, B.A.",
        "key": "74/127/to/88/Major/f2050a5e-f87c-4f36-91b1-2b7acd4f2ef9"
    },
    {
        "major": "Art History, B.A.",
        "key": "74/127/to/88/Major/3a020daf-bc7b-407d-a83a-10270c1ffa84"
    },
    {
        "major": "Art, B.A.: Studio Concentration",
        "key": "74/127/to/88/Major/d9dd9351-5feb-4735-89b0-7d7ee0593aae"
    },
    {
        "major": "Art, B.F.A.: Studio Concentration",
        "key": "74/127/to/88/Major/61a3df77-c6c6-4927-b82d-7375c6452672"
    },
    {
        "major": "Bi-Disciplinary Mathematics, B.A.",
        "key": "74/127/to/88/Major/cfd66bc7-16a3-4976-4bd4-08db8fad7bb5"
    },
    {
        "major": "Biochemistry, B.S.",
        "key": "74/127/to/88/Major/d5cc6924-d636-4137-b0cc-bc4635d94291"
    },
    {
        "major": "Biology, B.A.",
        "key": "74/127/to/88/Major/71d6dfdc-141d-4853-a9c1-7b334bb7fedf"
    },
    {
        "major": "Biology, B.S.",
        "key": "74/127/to/88/Major/e7604136-fe01-4451-862d-7ec447142bf8"
    },
    {
        "major": "Business Administration, B.S.",
        "key": "74/127/to/88/Major/ecac988e-f4db-4b43-bd08-a20c45172b5e"
    },
    {
        "major": "Chemistry, B.A.",
        "key": "74/127/to/88/Major/1c3c6dd0-75c7-4352-9fcd-776574e26ecf"
    },
    {
        "major": "Chemistry, B.S.",
        "key": "74/127/to/88/Major/a23fda7c-0f74-4ac3-a9b1-85dbb120dae7"
    },
    {
        "major": "Chicano & Latino Studies, B.A.",
        "key": "74/127/to/88/Major/16f62a9c-8680-4cb5-8f30-721534da8b02"
    },
    {
        "major": "Cinematic Arts and Technology, B.A.",
        "key": "74/127/to/88/Major/5d4e7a50-be5c-4d1c-4bd3-08db8fad7bb5"
    },
    {
        "major": "Communication and Media Studies, B.A.",
        "key": "74/127/to/88/Major/d19477d9-f97b-4ffb-9bf9-db1e51833bbe"
    },
    {
        "major": "Computer Science B.S.",
        "key": "74/127/to/88/Major/3cd1d7a7-d314-4f53-ac56-a788058c27db"
    },
    {
        "major": "Criminology and Criminal Justice Studies, B.A.",
        "key": "74/127/to/88/Major/e10f541f-2e31-4205-b1d0-44249b02b2c0"
    },
    {
        "major": "Dance, B.A.",
        "key": "74/127/to/88/Major/e74619ab-f400-4852-910c-8a307505c261"
    },
    {
        "major": "Early  Childhood Studies, B.A. concentration in Early Care and Education",
        "key": "74/127/to/88/Major/39fb2114-01fe-4373-c110-08db95134b72"
    },
    {
        "major": "Early Childhood Studies, B.A.",
        "key": "74/127/to/88/Major/c01cec94-1ec7-4b93-af00-1a2f06eec47d"
    },
    {
        "major": "Early Childhood Studies, B.A. concentration in Community, Health and Social Services for Children",
        "key": "74/127/to/88/Major/f6e53691-3caf-4afb-c10f-08db95134b72"
    },
    {
        "major": "Early Childhood Studies, B.A. concentration in Elementary Pre-Credential ",
        "key": "74/127/to/88/Major/4f6d6d0e-04be-4d6d-c112-08db95134b72"
    },
    {
        "major": "Earth and Environmental Sciences, B.A.",
        "key": "74/127/to/88/Major/60d38fe5-4abf-473b-8648-fcc71d2fd1d4"
    },
    {
        "major": "Economics, B.A.",
        "key": "74/127/to/88/Major/31989fd2-79d5-4e3e-b913-71822ed5a533"
    },
    {
        "major": "Electrical Engineering, B.S.",
        "key": "74/127/to/88/Major/a6202322-06a6-4619-a708-087a93bf920b"
    },
    {
        "major": "English, B.A.",
        "key": "74/127/to/88/Major/ed02aa77-281b-428d-b139-2d62ec6c8c08"
    },
    {
        "major": "English, B.A.: English Education Concentration(Secondary Teaching Preparation)",
        "key": "74/127/to/88/Major/059a94cb-28ef-4504-99d8-0a515ef51ec6"
    },
    {
        "major": "Environmental Science, Geography and Management, B.S.",
        "key": "74/127/to/88/Major/551e9838-18e5-4a87-9d75-86841065363c"
    },
    {
        "major": "Environmental Studies, Geography and Planning, B.A.",
        "key": "74/127/to/88/Major/8843a769-a05b-4a73-ae9f-7bb833ce87e9"
    },
    {
        "major": "French B.A.",
        "key": "74/127/to/88/Major/858e343d-cd84-4e8c-bb70-a89575aa411a"
    },
    {
        "major": "Geology, B.S. ",
        "key": "74/127/to/88/Major/ed3bb71f-064a-4fea-9feb-b1002947cbaa"
    },
    {
        "major": "Global Studies, B.A. ",
        "key": "74/127/to/88/Major/eaa553a6-b454-44f2-b38e-335c68b9d2e0"
    },
    {
        "major": "History, B.A. ",
        "key": "74/127/to/88/Major/7c949de1-8bef-4648-8e84-b679c67fdd19"
    },
    {
        "major": "Human Development, B.A. ",
        "key": "74/127/to/88/Major/5bae68d9-4dbb-453e-bb2a-faf53ea0fa03"
    },
    {
        "major": "Kinesiology, B.S. ",
        "key": "74/127/to/88/Major/7b08f3c0-2247-444e-97a7-74d928050230"
    },
    {
        "major": "Liberal Studies Hutchins, B.A.",
        "key": "74/127/to/88/Major/6eba1df8-a4ae-45bb-84f8-e2103db66bc7"
    },
    {
        "major": "Mathematics, B.A.: Pure Mathematics Concentration",
        "key": "74/127/to/88/Major/7eeb0586-522a-4716-b860-102633d61fb8"
    },
    {
        "major": "Mathematics, B.A.: Secondary Teaching Concentration",
        "key": "74/127/to/88/Major/124ee2f9-1e33-4914-9a96-cf9c668c63e0"
    },
    {
        "major": "Mathematics, B.S.: Applied Mathematics Concentration",
        "key": "74/127/to/88/Major/ae83dcc9-0344-46d3-8212-a5e8b1b3683f"
    },
    {
        "major": "Music, B.A.: Liberal Arts Concentration",
        "key": "74/127/to/88/Major/250269a7-73e0-4f64-a30a-311ec370573b"
    },
    {
        "major": "Music, B.M. Performance Concentration",
        "key": "74/127/to/88/Major/1dd05fd2-0027-440c-acaf-d170d7486a90"
    },
    {
        "major": "Music, B.M.: Composition Concentration",
        "key": "74/127/to/88/Major/1f36cbcc-3464-4fd1-afc0-27a3079d6525"
    },
    {
        "major": "Music, B.M.: Jazz Studies Concentration",
        "key": "74/127/to/88/Major/a1ca9287-2621-48fb-a21d-48fb7a5362fe"
    },
    {
        "major": "Music, B.M.: Music Education Concentration",
        "key": "74/127/to/88/Major/50c5d76b-6260-4c1a-8d8f-9ebf64d99b6a"
    },
    {
        "major": "Nursing, B.S.: Prelicensure Option",
        "key": "74/127/to/88/Major/45a2b30b-10b8-41a7-82f3-80a817272d07"
    },
    {
        "major": "Philosophy, B.A. ",
        "key": "74/127/to/88/Major/1be5a449-4e6a-4ab8-90a4-435b1e461ecc"
    },
    {
        "major": "Physical Science, B.A.",
        "key": "74/127/to/88/Major/b70a88fe-e583-47f2-8644-c0760f14dbb1"
    },
    {
        "major": "Physics, B.A.",
        "key": "74/127/to/88/Major/26012833-3cfc-408c-c111-08db95134b72"
    },
    {
        "major": "Physics, B.S.",
        "key": "74/127/to/88/Major/e7977f95-47be-4e76-a1fb-85c6f0c7989a"
    },
    {
        "major": "Physics, B.S.: Astrophysics Concentration",
        "key": "74/127/to/88/Major/7c3d87f1-fd50-4682-8031-ede304fb16c8"
    },
    {
        "major": "Political Science, B.A.",
        "key": "74/127/to/88/Major/f246b667-f9cb-4c4b-b393-42f225d59338"
    },
    {
        "major": "Psychology B.A. ",
        "key": "74/127/to/88/Major/64d7ee2b-e41c-4226-b15e-9cc79a881ff6"
    },
    {
        "major": "Sociology, B.A. ",
        "key": "74/127/to/88/Major/a170a9c1-7792-4968-9a65-94428c22fd97"
    },
    {
        "major": "Spanish, B.A. ",
        "key": "74/127/to/88/Major/8cce42f0-e524-4f70-92b6-adb18ab254ff"
    },
    {
        "major": "Statistics, B.S. ",
        "key": "74/127/to/88/Major/b26948ac-0aba-47a5-b3f5-b1c69480f3af"
    },
    {
        "major": "Theatre Arts, B.A.: Acting Concentration",
        "key": "74/127/to/88/Major/6d2e66a0-4363-4948-bc0b-e4ceb82b28c3"
    },
    {
        "major": "Theatre Arts, B.A.: Technical Theatre Concentration",
        "key": "74/127/to/88/Major/354a5643-da79-4806-8d1c-356353add05a"
    },
    {
        "major": "Theatre Arts, B.A.: Theatre Studies Concetration",
        "key": "74/127/to/88/Major/294e88fc-72f6-48f7-8d8a-bc06ce5451aa"
    },
    {
        "major": "Women and Gender Studies, B.A.",
        "key": "74/127/to/88/Major/725cc6a3-df9f-462e-8d23-67d45fe48553"
    }
]