[
    {
        "major": "Actuarial Science, B.S.",
        "key": "74/127/to/128/Major/7b8ec575-3c2e-4ca5-b4a7-c0eebc6c7145"
    },
    {
        "major": "Anthropology, B.A.",
        "key": "74/127/to/128/Major/9522f43d-495c-4d5c-a209-05c850caf9e0"
    },
    {
        "major": "Anthropology, B.A. - Archaeology Emphasis",
        "key": "74/127/to/128/Major/0bca5700-66b1-4276-8de9-1c7af0e4546c"
    },
    {
        "major": "Anthropology, B.A. - Biological Emphasis",
        "key": "74/127/to/128/Major/e5eceb9a-a980-486f-a487-5ce2a6e39e23"
    },
    {
        "major": "Anthropology, B.A. - Cultural Emphasis",
        "key": "74/127/to/128/Major/093ed167-aa3c-4670-915f-933b11d95004"
    },
    {
        "major": "Applied Mathematics, B.S.",
        "key": "74/127/to/128/Major/1b1664d7-bc32-4099-b0b2-e1fe2b3b762c"
    },
    {
        "major": "Aquatic Biology, B.S.",
        "key": "74/127/to/128/Major/08cfcd71-37ae-4fb7-88cb-63a959df62de"
    },
    {
        "major": "Art, B.A.",
        "key": "74/127/to/128/Major/248f6a79-67bf-43ce-91e9-923bfb1d86e2"
    },
    {
        "major": "Asian American Studies, B.A.",
        "key": "74/127/to/128/Major/0c3df8be-0afd-46f3-aa82-0ba9c629f80b"
    },
    {
        "major": "Asian Studies, B.A.",
        "key": "74/127/to/128/Major/b6b4928f-2858-406e-9507-562454cd1dc3"
    },
    {
        "major": "Biochemistry, B.S.",
        "key": "74/127/to/128/Major/e047ba10-2e09-4daf-9c4f-b5e88f98e419"
    },
    {
        "major": "Biochemistry-Molecular Biology, B.S.",
        "key": "74/127/to/128/Major/a1c5def2-d032-4b9d-b37f-d96a6a1cd95b"
    },
    {
        "major": "Biological Sciences, B.A. & B.S.",
        "key": "74/127/to/128/Major/71777e04-a354-4517-afa8-f86a3fdcef45"
    },
    {
        "major": "Biopsychology, B.S.",
        "key": "74/127/to/128/Major/ed87c680-8bb6-456a-90cc-15341ba9b2fc"
    },
    {
        "major": "Black Studies, B.A.",
        "key": "74/127/to/128/Major/2e4d83d3-bfe2-4cd9-ba54-7aa68d566487"
    },
    {
        "major": "Cell and Developmental Biology, B.S.",
        "key": "74/127/to/128/Major/b6122c92-c04f-481f-a062-7b6eabe545ce"
    },
    {
        "major": "Chemical Engineering, B.S.",
        "key": "74/127/to/128/Major/12a3afdb-b5b5-4ef8-b502-ca1ee78b82d2"
    },
    {
        "major": "Chemistry, B.A.",
        "key": "74/127/to/128/Major/211c7f8b-7fbb-4ec7-9c41-917e799c1792"
    },
    {
        "major": "Chemistry, B.S.",
        "key": "74/127/to/128/Major/cbb75b80-305d-4384-9adf-f4c28ab7a439"
    },
    {
        "major": "Chicana and Chicano Studies, B.A.",
        "key": "74/127/to/128/Major/45805e42-344b-4891-b510-b5dbab6c6ed0"
    },
    {
        "major": "Chinese, B.A.",
        "key": "74/127/to/128/Major/68cae5ef-4aa7-4621-9f1d-a835af8e9eb2"
    },
    {
        "major": "Classics, B.A. - Ancient Greek Philosophy Emphasis",
        "key": "74/127/to/128/Major/12dee177-dbce-48cc-36e1-08dba98d34db"
    },
    {
        "major": "Classics, B.A. - Classical Archaeology Emphasis",
        "key": "74/127/to/128/Major/50d6c15c-50c5-46e2-96d8-8d57031b924f"
    },
    {
        "major": "Classics, B.A. - Classical Language and Literature Emphasis",
        "key": "74/127/to/128/Major/5700c6c7-6f32-4ab2-b3e2-61f623ac2f0c"
    },
    {
        "major": "Classics, B.A. - Greek and Roman Culture Emphasis",
        "key": "74/127/to/128/Major/802adafe-2174-41bc-adbe-6271f4c21b15"
    },
    {
        "major": "Communication, B.A.",
        "key": "74/127/to/128/Major/17d43119-d2b6-4da9-b9a2-88f838d41854"
    },
    {
        "major": "Comparative Literature, B.A.",
        "key": "74/127/to/128/Major/aa529866-fc5f-4291-95cf-0d6285d8ad47"
    },
    {
        "major": "Computer Engineering, B.S.",
        "key": "74/127/to/128/Major/9b27b386-b2d8-41f4-960e-4f3d4728c702"
    },
    {
        "major": "Computer Science, B.S.",
        "key": "74/127/to/128/Major/83068dc7-20eb-4219-bd4e-1e75e353bb23"
    },
    {
        "major": "Creative Studies - Art, B.A.",
        "key": "74/127/to/128/Major/babaf80e-b940-4695-8971-6715ee1f7f17"
    },
    {
        "major": "Creative Studies - Biology, B.A.",
        "key": "74/127/to/128/Major/1cdb168c-2f49-4ffd-b69d-df54d1798f13"
    },
    {
        "major": "Creative Studies - Chemistry and Biochemistry, B.A. & B.S.",
        "key": "74/127/to/128/Major/f9a702e3-e45d-41da-86b7-36b5b4c1c2a8"
    },
    {
        "major": "Creative Studies - Computing, B.S.",
        "key": "74/127/to/128/Major/e964270f-0056-4fcf-9c18-9bbbff4ad2d4"
    },
    {
        "major": "Creative Studies - Mathematics, B.A. & B.S.",
        "key": "74/127/to/128/Major/509d8d1a-6f4d-4eb8-94d8-1a7e52d1b90c"
    },
    {
        "major": "Creative Studies - Music Composition, B.A.",
        "key": "74/127/to/128/Major/4aa18095-5037-468f-a573-853d6bc7809d"
    },
    {
        "major": "Creative Studies - Physics, B.A. & B.S.",
        "key": "74/127/to/128/Major/d45f50e6-1273-4679-a13e-41f80d377381"
    },
    {
        "major": "Creative Studies - Writing and Literature, B.A.",
        "key": "74/127/to/128/Major/edf884b2-9c2d-4aa3-b522-a52062cc7d38"
    },
    {
        "major": "Dance, B.A.",
        "key": "74/127/to/128/Major/7f2455d4-2f78-4d8a-9424-06ece43b33e6"
    },
    {
        "major": "Dance, B.F.A.",
        "key": "74/127/to/128/Major/cc0665d3-c4a7-46cf-a728-9f9f7032e6c5"
    },
    {
        "major": "Earth Science, B.A.",
        "key": "74/127/to/128/Major/1692deb5-6766-4509-ab92-3bcea2ca1e13"
    },
    {
        "major": "Earth Science, B.S. - Climate and Environment Emphasis",
        "key": "74/127/to/128/Major/61338624-41dd-41d9-9a10-2ef8bbad65c9"
    },
    {
        "major": "Earth Science, B.S. - Geohydrology Emphasis",
        "key": "74/127/to/128/Major/2e8dd4d5-c753-46ff-a46d-bafc2636e960"
    },
    {
        "major": "Earth Science, B.S. - Geology Emphasis",
        "key": "74/127/to/128/Major/39d51272-1e59-4ef9-81dc-def4c6b5ebe8"
    },
    {
        "major": "Earth Science, B.S. - Geophysics Emphasis",
        "key": "74/127/to/128/Major/b2180627-d640-4350-91bd-60da3d60baff"
    },
    {
        "major": "Earth Science, B.S. - Paleobiology Emphasis",
        "key": "74/127/to/128/Major/ba563a08-31ca-4377-aadf-6ce7d37af6df"
    },
    {
        "major": "Ecology and Evolution, B.S.",
        "key": "74/127/to/128/Major/636f3d1f-8b2a-486e-907d-53d8d237be7c"
    },
    {
        "major": "Economics and Accounting, B.A.",
        "key": "74/127/to/128/Major/a1451451-4577-42a1-ad22-fff9c781a44e"
    },
    {
        "major": "Economics, B.A.",
        "key": "74/127/to/128/Major/27c0eaf5-081a-4a6c-bd84-b2eecfe9b35a"
    },
    {
        "major": "Electrical Engineering, B.S.",
        "key": "74/127/to/128/Major/22db220b-0f2d-4ec5-8b46-c0a545d88877"
    },
    {
        "major": "English, B.A.",
        "key": "74/127/to/128/Major/82cf240c-0758-4424-84cb-44f20914e475"
    },
    {
        "major": "Environmental Studies, B.A.",
        "key": "74/127/to/128/Major/4f1e57ee-1e4b-4c1a-bc6c-e520ccf816f1"
    },
    {
        "major": "Environmental Studies, B.S.",
        "key": "74/127/to/128/Major/9dbd7b72-baf0-44da-91a9-09e8385c47a7"
    },
    {
        "major": "Feminist Studies, B.A.",
        "key": "74/127/to/128/Major/586bacbc-302a-42d0-a22c-64edeaf72a09"
    },
    {
        "major": "Film and Media Studies, B.A.",
        "key": "74/127/to/128/Major/d83e4a02-fe56-4004-ad1a-a13f3cb9efdb"
    },
    {
        "major": "Financial Mathematics and Statistics, B.S.",
        "key": "74/127/to/128/Major/3276286b-3ed0-469d-a345-2b2d65704709"
    },
    {
        "major": "French, B.A.",
        "key": "74/127/to/128/Major/5f615340-cb94-4865-9f01-f209e1ad0d7f"
    },
    {
        "major": "Geography, B.A.",
        "key": "74/127/to/128/Major/45c4c62d-34ef-4e6d-b0ff-d0f13a756c37"
    },
    {
        "major": "Geography, B.A. - Geographic Information Science Emphasis",
        "key": "74/127/to/128/Major/e84c6bce-3c86-4828-a9ef-e17121baab7a"
    },
    {
        "major": "German, B.A.",
        "key": "74/127/to/128/Major/c7399a0e-f719-4c7c-ad8e-753af56141ed"
    },
    {
        "major": "Global Studies, B.A.",
        "key": "74/127/to/128/Major/cc864e0a-35ef-4d88-8fa6-92c8fa422230"
    },
    {
        "major": "History of Art and Architecture, B.A.",
        "key": "74/127/to/128/Major/b38ddfe1-b96d-44f5-8da1-8e61a716dda0"
    },
    {
        "major": "History of Art and Architecture, B.A. - Architecture and Environment Emphasis",
        "key": "74/127/to/128/Major/439a00db-61c2-4b93-a49c-c62ae4c95678"
    },
    {
        "major": "History of Art and Architecture, B.A. - Museum Studies Emphasis",
        "key": "74/127/to/128/Major/550ec406-6dfb-4710-a8e5-6521cb136b73"
    },
    {
        "major": "History of Public Policy and Law, B.A.",
        "key": "74/127/to/128/Major/21db4550-249c-4598-b1ef-856c37858f05"
    },
    {
        "major": "History, B.A.",
        "key": "74/127/to/128/Major/feec6981-2838-4475-8605-5fa52ee94ad0"
    },
    {
        "major": "Hydrologic Sciences and Policy, B.S.",
        "key": "74/127/to/128/Major/5bf688df-7ef2-4539-bbf4-8a6dd14a541a"
    },
    {
        "major": "Italian Studies, B.A.",
        "key": "74/127/to/128/Major/d81adb78-3fa1-48ad-b905-b92c9b303474"
    },
    {
        "major": "Italian Studies, B.A. - Transnational Emphasis",
        "key": "74/127/to/128/Major/acd41783-e364-4638-b979-a245d59c553b"
    },
    {
        "major": "Japanese, B.A.",
        "key": "74/127/to/128/Major/a0419a70-bb10-49d0-9745-7c629e43222f"
    },
    {
        "major": "Language, Culture, and Society, B.A.",
        "key": "74/127/to/128/Major/369b138a-85a7-4962-a9e4-d3f7f590190a"
    },
    {
        "major": "Latin American & Iberian Studies, B.A.",
        "key": "74/127/to/128/Major/4a4bdb4f-a1fd-4f3d-a0e0-544b7310eabf"
    },
    {
        "major": "Linguistics, B.A.",
        "key": "74/127/to/128/Major/1ba824e6-09fe-4330-8060-619fefb3eb2a"
    },
    {
        "major": "Mathematics, B.A.",
        "key": "74/127/to/128/Major/84d6f079-f136-4d34-9061-47b8cec4ca3b"
    },
    {
        "major": "Mathematics, B.S.",
        "key": "74/127/to/128/Major/6e861c97-7a37-4e6e-9d66-ae0a7ec2a934"
    },
    {
        "major": "Mechanical Engineering, B.S.",
        "key": "74/127/to/128/Major/68672f43-70e0-4a5b-845e-56f0044bb11d"
    },
    {
        "major": "Medieval Studies, B.A.",
        "key": "74/127/to/128/Major/65353f2b-d5ba-412b-bab7-f196978333ed"
    },
    {
        "major": "Microbiology, B.S.",
        "key": "74/127/to/128/Major/1733e861-34a9-49f0-9bde-bf9cf61667c4"
    },
    {
        "major": "Middle East Studies, B.A.",
        "key": "74/127/to/128/Major/59658786-a028-43d1-8c20-38dbda5b3733"
    },
    {
        "major": "Music Studies, B.A.",
        "key": "74/127/to/128/Major/612634be-608a-4db5-920b-e3178b0d97c8"
    },
    {
        "major": "Music Studies, B.A. - Ethnomusicology Emphasis",
        "key": "74/127/to/128/Major/ee34ff07-9e83-4f39-9271-85e043ce3436"
    },
    {
        "major": "Music Studies, B.A. - Interdisciplinary Studies of Music Emphasis",
        "key": "74/127/to/128/Major/66d151ee-109e-45da-b2d4-a59ed5333c53"
    },
    {
        "major": "Music Studies, B.A. - Western Art Music Emphasis",
        "key": "74/127/to/128/Major/f4a2d3f9-48b2-4f9a-98d2-556f14c3e73d"
    },
    {
        "major": "Music, B.M.",
        "key": "74/127/to/128/Major/bf13fd4c-599e-47bb-91f0-1c09a131f0f1"
    },
    {
        "major": "Pharmacology, B.S.",
        "key": "74/127/to/128/Major/3f10660b-9cfd-4a16-8bf1-4afe222a987d"
    },
    {
        "major": "Philosophy, B.A.",
        "key": "74/127/to/128/Major/e107aa36-e6b4-4cfa-ade6-0dbb750f0ab5"
    },
    {
        "major": "Physical Geography, B.S.",
        "key": "74/127/to/128/Major/6491b86a-9a2d-48c1-96fb-9d3f3241e719"
    },
    {
        "major": "Physical Geography, B.S. - Ocean Science Emphasis",
        "key": "74/127/to/128/Major/8ac7070c-f900-4295-9911-a223f461caf5"
    },
    {
        "major": "Physics, B.A. & B.S.",
        "key": "74/127/to/128/Major/68a41147-655b-45ed-9483-75c2282e1d02"
    },
    {
        "major": "Physiology, B.S.",
        "key": "74/127/to/128/Major/373b5e77-431f-444b-a803-833ab7c9a087"
    },
    {
        "major": "Political Science, B.A.",
        "key": "74/127/to/128/Major/2a3a7372-e969-4227-bd21-d65dee0a9dd3"
    },
    {
        "major": "Portuguese, B.A.",
        "key": "74/127/to/128/Major/3a38e425-d5f1-432a-be30-0cdab62fe360"
    },
    {
        "major": "Psychological and Brain Sciences, B.S.",
        "key": "74/127/to/128/Major/4c9d1cd5-a84d-4ff6-8cd4-1e833eecdd07"
    },
    {
        "major": "Religious Studies, B.A.",
        "key": "74/127/to/128/Major/6d362c41-f6ce-4d02-acca-56a27188aa26"
    },
    {
        "major": "Russian and East European Studies, B.A.",
        "key": "74/127/to/128/Major/8d3b8d4c-b825-4826-9ff4-8de0c8e4fd3e"
    },
    {
        "major": "Sociology, B.A.",
        "key": "74/127/to/128/Major/4b6a1818-3d5e-411d-b872-dc93ecf1b7af"
    },
    {
        "major": "Spanish, B.A.",
        "key": "74/127/to/128/Major/ce7e3c9c-0d33-4556-9bbe-5b7956de96c0"
    },
    {
        "major": "Statistics and Data Science, B.A.",
        "key": "74/127/to/128/Major/284fd39c-3249-43d9-a50e-acb13f23edf7"
    },
    {
        "major": "Statistics and Data Science, B.S.",
        "key": "74/127/to/128/Major/9f5c3818-73aa-4d73-aa82-c0813cabb210"
    },
    {
        "major": "Theater, B.A.",
        "key": "74/127/to/128/Major/226fbb5c-b40c-47b4-8309-e5f2e4f81529"
    },
    {
        "major": "Theater, B.F.A. - Acting Emphasis",
        "key": "74/127/to/128/Major/0428836f-c31f-4fbf-bb67-aacc14afac0c"
    },
    {
        "major": "Zoology, B.S.",
        "key": "74/127/to/128/Major/b8de86fe-88ea-4167-8a28-96f8864015c4"
    }
]