[
    {
        "major": " Business Prelegal Option, B.S.B.A.",
        "key": "74/6/to/76/Major/9a1075d1-f526-4ada-b9db-3b8deb3f16ba"
    },
    {
        "major": "Accounting Option, B.S.B.A.",
        "key": "74/6/to/76/Major/91f187ed-5ea4-4288-a34b-89bebe2e15ba"
    },
    {
        "major": "Anthropology - B.A.",
        "key": "74/6/to/76/Major/4626cecb-f251-41cb-96ed-94172f6345c1"
    },
    {
        "major": "Applied Science - B.S. ",
        "key": "74/6/to/76/Major/024f6430-442b-40fd-89b4-18f381d4f5b4"
    },
    {
        "major": "Art - B.A.",
        "key": "74/6/to/76/Major/b07e83ca-54bc-463c-9e41-161c996666ac"
    },
    {
        "major": "Asian and Asian American Studies - B.A.",
        "key": "74/6/to/76/Major/ce833fcb-bdb9-4f0a-a112-bb93d1b6fd19"
    },
    {
        "major": "Aviation Administration - BS",
        "key": "74/6/to/76/Major/9c3f33e2-1463-4b90-9546-f0cb4fdec3a9"
    },
    {
        "major": "Biochemistry - B.S.",
        "key": "74/6/to/76/Major/c5787add-eccb-4d77-ab6a-5e77f5570a02"
    },
    {
        "major": "Biology - B.S.",
        "key": "74/6/to/76/Major/2c5219cc-d3af-4211-b6bc-2de548a5f9e4"
    },
    {
        "major": "Business Administration, B.S.: Option in Retailing Option",
        "key": "74/6/to/76/Major/c70dc0ef-ac2b-4bc6-868f-0467943648f4"
    },
    {
        "major": "Business Administration, B.S.B.A.",
        "key": "74/6/to/76/Major/76028b20-9624-4c3f-87d3-8e02e1a53b99"
    },
    {
        "major": "Business Economics Option, B.S.B.A.",
        "key": "74/6/to/76/Major/2ca4d45b-7a41-4ac9-9619-12cf1750d1d2"
    },
    {
        "major": "Business Special Interest Option, B.S.B.A.",
        "key": "74/6/to/76/Major/f21df5a9-d5cc-4517-9aff-85998ba3f985"
    },
    {
        "major": "Chemistry - B.S.",
        "key": "74/6/to/76/Major/18f9add4-bd62-4f3a-979e-cf20e699d335"
    },
    {
        "major": "Chicana(o) and Latina(o) Studies - B.A.",
        "key": "74/6/to/76/Major/ed4ab087-18b8-497e-9d58-185d7bb3ad80"
    },
    {
        "major": "Child Development - B.A.",
        "key": "74/6/to/76/Major/084d0a64-cbe7-47f4-aed1-37b841df39ac"
    },
    {
        "major": "Chinese - B.A.",
        "key": "74/6/to/76/Major/3a009aac-f7cd-4596-b1c3-ab9685f863a1"
    },
    {
        "major": "Civil Engineering - B.S.",
        "key": "74/6/to/76/Major/6ab9c333-36f8-40cc-aaf4-48ad7c52ba5e"
    },
    {
        "major": "Communication - B.A.",
        "key": "74/6/to/76/Major/8a63d73e-476f-4f62-b80e-d6b488343973"
    },
    {
        "major": "Communicative Disorders - B.A.",
        "key": "74/6/to/76/Major/adef6c3d-26f6-4a3b-80ab-85378056d2d9"
    },
    {
        "major": "Computer Information Systems - B.S.",
        "key": "74/6/to/76/Major/d320cada-c3e8-48bb-9a6b-f473fae086eb"
    },
    {
        "major": "Computer Science - B.S.",
        "key": "74/6/to/76/Major/5bd62ec5-0d1f-4feb-83f6-86d8f40258e6"
    },
    {
        "major": "Criminal Justice - B.S.",
        "key": "74/6/to/76/Major/de99f41a-9264-4e3d-9305-ef9ffa570648"
    },
    {
        "major": "Economics - B.A.",
        "key": "74/6/to/76/Major/3a3bf349-d46b-4a27-960e-cdbfc19a091d"
    },
    {
        "major": "Electrical Engineering - B.S.",
        "key": "74/6/to/76/Major/fd7b0a65-f86f-4ff9-b2bc-0965efe63bff"
    },
    {
        "major": "Engineering Technology, B.S.",
        "key": "74/6/to/76/Major/f867b6d7-fe5b-4412-9e8f-d643f57533e8"
    },
    {
        "major": "English - B.A.",
        "key": "74/6/to/76/Major/7d5aa814-d8a4-43e0-92e2-039486a51061"
    },
    {
        "major": "Entrepreneurship Option, B.S.B.A.",
        "key": "74/6/to/76/Major/a4d7f9f8-5895-4be0-9c8e-b89f5e1f34e6"
    },
    {
        "major": "Exercise Science - B.S.",
        "key": "74/6/to/76/Major/0be54e1d-0180-4c52-8fbc-4c179bf8dffb"
    },
    {
        "major": "Finance Option, B.S.B.A.",
        "key": "74/6/to/76/Major/ac80fd77-4b10-4ac4-97a5-1954d8546946"
    },
    {
        "major": "Fire Protection Administration and Technology - B.S.",
        "key": "74/6/to/76/Major/0c850562-3f09-4677-b15d-72fc5ede62f7"
    },
    {
        "major": "Food Science and Technology, B.S. (program suspended, effective Fall 2023) ",
        "key": "74/6/to/76/Major/61face5c-5841-47c6-90b4-359e713e8040"
    },
    {
        "major": "French - B.A.",
        "key": "74/6/to/76/Major/750a0cba-040f-4f86-b835-8366dbe21a19"
    },
    {
        "major": "Geography - B.A.",
        "key": "74/6/to/76/Major/96c2447a-1109-4326-87ac-e3e79f8cae47"
    },
    {
        "major": "Geology - B.S.",
        "key": "74/6/to/76/Major/fc3ebd7f-a0ac-4d44-a422-101172f41504"
    },
    {
        "major": "Healthcare Administration Option, B.S.B.A.",
        "key": "74/6/to/76/Major/bfebf90a-3323-4f22-9e3d-6fa33c1d2aaa"
    },
    {
        "major": "History - B.A.",
        "key": "74/6/to/76/Major/1bc2c67c-db86-4e9f-b36c-1630ae49914a"
    },
    {
        "major": "Hospitality, Wellness, and Leisure Services - B.S.",
        "key": "74/6/to/76/Major/76772ace-b4d5-4f7e-b505-c4459d132902"
    },
    {
        "major": "Human Resources Management Option, B.S.B.A.",
        "key": "74/6/to/76/Major/00863519-c0f8-4e5c-b07f-a7331d3a8ca2"
    },
    {
        "major": "International Business Option, B.S.B.A.",
        "key": "74/6/to/76/Major/49c88074-f505-42bf-af47-5e2efe816d5c"
    },
    {
        "major": "Japanese - B.A.",
        "key": "74/6/to/76/Major/1e38feea-e4bb-482b-a967-1b02a861392b"
    },
    {
        "major": "Journalism - B.A.",
        "key": "74/6/to/76/Major/cfb48d9b-0c5f-4500-9237-e74ab7b69ca6"
    },
    {
        "major": "Kinesiology - B.S.",
        "key": "74/6/to/76/Major/0cc0a130-1f91-42e8-b981-aefc99dfcea2"
    },
    {
        "major": "Latin-American Studies - B.A.",
        "key": "74/6/to/76/Major/597d5570-a187-4ca6-b3e2-6e6a3230f98e"
    },
    {
        "major": "Liberal Studies - B.A.",
        "key": "74/6/to/76/Major/6a9dd4a7-3d3d-4fa9-9b72-fe22cbb511be"
    },
    {
        "major": "Management Option, B.S.B.A.",
        "key": "74/6/to/76/Major/54ecc54a-8ada-48b3-97a0-94dcf65eed3e"
    },
    {
        "major": "Marketing Option, B.S.B.A.",
        "key": "74/6/to/76/Major/1678dfd7-120d-4aa9-8ffa-42d3cd4b984f"
    },
    {
        "major": "Mathematics - B.S.",
        "key": "74/6/to/76/Major/c0697d6e-2bbc-4090-a111-689f34bc0608"
    },
    {
        "major": "Mechanical Engineering - B.S.",
        "key": "74/6/to/76/Major/d930235c-0190-4883-92f3-d1abaa066988"
    },
    {
        "major": "Music - B.A.",
        "key": "74/6/to/76/Major/dba585c1-f5d8-4736-bd0f-f5bbe2ed8a2c"
    },
    {
        "major": "Music - B.M.",
        "key": "74/6/to/76/Major/f7dcb1b2-c68c-4e68-b07c-e0efefac41d4"
    },
    {
        "major": "Natural Science - B.S. ",
        "key": "74/6/to/76/Major/fa5275c6-3002-4a41-b510-843d611eca47"
    },
    {
        "major": "Nursing - B.S.",
        "key": "74/6/to/76/Major/b1311525-50ab-4fc1-bf3a-62d3d61d0eda"
    },
    {
        "major": "Nutritional Science, B.S.",
        "key": "74/6/to/76/Major/a4f17da6-8264-4608-8fa8-0b70edb02111"
    },
    {
        "major": "Operations and Supply Chain Management Option, B.S.B.A.",
        "key": "74/6/to/76/Major/5a4c3b08-80e6-4135-9b6b-73dbadb9233f"
    },
    {
        "major": "Pan-African Studies - B.A.",
        "key": "74/6/to/76/Major/f7f8fdcd-9034-4f50-9526-1bdab78a1e47"
    },
    {
        "major": "Philosophy - B.A.",
        "key": "74/6/to/76/Major/f1102050-9e73-40d9-9374-3ac282882fd1"
    },
    {
        "major": "Physics - B.A.",
        "key": "74/6/to/76/Major/4062b119-ba2c-4556-8f1f-af94fa64bfc9"
    },
    {
        "major": "Physics - B.S.",
        "key": "74/6/to/76/Major/5f0a450f-18db-4fdd-8af4-0a001d86ba20"
    },
    {
        "major": "Political Science - B.A.",
        "key": "74/6/to/76/Major/d8feda3e-0597-4719-9608-827a3b4f011a"
    },
    {
        "major": "Psychology - B.A.",
        "key": "74/6/to/76/Major/3890c65d-de2a-4c83-8bad-78e859b6b454"
    },
    {
        "major": "Public Health - B.S.",
        "key": "74/6/to/76/Major/152d9347-22bb-4140-a82d-94ad76797907"
    },
    {
        "major": "Real Estate Option, B.S.B.A.",
        "key": "74/6/to/76/Major/0f26eb7b-dd0b-4e95-bcfc-0c5ade09c8ee"
    },
    {
        "major": "Rehabilitation Services, B.S.",
        "key": "74/6/to/76/Major/e2220eb0-65f5-47df-8899-2c00f9de6e14"
    },
    {
        "major": "Social Work - B.A.",
        "key": "74/6/to/76/Major/86559d7c-f863-41bd-ac14-96627f0573a2"
    },
    {
        "major": "Sociology - B.A.",
        "key": "74/6/to/76/Major/17199876-e96b-4774-802b-fcbf73a29c97"
    },
    {
        "major": "Spanish - B.A.",
        "key": "74/6/to/76/Major/6826cfe7-fbc0-4b65-a352-811f78d4ee80"
    },
    {
        "major": "Television, Film and Media Studies, B.A.",
        "key": "74/6/to/76/Major/24f6711f-32f6-4120-be8e-545dd073739e"
    },
    {
        "major": "Theatre - B.A.",
        "key": "74/6/to/76/Major/e4e0c315-5947-4bd4-90df-64526a46d23f"
    },
    {
        "major": "Urban Learning, B.A.",
        "key": "74/6/to/76/Major/a18a39f2-b0ca-40c2-9c1e-9b1283639bd6"
    },
    {
        "major": "Women's, Gender, and Sexuality Studies, B.A.",
        "key": "74/6/to/76/Major/dc984984-001e-4311-9c8d-4217dbeddec3"
    }
]