[
    {
        "major": "American Indian Studies",
        "key": 25854678
    },
    {
        "major": "Anthropology",
        "key": 25854544
    },
    {
        "major": "Applied Physics - Applied Electronics Option",
        "key": 25854670
    },
    {
        "major": "Applied Physics - General Option",
        "key": 25854833
    },
    {
        "major": "Art, Media, and Design, Art and Visual Culture Option",
        "key": 25854859
    },
    {
        "major": "Art, Media, and Design, Digital and Media Arts Option",
        "key": 25854849
    },
    {
        "major": "Biochemistry",
        "key": 25854550
    },
    {
        "major": "Biological Sciences",
        "key": 25854558
    },
    {
        "major": "Biotechnology",
        "key": 25854568
    },
    {
        "major": "Business Administration - All Options",
        "key": 25854827
    },
    {
        "major": "Chemistry, Chemistry Education Option",
        "key": 25854576
    },
    {
        "major": "Chemistry, General Chemistry Option",
        "key": 25854584
    },
    {
        "major": "Child and Adolescent Development, B.A.",
        "key": 25854591
    },
    {
        "major": "Communication",
        "key": 25854597
    },
    {
        "major": "Computer Science - CIS Option",
        "key": 25854763
    },
    {
        "major": "Computer Science - CS Option",
        "key": 25854663
    },
    {
        "major": "Criminology and Justice Studies",
        "key": 25854603
    },
    {
        "major": "Economics",
        "key": 25854610
    },
    {
        "major": "Electrical Engineering",
        "key": 25854818
    },
    {
        "major": "Environmental Studies",
        "key": 25854771
    },
    {
        "major": "Ethnic Studies",
        "key": 25854683
    },
    {
        "major": "Geography",
        "key": 25854906
    },
    {
        "major": "Global Studies",
        "key": 25854617
    },
    {
        "major": "History",
        "key": 25854623
    },
    {
        "major": "History Single-Subject Preparation for Teaching Option",
        "key": 25854693
    },
    {
        "major": "Human Development, All Options",
        "key": 25854840
    },
    {
        "major": "Kinesiology - Health Science Option",
        "key": 25854757
    },
    {
        "major": "Kinesiology - Movement Science Option",
        "key": 25854745
    },
    {
        "major": "Liberal Studies, Integrated Teacher Education Program Option (ITEP)",
        "key": 25854891
    },
    {
        "major": "Liberal Studies, Teaching - Elementary Subject Matter Preparation",
        "key": 25854880
    },
    {
        "major": "Literature and Writing Studies",
        "key": 25854629
    },
    {
        "major": "Mathematics",
        "key": 25854639
    },
    {
        "major": "Media Studies",
        "key": 25854700
    },
    {
        "major": "Music ",
        "key": 25854707
    },
    {
        "major": "Nursing, All Options",
        "key": 25854780
    },
    {
        "major": "Political Science",
        "key": 25854644
    },
    {
        "major": "Psychological Science",
        "key": 25854714
    },
    {
        "major": "Social Sciences",
        "key": 25854726
    },
    {
        "major": "Sociology, Aging and the Life Course Concentration",
        "key": 25854810
    },
    {
        "major": "Sociology, Children, Youth, and Families Concentration",
        "key": 25854805
    },
    {
        "major": "Sociology, Critical Race Studies Concentration",
        "key": 25854799
    },
    {
        "major": "Sociology, Health, Education, and Welfare Concentration",
        "key": 25854792
    },
    {
        "major": "Sociology, Standard Concentration",
        "key": 25854785
    },
    {
        "major": "Software Engineering",
        "key": 25854737
    },
    {
        "major": "Spanish",
        "key": 25854652
    },
    {
        "major": "Theatre",
        "key": 25854899
    },
    {
        "major": "Women's, Gender, and Sexuality Studies",
        "key": 25854867
    }
]