[
    {
        "major": "Anthropology B.A.",
        "key": 26880395
    },
    {
        "major": "Art B.A. - Art Education Concentration",
        "key": 26880411
    },
    {
        "major": "Art B.A. - Art History & Museum Studies Concentration",
        "key": 26880511
    },
    {
        "major": "Art B.A. - Art Studio Concentration",
        "key": 26880425
    },
    {
        "major": "Art B.F.A. - Fine Arts ",
        "key": 26880470
    },
    {
        "major": "Biology B.S. - Cellular/Molecular Biology Concentration",
        "key": 26880427
    },
    {
        "major": "Biology B.S. - Ecology Concentration",
        "key": 26880474
    },
    {
        "major": "Biology B.S. - General Biology Concentration",
        "key": 26880433
    },
    {
        "major": "Biology B.S. - Marine Biology Concentration",
        "key": 26880432
    },
    {
        "major": "Biology B.S. - Microbiology Concentration",
        "key": 26880434
    },
    {
        "major": "Biology B.S. - Science Education Concentration",
        "key": 26880435
    },
    {
        "major": "Botany B.S.",
        "key": 26880424
    },
    {
        "major": "Business Administration B.S. - Accounting Concentration",
        "key": 26880405
    },
    {
        "major": "Business Administration B.S. - Economics Concentration",
        "key": 26880415
    },
    {
        "major": "Business Administration B.S. - Finance Concentration",
        "key": 26880409
    },
    {
        "major": "Business Administration B.S. - Marketing Concentration",
        "key": 26880410
    },
    {
        "major": "Business Administration B.S. - New Venture Management Concentration",
        "key": 26880473
    },
    {
        "major": "Chemistry B.A.",
        "key": 26880437
    },
    {
        "major": "Chemistry B.S.",
        "key": 26880436
    },
    {
        "major": "Chemistry B.S. - Biochemistry Concentration",
        "key": 26880439
    },
    {
        "major": "Child Development & Family Relations B.A. - Child & Family Services Concentration",
        "key": 26880477
    },
    {
        "major": "Child Development & Family Relations B.A. - Specialized Studies Concentration",
        "key": 26880472
    },
    {
        "major": "Child Development & Family Relations B.A. - Teaching Concentration",
        "key": 26880475
    },
    {
        "major": "Communication B.A.",
        "key": 26877395
    },
    {
        "major": "Computer Science B.S.",
        "key": 26877399
    },
    {
        "major": "Criminology and Justice Studies B.A.",
        "key": 26877398
    },
    {
        "major": "Critical Race, Gender & Sexuality Studies B.A.",
        "key": 26877405
    },
    {
        "major": "Dance Studies [Interdisciplinary Studies B.A - Dance Studies Concentration]",
        "key": 26877476
    },
    {
        "major": "Economics B.A.",
        "key": 26877471
    },
    {
        "major": "English B.A.",
        "key": 26877486
    },
    {
        "major": "English B.A. - English Education Concentration",
        "key": 26880490
    },
    {
        "major": "Environmental Resource Engineering B.S.",
        "key": 26877401
    },
    {
        "major": "Environmental Science & Management - Ecological Restoration",
        "key": 26877461
    },
    {
        "major": "Environmental Science & Management - Energy & Climate",
        "key": 26877463
    },
    {
        "major": "Environmental Science & Management - Environmental Education & Interpretation",
        "key": 26877464
    },
    {
        "major": "Environmental Science & Management - Environmental Planning & Policy",
        "key": 26877465
    },
    {
        "major": "Environmental Science & Management - Geospatial Science",
        "key": 26877466
    },
    {
        "major": "Environmental Studies B.A.",
        "key": 26877409
    },
    {
        "major": "Film B.A.",
        "key": 26877407
    },
    {
        "major": "Fisheries Biology B.S. - Aquaculture Concentration",
        "key": 26877467
    },
    {
        "major": "Fisheries Biology B.S. - Freshwater Fisheries Concentration",
        "key": 26877415
    },
    {
        "major": "Fisheries Biology B.S. - Marine Fisheries Concentration",
        "key": 26877417
    },
    {
        "major": "Forestry B.S. - Forest Hydrology Concentration",
        "key": 26877423
    },
    {
        "major": "Forestry B.S. - Forest Operations Concentration",
        "key": 26877421
    },
    {
        "major": "Forestry B.S. - Forest Restoration Concentration",
        "key": 26877468
    },
    {
        "major": "Forestry B.S. - Forest Soils Concentration",
        "key": 26877424
    },
    {
        "major": "Forestry B.S. - Tribal Forestry Concentration",
        "key": 26877470
    },
    {
        "major": "Forestry B.S. - Wildland Fire Management Concentration",
        "key": 26877427
    },
    {
        "major": "French & Francophone Studies B.A.",
        "key": 26877425
    },
    {
        "major": "Geography B.A.",
        "key": 26877426
    },
    {
        "major": "Geology B.A. - Geosciences Concentration",
        "key": 26877428
    },
    {
        "major": "Geology B.S.",
        "key": 26877429
    },
    {
        "major": "History B.A.",
        "key": 26877430
    },
    {
        "major": "History B.A. - History Education Concentration",
        "key": 26877431
    },
    {
        "major": "International Studies B.A. - Chinese Studies Concentration",
        "key": 26877433
    },
    {
        "major": "International Studies B.A. - Development Studies Concentration",
        "key": 26877477
    },
    {
        "major": "International Studies B.A. - European Studies Concentration",
        "key": 26877432
    },
    {
        "major": "International Studies B.A. - Global Cultural Studies Concentration",
        "key": 26877435
    },
    {
        "major": "International Studies B.A. - Latin American Studies Concentration",
        "key": 26877437
    },
    {
        "major": "Journalism B.A. - News Concentration",
        "key": 26877434
    },
    {
        "major": "Journalism B.A. - Public Relations Concentration",
        "key": 26877436
    },
    {
        "major": "Kinesiology B.S. - Exercise Science Concentration",
        "key": 26877478
    },
    {
        "major": "Kinesiology B.S. - Health Promotion Concentration",
        "key": 26877479
    },
    {
        "major": "Kinesiology B.S. - Physical Education Teaching Concentration",
        "key": 26877439
    },
    {
        "major": "Kinesiology B.S. - Pre-Health Professions Concentration",
        "key": 26877481
    },
    {
        "major": "Leadership Studies [Interdisciplinary Studies B.A. - Leadership Studies Concentration]",
        "key": 26877480
    },
    {
        "major": "Liberal Studies B.A. - Child Development/Elementary Education Concentration",
        "key": 26877482
    },
    {
        "major": "Liberal Studies B.A. - Elementary Education Concentration",
        "key": 26877440
    },
    {
        "major": "Mathematics B.A.",
        "key": 26877438
    },
    {
        "major": "Music B.A. - Composition Concentration",
        "key": 26877441
    },
    {
        "major": "Music B.A. - Music Education Concentration",
        "key": 26877442
    },
    {
        "major": "Music B.A. - Music Studies Concentration",
        "key": 26877443
    },
    {
        "major": "Music B.A. - Performance Concentration",
        "key": 26877444
    },
    {
        "major": "Native American Studies B.A.",
        "key": 26877446
    },
    {
        "major": "Nursing B.S.N. (RN-BSN)",
        "key": 26877483
    },
    {
        "major": "Oceanography B.S.",
        "key": 26877448
    },
    {
        "major": "Philosophy B.A.",
        "key": 26877445
    },
    {
        "major": "Physical Science B.A.",
        "key": 26877469
    },
    {
        "major": "Physics B.S.",
        "key": 26877447
    },
    {
        "major": "Physics B.S. - Astronomy Concentration",
        "key": 26877450
    },
    {
        "major": "Political Science B.A. - Global Politics Concentration",
        "key": 26877474
    },
    {
        "major": "Political Science B.A. - Law & Policy Concentration",
        "key": 26877472
    },
    {
        "major": "Political Science B.A. - Politics of Environment & Sustainability Concentration",
        "key": 26877473
    },
    {
        "major": "Political Science B.A. - Traditional Concentration",
        "key": 26877475
    },
    {
        "major": "Psychology B.A.",
        "key": 26877449
    },
    {
        "major": "Rangeland Resource Science B.S.",
        "key": 26877451
    },
    {
        "major": "Rangeland Resource Science B.S. - Wildland Soil Science Concentration",
        "key": 26877452
    },
    {
        "major": "Recreation Administration B.A.",
        "key": 26877454
    },
    {
        "major": "Religious Studies B.A.",
        "key": 26877453
    },
    {
        "major": "Social Work B.A.",
        "key": 26877455
    },
    {
        "major": "Sociology B.A.",
        "key": 26877456
    },
    {
        "major": "Spanish B.A.",
        "key": 26877457
    },
    {
        "major": "Theatre Arts B.A.",
        "key": 26877458
    },
    {
        "major": "Wildlife B.S. - Conservation Biology/Applied Vertebrate Ecology Concentration",
        "key": 26877460
    },
    {
        "major": "Wildlife B.S. - Wildlife Management & Conservation Concentration",
        "key": 26877459
    },
    {
        "major": "Zoology B.S.",
        "key": 26877462
    }
]