[
    {
        "major": "Aerospace Engineering",
        "key": 7962022
    },
    {
        "major": "Anthropology",
        "key": 7962023
    },
    {
        "major": "Art - Emphasis in Applied Design",
        "key": 7962024
    },
    {
        "major": "Art - Emphasis in Art History",
        "key": 7962025
    },
    {
        "major": "Art - Emphasis in Interior Design",
        "key": 7962026
    },
    {
        "major": "Art - Emphasis in Multimedia",
        "key": 7962027
    },
    {
        "major": "Art - Emphasis in Painting and Printmaking",
        "key": 7962028
    },
    {
        "major": "Art - Emphasis in Sculpture",
        "key": 7962029
    },
    {
        "major": "Art - Emphasis in Studio Arts",
        "key": 7962030
    },
    {
        "major": "Art - for the Single Subject Teaching Credential",
        "key": 7962031
    },
    {
        "major": "Art -- Emphasis in Graphic Design",
        "key": 7962032
    },
    {
        "major": "Biology",
        "key": 7962035
    },
    {
        "major": "Biology - Emphasis in Bioengineering",
        "key": 7962034
    },
    {
        "major": "Business Administration",
        "key": 7962036
    },
    {
        "major": "Chemical Physics",
        "key": 7962044
    },
    {
        "major": "Chemistry - Emphasis in Biochemistry",
        "key": 7962042
    },
    {
        "major": "Chemistry with a BA Degree",
        "key": 7962041
    },
    {
        "major": "Chemistry-BA with Certificate of the American Chemical Society",
        "key": 7962040
    },
    {
        "major": "Chemistry-BS with Certificate of the American Chemical Society",
        "key": 7962043
    },
    {
        "major": "Child Development",
        "key": 7962037
    },
    {
        "major": "Civil Engineering",
        "key": 7962038
    },
    {
        "major": "Communication",
        "key": 7962054
    },
    {
        "major": "Communication - Emphasis in Telecommunications and Film",
        "key": 7962056
    },
    {
        "major": "Computer Engineering",
        "key": 7962057
    },
    {
        "major": "Computer Science",
        "key": 7962039
    },
    {
        "major": "Construction Engineering",
        "key": 7962059
    },
    {
        "major": "Criminal Justice",
        "key": 7962046
    },
    {
        "major": "Economics",
        "key": 7962065
    },
    {
        "major": "Economics - Emphasis in International Economics",
        "key": 7962062
    },
    {
        "major": "Economics - Emphasis in Public Policy",
        "key": 7962063
    },
    {
        "major": "Economics - Specialization in Quantitative Analysis",
        "key": 7962064
    },
    {
        "major": "Electrical Engineering",
        "key": 7962061
    },
    {
        "major": "English -- Single Subject Teaching",
        "key": 7962066
    },
    {
        "major": "English, B.A. Liberal Arts",
        "key": 7962067
    },
    {
        "major": "Environmental Engineering",
        "key": 7962068
    },
    {
        "major": "Environmental Sciences",
        "key": 7962069
    },
    {
        "major": "Environmental Sciences - Emphasis in Watershed Science",
        "key": 7962070
    },
    {
        "major": "Foods and Nutrition",
        "key": 7962071
    },
    {
        "major": "Geography - Emphasis in Geographic Information Science",
        "key": 7962076
    },
    {
        "major": "Geography - Emphasis in Methods of Geographic Analysis",
        "key": 7962074
    },
    {
        "major": "Geography - Emphasis in Physical Geography",
        "key": 7962077
    },
    {
        "major": "Geography - Emphasis in Urban and Regional Analysis",
        "key": 7962078
    },
    {
        "major": "Geography - General",
        "key": 7962075
    },
    {
        "major": "Geography - Nat Resource and Environmental Geog (Analysis)",
        "key": 7962072
    },
    {
        "major": "Geography - Nat Resource and Environmental Geog (Policy)",
        "key": 7962073
    },
    {
        "major": "Geological Science - Emphasis in Geochemistry",
        "key": 7962081
    },
    {
        "major": "Geological Science - Emphasis in Marine Geology",
        "key": 7962085
    },
    {
        "major": "Geological Sciences - Emphasis in Engineering Geology",
        "key": 7962079
    },
    {
        "major": "Geological Sciences - Emphasis in Geophysics",
        "key": 7962082
    },
    {
        "major": "Geological Sciences - Emphasis in Hydrogeology",
        "key": 7962084
    },
    {
        "major": "Geological Sciences - Emphasis in Paleontology",
        "key": 7962086
    },
    {
        "major": "Geological Sciences - General",
        "key": 7962080
    },
    {
        "major": "Gerontology",
        "key": 7962089
    },
    {
        "major": "Health Science - Emphasis in Public Health",
        "key": 7962091
    },
    {
        "major": "History",
        "key": 7962090
    },
    {
        "major": "Hospitality and Tourism Management-Emphasis in Tribal Gaming Oper & Mgt",
        "key": 7962095
    },
    {
        "major": "International Business",
        "key": 7962097
    },
    {
        "major": "Journalism",
        "key": 7962101
    },
    {
        "major": "Journalism - Emphasis in Advertising",
        "key": 7962049
    },
    {
        "major": "Journalism - Emphasis in Media Studies",
        "key": 7962052
    },
    {
        "major": "Journalism - Emphasis in Public Relations",
        "key": 7962053
    },
    {
        "major": "Kinesiology - Emphasis in Athletic Training",
        "key": 7962102
    },
    {
        "major": "Kinesiology - Emphasis in Fitness Specialist",
        "key": 7962103
    },
    {
        "major": "Kinesiology - Emphasis in Physical Education",
        "key": 7962104
    },
    {
        "major": "Kinesiology - Pre-Physical Therapy Rehabilitative Science",
        "key": 7962105
    },
    {
        "major": "Kinesiology-Emphasis in Prephysical Therapy",
        "key": 7962106
    },
    {
        "major": "Liberal Studies",
        "key": 7962107
    },
    {
        "major": "Mechanical Engineering",
        "key": 7962110
    },
    {
        "major": "Microbiology",
        "key": 7962111
    },
    {
        "major": "Nursing",
        "key": 7962114
    },
    {
        "major": "Political Science",
        "key": 7962117
    },
    {
        "major": "Psychology - B.A. Liberal",
        "key": 7962118
    },
    {
        "major": "Public Administration",
        "key": 7962120
    },
    {
        "major": "Recreation Administration-Emphasis in Outdoor Resource Mgt",
        "key": 7962121
    },
    {
        "major": "Recreation Administration-Emphasis in Recreation Systems Mgt",
        "key": 7962122
    },
    {
        "major": "Religious Studies",
        "key": 7962124
    },
    {
        "major": "Social Science",
        "key": 7962129
    },
    {
        "major": "Social Science - Single Subject Teaching",
        "key": 7962128
    },
    {
        "major": "Social Work",
        "key": 7962130
    },
    {
        "major": "Sociology",
        "key": 7962131
    },
    {
        "major": "Spanish",
        "key": 7962133
    },
    {
        "major": "Spanish - Single Subject Teaching",
        "key": 7962132
    },
    {
        "major": "Television, Film and New Media-Emphasis in Production",
        "key": 7962134
    },
    {
        "major": "Theatre Arts - Design and Technology for the Theatre",
        "key": 7962136
    },
    {
        "major": "Theatre Arts - Emphasis in Design for Television and Film",
        "key": 7962137
    },
    {
        "major": "Theatre Arts - Emphasis in Performance",
        "key": 7962139
    },
    {
        "major": "Theatre Arts - Emphasis in Youth Theatre",
        "key": 7962135
    },
    {
        "major": "Theatre Arts General Program",
        "key": 7962138
    },
    {
        "major": "Urban Studies",
        "key": 7962148
    },
    {
        "major": "Women's Studies",
        "key": 7962149
    }
]