[
    {
        "major": "Actuarial Science, B.S.",
        "key": "74/6/to/46/Major/0b7608ff-b7f3-496b-06dc-08dbdfe94f52"
    },
    {
        "major": "African American Studies, B.A.",
        "key": "74/6/to/46/Major/0c4fa28b-ca94-4b60-9c32-d2af7fbc3490"
    },
    {
        "major": "Anthropology, B.A. or B.S.",
        "key": "74/6/to/46/Major/705b5a10-120b-4ec7-8f38-be267776772a"
    },
    {
        "major": "Art History, B.A.",
        "key": "74/6/to/46/Major/562e8090-1954-456a-9ffb-872a9f132dc3"
    },
    {
        "major": "Art History/Administrative Studies, B.A.",
        "key": "74/6/to/46/Major/d8400500-a983-49f6-a995-6e1d024bcc38"
    },
    {
        "major": "Art History/Religious Studies, B.A.",
        "key": "74/6/to/46/Major/68725b24-2f55-4e8e-aa76-e89f265abe26"
    },
    {
        "major": "Art, B.A.",
        "key": "74/6/to/46/Major/189f099d-ae0d-4ba1-8f54-e58dd9327b46"
    },
    {
        "major": "Asian American Studies, B.A.",
        "key": "74/6/to/46/Major/769c4404-7e6c-4f6d-b586-0f89c6472f4b"
    },
    {
        "major": "Asian Studies, B.A.",
        "key": "74/6/to/46/Major/c1bbe775-8f45-4996-9b3f-43e689c326ef"
    },
    {
        "major": "Biochemistry, B.A. or B.S.",
        "key": "74/6/to/46/Major/c338ff56-1632-4541-a053-63f14ef55195"
    },
    {
        "major": "Bioengineering, B.S.",
        "key": "74/6/to/46/Major/cd772a89-0dd9-4c44-8caf-26ca0d14edba"
    },
    {
        "major": "Biology, B.A. or B.S.",
        "key": "74/6/to/46/Major/9d58b7a3-7d39-47e5-8c0b-d857ba3264fc"
    },
    {
        "major": "Business Administration, B.S.",
        "key": "74/6/to/46/Major/9c435da2-316f-4646-b102-f232aaeb936c"
    },
    {
        "major": "Business Economics, B.A.",
        "key": "74/6/to/46/Major/57965930-e781-4215-a793-d1c31db636a7"
    },
    {
        "major": "Cell, Molecular and Developmental Biology, B.A. or B.S.",
        "key": "74/6/to/46/Major/17ff5c54-1643-41c5-8ec5-cd3301ef313b"
    },
    {
        "major": "Chemical Engineering, B.S.",
        "key": "74/6/to/46/Major/a5a34af1-11d6-4f8c-bb5c-e4f5835a4cc0"
    },
    {
        "major": "Chemistry, B.A. or B.S.",
        "key": "74/6/to/46/Major/759229b4-2a66-4602-b7c4-7094b4e669e6"
    },
    {
        "major": "Chicano Studies, B.A.",
        "key": "74/6/to/46/Major/dc030a0c-088f-48c6-9c4b-7665465c7238"
    },
    {
        "major": "Computer Engineering, B.S.",
        "key": "74/6/to/46/Major/5da33d85-e212-46c8-a08c-d57abf15d8f6"
    },
    {
        "major": "Computer Science with Business Applications B.S.",
        "key": "74/6/to/46/Major/e88ba77b-7fe5-4f82-a5bc-6a0afe133a68"
    },
    {
        "major": "Computer Science, B.S.",
        "key": "74/6/to/46/Major/d4cd7802-913b-4739-99d6-986a9a0783e3"
    },
    {
        "major": "Creative Writing, B.A.",
        "key": "74/6/to/46/Major/e453da53-7c28-4d52-8e21-7a966938aacb"
    },
    {
        "major": "Dance, B.A.",
        "key": "74/6/to/46/Major/03a2bb16-c7b2-4d30-9eab-5a4435368ed5"
    },
    {
        "major": "Data Science, B.S.",
        "key": "74/6/to/46/Major/c57d8950-1866-494b-be49-0b759f6ddc97"
    },
    {
        "major": "Earth and Planetary Sciences, B.S.",
        "key": "74/6/to/46/Major/a18bd8a5-06e7-4e4c-9f55-fac4df4f4ac1"
    },
    {
        "major": "Economics, B.A.",
        "key": "74/6/to/46/Major/cc8bc0af-59b7-4754-abe6-a1f7db7a052e"
    },
    {
        "major": "Economics/Administrative Studies, B.A.",
        "key": "74/6/to/46/Major/6950f95c-f167-474d-b168-73e669e797db"
    },
    {
        "major": "Education, Society, and Human Development, B.A.",
        "key": "74/6/to/46/Major/8fbaf5d7-b864-448e-a341-edc560089ec7"
    },
    {
        "major": "Electrical Engineering, B.S.",
        "key": "74/6/to/46/Major/9a22a1eb-e0d4-4426-a9cd-caf22e348676"
    },
    {
        "major": "English, B.A.",
        "key": "74/6/to/46/Major/9310e6e8-759f-4924-8a22-a4b7669cadf5"
    },
    {
        "major": "Entomology, B.A. or B.S.",
        "key": "74/6/to/46/Major/360d52c1-a694-475b-b953-7359d73fbc47"
    },
    {
        "major": "Environmental Engineering, B.S.",
        "key": "74/6/to/46/Major/7cdc4da0-acd4-404a-b6f4-3f60517b712b"
    },
    {
        "major": "Environmental Sciences, B.A. or B.S.",
        "key": "74/6/to/46/Major/cc0d6260-676d-4412-86cd-a3046415e20b"
    },
    {
        "major": "Ethnic Studies, B.A.",
        "key": "74/6/to/46/Major/2e8ed0b6-fc07-4c6c-a7bb-8c6bd317b0f0"
    },
    {
        "major": "Gender and Sexuality Studies B.A.",
        "key": "74/6/to/46/Major/f76dfe54-000b-4747-bb27-dd8fa14aa573"
    },
    {
        "major": "Geology, B.S.",
        "key": "74/6/to/46/Major/a155b5eb-e0aa-4d80-ba65-a2a8680d7dad"
    },
    {
        "major": "Geophysics, B.S.",
        "key": "74/6/to/46/Major/5a077d38-0735-427e-9c67-7e4cc04da022"
    },
    {
        "major": "Global Studies, B.A.",
        "key": "74/6/to/46/Major/c3dcf259-55a0-4631-bcb4-4bdff6744820"
    },
    {
        "major": "History, B.A.",
        "key": "74/6/to/46/Major/dd5d9a89-de12-4a80-813a-a4df3784092e"
    },
    {
        "major": "History/Administrative Studies, B.A.",
        "key": "74/6/to/46/Major/0a96e2e0-c499-49f2-9a85-c344ac05c341"
    },
    {
        "major": "Humanities, Arts, and Social Sciences Interdisciplinary, B.A.",
        "key": "74/6/to/46/Major/17784617-6d2f-401d-8b2f-279bfc058db1"
    },
    {
        "major": "Languages and Literatures/Chinese, B.A.",
        "key": "74/6/to/46/Major/a470f24b-3129-42fe-a126-56e1e746ce21"
    },
    {
        "major": "Languages and Literatures/Classical Studies, B.A.",
        "key": "74/6/to/46/Major/ac5a026f-a2de-46be-a44b-e571e3cc68ac"
    },
    {
        "major": "Languages and Literatures/Comparative Ancient Civilizations, B.A.",
        "key": "74/6/to/46/Major/05abc47b-1e1e-41e3-a891-a89b11ec6611"
    },
    {
        "major": "Languages and Literatures/Comparative Literature, B.A.",
        "key": "74/6/to/46/Major/4746d77a-5c73-46b6-992c-2216e9c39325"
    },
    {
        "major": "Languages and Literatures/French, B.A.",
        "key": "74/6/to/46/Major/a6a59b76-5b62-40bf-a088-bdeeed38ed1e"
    },
    {
        "major": "Languages and Literatures/Germanic Studies, B.A.",
        "key": "74/6/to/46/Major/a880335b-002f-4f57-b0ba-bf212f9706c2"
    },
    {
        "major": "Languages and Literatures/Japanese, B.A.",
        "key": "74/6/to/46/Major/c496c6be-f9a7-4042-8a2b-531240faec6c"
    },
    {
        "major": "Languages and Literatures/Languages, B.A.",
        "key": "74/6/to/46/Major/62924241-2125-4f2a-aada-a44f0f8119cc"
    },
    {
        "major": "Languages and Literatures/Russian, B.A.",
        "key": "74/6/to/46/Major/eb20a115-736d-46e0-9b75-b3c40075aa2f"
    },
    {
        "major": "Latin American Studies, B.A.",
        "key": "74/6/to/46/Major/eff038dc-e1f8-4339-9ba5-978b199d685a"
    },
    {
        "major": "Liberal Studies, B.A.",
        "key": "74/6/to/46/Major/eefc4a82-f02b-4727-8172-2b1412d9f35e"
    },
    {
        "major": "Linguistics, B.A.",
        "key": "74/6/to/46/Major/d3279cec-dddd-46f4-be77-d3fc437cf381"
    },
    {
        "major": "Materials Science and Engineering, B.S.",
        "key": "74/6/to/46/Major/dea1bb58-90c7-4c2e-b7d5-3ac0bb9cca91"
    },
    {
        "major": "Mathematics for Secondary School Teachers, B.S.",
        "key": "74/6/to/46/Major/643e1011-be8f-44a3-a306-70c125336890"
    },
    {
        "major": "Mathematics, B.A. or B.S.",
        "key": "74/6/to/46/Major/bc76f43a-dc5b-4dbd-a98d-d4ace563d87b"
    },
    {
        "major": "Mechanical Engineering, B.S.",
        "key": "74/6/to/46/Major/8ac98d9d-ce12-4c2a-ab46-d0982e47a217"
    },
    {
        "major": "Media and Cultural Studies, B.A.",
        "key": "74/6/to/46/Major/79a52383-f402-4705-85c5-664acbe46934"
    },
    {
        "major": "Microbiology, B.S.",
        "key": "74/6/to/46/Major/b7f00524-0698-4f73-be81-6c4a587e13d7"
    },
    {
        "major": "Middle East and Islamic Studies, B.A.",
        "key": "74/6/to/46/Major/acb5789a-3c9d-4512-8da8-b75a6f64545f"
    },
    {
        "major": "Music and Culture, B.A.",
        "key": "74/6/to/46/Major/ff9a6bad-9b8a-45df-9742-c3bb781882c7"
    },
    {
        "major": "Music, B.A.",
        "key": "74/6/to/46/Major/7d4fd099-c0ed-4deb-b7ba-c4cb12699829"
    },
    {
        "major": "Native American Studies, B.A.",
        "key": "74/6/to/46/Major/f20a228c-c3e8-4269-9a3f-e49306836e45"
    },
    {
        "major": "Neuroscience, B.A. or B.S.",
        "key": "74/6/to/46/Major/f0894766-d232-45a9-bf9d-d9b486b9938d"
    },
    {
        "major": "Philosophy, B.A.",
        "key": "74/6/to/46/Major/c20d5567-ea28-4641-ab14-f0a80858ef1b"
    },
    {
        "major": "Physics, B.A. or B.S.",
        "key": "74/6/to/46/Major/3c2ddccf-2d03-41fc-b472-f3932328b0a8"
    },
    {
        "major": "Plant Biology, B.A. or B.S.",
        "key": "74/6/to/46/Major/f0d3b2d1-f7da-40e3-a2f5-b8277437aa2e"
    },
    {
        "major": "Political Science, B.A.",
        "key": "74/6/to/46/Major/1dcd3ed0-a40c-42d9-ac52-a9db2fdce98c"
    },
    {
        "major": "Political Science/Administrative Studies, B.A.",
        "key": "74/6/to/46/Major/1e446cbb-796d-478a-8439-d07b638be98b"
    },
    {
        "major": "Political Science/International Affairs, B.A.",
        "key": "74/6/to/46/Major/b24e7439-7260-4b4f-9608-419fdc2ed7b0"
    },
    {
        "major": "Political Science/Public Service, B.A.",
        "key": "74/6/to/46/Major/58223c55-f7cb-4271-8253-a1027c778efe"
    },
    {
        "major": "Psychology, B.A. and B.S.",
        "key": "74/6/to/46/Major/2ed87263-41ca-4261-9efa-ee4c696baf80"
    },
    {
        "major": "Public Policy, B.A.",
        "key": "74/6/to/46/Major/3b64db81-770c-4bc6-85aa-551123d058cc"
    },
    {
        "major": "Religious Studies, B.A.",
        "key": "74/6/to/46/Major/625c652f-9993-453d-b7ec-10b2a219aaff"
    },
    {
        "major": "Robotics, B.S.",
        "key": "74/6/to/46/Major/322a4e71-516a-4c93-8ae2-c224851b3215"
    },
    {
        "major": "Sociology, B.A. or B.S.",
        "key": "74/6/to/46/Major/447fa978-2355-47fa-b696-1afdb3d35dd2"
    },
    {
        "major": "Sociology/Administrative Studies, B.A. or B.S.",
        "key": "74/6/to/46/Major/cf6a9f74-24c2-4fe5-b563-35c2f58e82ea"
    },
    {
        "major": "Spanish, B.A.",
        "key": "74/6/to/46/Major/9ad36646-7cfc-4ca2-82af-2ef1e8e8c652"
    },
    {
        "major": "Statistics, B.A. or B.S.",
        "key": "74/6/to/46/Major/59493b6f-ee0b-40b7-9144-d93c271b7034"
    },
    {
        "major": "Sustainability Studies, B.S.",
        "key": "74/6/to/46/Major/dd990259-956e-4aeb-a4eb-2ca3d842cc4c"
    },
    {
        "major": "Theatre, Film, and Digital Production B.A.",
        "key": "74/6/to/46/Major/edca1953-c97c-49c1-9503-6074f26fe68d"
    }
]