[
    {
        "major": "Advanced Manufacturing and Applied Robotics B.S.",
        "key": 26299271
    },
    {
        "major": "Agricultural Business B.S.",
        "key": 26299272
    },
    {
        "major": "Agricultural Science B.S. - Agricultural Communication and Leadership Option",
        "key": 26299273
    },
    {
        "major": "Agricultural Science B.S. - Agricultural Science and Education Option",
        "key": 26299274
    },
    {
        "major": "Animal Science B.S.",
        "key": 26299276
    },
    {
        "major": "Anthropology B.A.",
        "key": 26299275
    },
    {
        "major": "Art B.A. - Art Education Option",
        "key": 26299277
    },
    {
        "major": "Art B.A. - Art History Option",
        "key": 26299278
    },
    {
        "major": "Art B.A. - Art Studio Option",
        "key": 26299279
    },
    {
        "major": "Art B.F.A. - Art Studio Option",
        "key": 26299280
    },
    {
        "major": "Art B.F.A. - Interior Architecture Option",
        "key": 26299282
    },
    {
        "major": "Asian Studies B.A.",
        "key": 26299281
    },
    {
        "major": "Biochemistry B.S.",
        "key": 26299284
    },
    {
        "major": "Biological Sciences B.A.",
        "key": 26299283
    },
    {
        "major": "Biological Sciences B.S. - Cellular and Molecular Biology Option",
        "key": 26299285
    },
    {
        "major": "Biological Sciences B.S. - Ecological, Evolutionary, and Organismal Biology Option",
        "key": 26299286
    },
    {
        "major": "Biological Sciences B.S. - Plant Biology Option",
        "key": 26299287
    },
    {
        "major": "Business Administration B.S. - Accounting Option",
        "key": 26299289
    },
    {
        "major": "Business Administration B.S. - Entrepreneurship and Small Business Management Option",
        "key": 26299288
    },
    {
        "major": "Business Administration B.S. - Finance Option",
        "key": 26299290
    },
    {
        "major": "Business Administration B.S. - Human Resource Management Option",
        "key": 26299291
    },
    {
        "major": "Business Administration B.S. - Management Option",
        "key": 26299292
    },
    {
        "major": "Business Administration B.S. - Marketing Option",
        "key": 26299293
    },
    {
        "major": "Business Administration B.S. - Project Management Option",
        "key": 26299435
    },
    {
        "major": "Business Administration B.S. Online Degree Completion",
        "key": 26299493
    },
    {
        "major": "Business Information Systems B.S. - Business Analytics Option",
        "key": 26299494
    },
    {
        "major": "Business Information Systems B.S. - Management Information Systems Option",
        "key": 26299496
    },
    {
        "major": "Business Information Systems B.S. - Operations and Supply Chain Management Option",
        "key": 26299495
    },
    {
        "major": "Chemistry B.A.",
        "key": 26299498
    },
    {
        "major": "Chemistry B.S.",
        "key": 26299497
    },
    {
        "major": "Child Development B.A.",
        "key": 26299499
    },
    {
        "major": "Civil Engineering B.S. - Environmental and Water Resources Engineering",
        "key": 26299501
    },
    {
        "major": "Civil Engineering B.S. - General Civil Engineering",
        "key": 26299500
    },
    {
        "major": "Civil Engineering B.S.- Structural Engineering",
        "key": 26299502
    },
    {
        "major": "Communication Design B.F.A",
        "key": 26299504
    },
    {
        "major": "Communication Sciences and Disorders B.S.",
        "key": 26299503
    },
    {
        "major": "Communication Studies B.A. - Communication and Public Affairs Option",
        "key": 26299505
    },
    {
        "major": "Communication Studies B.A. - Organizational Communication Option",
        "key": 26299506
    },
    {
        "major": "Computer Animation and Game Development B.S. - Animation Production Option",
        "key": 26299508
    },
    {
        "major": "Computer Animation and Game Development B.S. - Game Development Option",
        "key": 26299507
    },
    {
        "major": "Computer Engineering B.S.",
        "key": 26299510
    },
    {
        "major": "Computer Information Systems B.S.",
        "key": 26299509
    },
    {
        "major": "Computer Science B.S.",
        "key": 26299511
    },
    {
        "major": "Concrete Industry Management B.S.",
        "key": 26299513
    },
    {
        "major": "Construction Management B.S.",
        "key": 26299512
    },
    {
        "major": "Criminal Justice B.A.",
        "key": 26299514
    },
    {
        "major": "Economics B.A.",
        "key": 26299515
    },
    {
        "major": "Electrical/Electronic Engineering B.S.",
        "key": 26299516
    },
    {
        "major": "English B.A. - English Education Option",
        "key": 26299518
    },
    {
        "major": "English B.A. - English Studies Option",
        "key": 26299517
    },
    {
        "major": "English B.A. - Literature Option",
        "key": 26299519
    },
    {
        "major": "Environmental Science B.S. - Applied Ecology Option",
        "key": 26299521
    },
    {
        "major": "Environmental Science B.S. - Atmosphere and Climate Option",
        "key": 26299520
    },
    {
        "major": "Environmental Science B.S. - Energy and Earth Resources Option",
        "key": 26299522
    },
    {
        "major": "Environmental Science B.S. - Hydrology Option",
        "key": 26299523
    },
    {
        "major": "Exercise Physiology B.S. ",
        "key": 26299525
    },
    {
        "major": "French B.A.",
        "key": 26299524
    },
    {
        "major": "Geography B.A. - Human Geography and Planning Option",
        "key": 26299526
    },
    {
        "major": "Geography B.A. - Physical and Environmental Geography Option",
        "key": 26299527
    },
    {
        "major": "Geology B.S.",
        "key": 26299528
    },
    {
        "major": "Geosciences B.S. - Physical Science Education Option",
        "key": 26299530
    },
    {
        "major": "Geosciences B.S. - Science Education Option: Geosciences Concentration",
        "key": 26299529
    },
    {
        "major": "German B.A. ",
        "key": 26299531
    },
    {
        "major": "Health Services Administration B.S.",
        "key": 26299532
    },
    {
        "major": "History B.A. - General History Option",
        "key": 26299533
    },
    {
        "major": "History B.A. - Social Science Pre-Credential Option",
        "key": 26299534
    },
    {
        "major": "Humanities B.A.",
        "key": 26299535
    },
    {
        "major": "International Relations B.A. ",
        "key": 26299537
    },
    {
        "major": "Intersectional Chicanx/Latinx Studies B.A.",
        "key": 26299536
    },
    {
        "major": "Journalism B.A. - News Option",
        "key": 26299539
    },
    {
        "major": "Journalism B.A. - Public Relations Option",
        "key": 26299538
    },
    {
        "major": "Kinesiology B.A. - Movement Studies Option",
        "key": 26299541
    },
    {
        "major": "Kinesiology B.A. - Outdoor Education Option",
        "key": 26299540
    },
    {
        "major": "Kinesiology B.A. - Physical Education Teacher Education (PETE) Option",
        "key": 26299543
    },
    {
        "major": "Latin American Studies B.A.",
        "key": 26299542
    },
    {
        "major": "Liberal Studies B.A. - Bilingual/Cross-Cultural Option",
        "key": 26299544
    },
    {
        "major": "Liberal Studies B.A. - General Option",
        "key": 26299545
    },
    {
        "major": "Liberal Studies B.A. - General Option (Online Degree Completion)",
        "key": 26299547
    },
    {
        "major": "Liberal Studies B.A. - Liberal Arts Option",
        "key": 26299546
    },
    {
        "major": "Linguistics B.A.",
        "key": 26299548
    },
    {
        "major": "Mathematics B.S. - Applied Mathematics Option",
        "key": 26299549
    },
    {
        "major": "Mathematics B.S. - Foundational Mathematics Education Option",
        "key": 26299550
    },
    {
        "major": "Mathematics B.S. - General Option in Mathematics",
        "key": 26299552
    },
    {
        "major": "Mathematics B.S. - Mathematics Education Option",
        "key": 26299551
    },
    {
        "major": "Mathematics B.S. - Statistics Option",
        "key": 26299553
    },
    {
        "major": "Mechanical Engineering B.S.",
        "key": 26299554
    },
    {
        "major": "Mechatronic Engineering B.S.",
        "key": 26299555
    },
    {
        "major": "Media Arts B.A. - Criticism Option",
        "key": 26299873
    },
    {
        "major": "Media Arts B.A. - Production Option",
        "key": 26299874
    },
    {
        "major": "Microbiology B.S. - Clinical Laboratory Science Option",
        "key": 26299875
    },
    {
        "major": "Microbiology B.S. - General Microbiology Option",
        "key": 26299876
    },
    {
        "major": "Multicultural and Gender Studies B.A. - General Option",
        "key": 26299885
    },
    {
        "major": "Multicultural and Gender Studies B.A. - Women's Studies Option",
        "key": 26299884
    },
    {
        "major": "Music B.A. - General Music Option",
        "key": 26299887
    },
    {
        "major": "Music B.A. - Music Education Option",
        "key": 26299886
    },
    {
        "major": "Music B.A. - Music Industry Option",
        "key": 26299889
    },
    {
        "major": "Music B.A. - Recording Arts Option",
        "key": 26299888
    },
    {
        "major": "Musical Theatre B.F.A.",
        "key": 26299890
    },
    {
        "major": "Natural Sciences B.S. - Science Education Option",
        "key": 26299891
    },
    {
        "major": "Nursing B.S. - General Option",
        "key": 26299892
    },
    {
        "major": "Nutrition and Food Sciences B.S. - Food and Nutrition Communication Option",
        "key": 26299894
    },
    {
        "major": "Nutrition and Food Sciences B.S. - General Dietetics Option",
        "key": 26299893
    },
    {
        "major": "Nutrition and Food Sciences B.S. - Nutrition Management Option",
        "key": 26299895
    },
    {
        "major": "Philosophy B.A.",
        "key": 26299896
    },
    {
        "major": "Physics B.S. - General Physics Option",
        "key": 26299897
    },
    {
        "major": "Physics B.S. - Professional Physics Option",
        "key": 26299898
    },
    {
        "major": "Plant and Soil Science B.S. - Crops and Horticulture Option",
        "key": 26299899
    },
    {
        "major": "Plant and Soil Science B.S. - Land and Soil Resource Management Option",
        "key": 26299900
    },
    {
        "major": "Political Science B.A. - Legal Studies Option",
        "key": 26299902
    },
    {
        "major": "Political Science B.A. - U.S. Politics Option",
        "key": 26299901
    },
    {
        "major": "Psychology B.A.",
        "key": 26299903
    },
    {
        "major": "Public Administration B.A.",
        "key": 26299904
    },
    {
        "major": "Public Health B.S.",
        "key": 26299905
    },
    {
        "major": "Recreation, Hospitality, and Parks Management B.S. - Event Management Option",
        "key": 26300183
    },
    {
        "major": "Recreation, Hospitality, and Parks Management B.S. - Parks and Recreation Management Option",
        "key": 26300184
    },
    {
        "major": "Recreation, Hospitality, and Parks Management B.S. - Recreation Therapy Option",
        "key": 26301309
    },
    {
        "major": "Recreation, Hospitality, and Parks Management B.S. - Resort and Lodging Management Option",
        "key": 26301310
    },
    {
        "major": "Religious Studies B.A.",
        "key": 26301311
    },
    {
        "major": "Social Science B.A. - Multidisciplinary Studies Option",
        "key": 26301312
    },
    {
        "major": "Social Work B.A.",
        "key": 26301313
    },
    {
        "major": "Sociology B.A.",
        "key": 26301315
    },
    {
        "major": "Spanish B.A.",
        "key": 26301314
    },
    {
        "major": "Theatre Arts B.A.",
        "key": 26301316
    }
]