[
    {
        "major": "Advertising and Public Relations, B.A.",
        "key": 26779380
    },
    {
        "major": "Africana Studies B.A., Cultural Studies Concentration",
        "key": 26779386
    },
    {
        "major": "Africana Studies B.A., Social Sciences Concentration",
        "key": 26779387
    },
    {
        "major": "Anthropology B.A, Applied Concentration",
        "key": 26779319
    },
    {
        "major": "Anthropology B.A, Archaeology Concentration",
        "key": 26779317
    },
    {
        "major": "Anthropology B.A, Biological Concentration",
        "key": 26779318
    },
    {
        "major": "Anthropology B.A, General Concentration",
        "key": 26779314
    },
    {
        "major": "Art B.A.",
        "key": 26779396
    },
    {
        "major": "Art History B.A.",
        "key": 26779399
    },
    {
        "major": "Asian Pacific Studies B.A.",
        "key": 26779393
    },
    {
        "major": "Audio Engineering, B.A.",
        "key": 26779381
    },
    {
        "major": "Behavioral Science B.A,",
        "key": 26779321
    },
    {
        "major": "Biochemistry B.S.",
        "key": 26779330
    },
    {
        "major": "Biology B.A.",
        "key": 26779331
    },
    {
        "major": "Biology B.S. Cellular & Molecular Biology Option",
        "key": 26779388
    },
    {
        "major": "Biology B.S. Ecology and Environmental Biology Option",
        "key": 26779338
    },
    {
        "major": "Biology B.S. Microbiology Option",
        "key": 26779340
    },
    {
        "major": "Business Administration B.S. Accounting Concentration",
        "key": 26779341
    },
    {
        "major": "Business Administration B.S. Business Analytics Concentration",
        "key": 26779342
    },
    {
        "major": "Business Administration B.S. Entrepreneurship Concentration",
        "key": 26779344
    },
    {
        "major": "Business Administration B.S. Finance Concentration",
        "key": 26779345
    },
    {
        "major": "Business Administration B.S. General Business Concentration",
        "key": 26779343
    },
    {
        "major": "Business Administration B.S. Global Supply Chain Management Concentration",
        "key": 26779389
    },
    {
        "major": "Business Administration B.S. Information Systems Concentration",
        "key": 26779347
    },
    {
        "major": "Business Administration B.S. Information Systems Security Concentration",
        "key": 26779346
    },
    {
        "major": "Business Administration B.S. International Business Concentration",
        "key": 26779376
    },
    {
        "major": "Business Administration B.S. Management and Human Resources Concentration",
        "key": 26779348
    },
    {
        "major": "Business Administration B.S. Marketing Concentration",
        "key": 26779349
    },
    {
        "major": "Business Administration B.S. Sports, Entertainment and Hospitality Concentration",
        "key": 26779350
    },
    {
        "major": "Chemistry B.A. Biochemistry Option",
        "key": 26779352
    },
    {
        "major": "Chemistry B.A. General Chemistry Option",
        "key": 26779353
    },
    {
        "major": "Chemistry B.S. ",
        "key": 26779351
    },
    {
        "major": "Chicana/Chicano Studies B.A.",
        "key": 26779378
    },
    {
        "major": "Child Development B.S.",
        "key": 26779383
    },
    {
        "major": "Clinical Science B.S. Cytotechnology Option",
        "key": 26779355
    },
    {
        "major": "Clinical Science B.S. Medical Technology Option",
        "key": 26779354
    },
    {
        "major": "Computer Science B.S.",
        "key": 26779385
    },
    {
        "major": "Computer Technology B.A. General Track",
        "key": 26779356
    },
    {
        "major": "Computer Technology B.A. Homeland Security Track",
        "key": 26779358
    },
    {
        "major": "Computer Technology B.A. Professional Track",
        "key": 26779357
    },
    {
        "major": "Criminal Justice Administration, B.S.",
        "key": 26779379
    },
    {
        "major": "Dance B.A.",
        "key": 26779395
    },
    {
        "major": "Design B.A.",
        "key": 26779397
    },
    {
        "major": "Earth Science B.S.",
        "key": 26779394
    },
    {
        "major": "English B.A. English Education Option",
        "key": 26779359
    },
    {
        "major": "English B.A. Language and Linguistics Option",
        "key": 26779360
    },
    {
        "major": "English B.A. Literature Option",
        "key": 26779361
    },
    {
        "major": "Film and Television Production B.A.",
        "key": 26779398
    },
    {
        "major": "Film, Television and Media, B.A",
        "key": 26779382
    },
    {
        "major": "Geography B.A.",
        "key": 26779392
    },
    {
        "major": "Health Science B.S. Community Health Option",
        "key": 26779362
    },
    {
        "major": "Health Science B.S. Health Care Management Option",
        "key": 26779363
    },
    {
        "major": "Health Science B.S. Radiologic Technology Option",
        "key": 26779368
    },
    {
        "major": "History B.A.",
        "key": 26779390
    },
    {
        "major": "History B.A. History/Social Science Education Option",
        "key": 26779391
    },
    {
        "major": "Human Services B.A.",
        "key": 26779377
    },
    {
        "major": "Human Services B.A. Mental Health Recovery Option",
        "key": 26779364
    },
    {
        "major": "Information Technology B.S. ",
        "key": 26779365
    },
    {
        "major": "Interdisciplinary Studies B.A. American Studies Concentration",
        "key": 26779366
    },
    {
        "major": "Interdisciplinary Studies B.A. Environmental Studies Concentration",
        "key": 26779371
    },
    {
        "major": "Interdisciplinary Studies B.A. Global Studies Concentration",
        "key": 26779369
    },
    {
        "major": "Interdisciplinary Studies B.A.Comparative Cultures Concentration",
        "key": 26779367
    },
    {
        "major": "Journalism, B.A.",
        "key": 26779384
    },
    {
        "major": "Labor Studies B.A.",
        "key": 26779370
    },
    {
        "major": "Liberal Studies B.A. Anthropology Option",
        "key": 26779372
    },
    {
        "major": "Liberal Studies B.A. Art Option",
        "key": 26779373
    },
    {
        "major": "Liberal Studies B.A. Dance Option",
        "key": 26779374
    },
    {
        "major": "Liberal Studies B.A. Early Teaching and Learning Option",
        "key": 26779375
    },
    {
        "major": "Liberal Studies B.A. Educating Children with Disabilities Option",
        "key": 26779471
    },
    {
        "major": "Liberal Studies B.A. English Language and Linguistics Option",
        "key": 26779435
    },
    {
        "major": "Liberal Studies B.A. English Literature Option",
        "key": 26779438
    },
    {
        "major": "Liberal Studies B.A. General Studies Option",
        "key": 26779439
    },
    {
        "major": "Liberal Studies B.A. Human Development Option",
        "key": 26779441
    },
    {
        "major": "Liberal Studies B.A. Mathematics Option",
        "key": 26779440
    },
    {
        "major": "Liberal Studies B.A. Natural Science Option",
        "key": 26779442
    },
    {
        "major": "Liberal Studies B.A. Physical Education Option",
        "key": 26779443
    },
    {
        "major": "Liberal Studies B.A. Spanish Option",
        "key": 26779444
    },
    {
        "major": "Liberal Studies B.A. Special Option",
        "key": 26779446
    },
    {
        "major": "Liberal Studies B.A. Theatre Arts Option",
        "key": 26779445
    },
    {
        "major": "Mathematics B.S. Mathematics Education Option",
        "key": 26779447
    },
    {
        "major": "Mathematics B.S. Mathematics Option",
        "key": 26779448
    },
    {
        "major": "Music B.A. General Music Option",
        "key": 26779449
    },
    {
        "major": "Music B.A. Music Education Option",
        "key": 26779450
    },
    {
        "major": "Music B.A. Performance Option",
        "key": 26779453
    },
    {
        "major": "Negotiation, Conflict Resolution, And Peacebuilding B.A. ",
        "key": 26779451
    },
    {
        "major": "Nursing B.S. ",
        "key": 26779452
    },
    {
        "major": "Organizational Leadership Studies B.S.",
        "key": 26779470
    },
    {
        "major": "Philosophy B.A. Philosophy Option",
        "key": 26779454
    },
    {
        "major": "Philosophy B.A. Religious Thought Option",
        "key": 26779468
    },
    {
        "major": "Physical Education B.A. Fitness Director Option",
        "key": 26779427
    },
    {
        "major": "Physical Education B.A. Pre-Physical Therapy Option",
        "key": 26779430
    },
    {
        "major": "Physical Education B.A. Teaching Option",
        "key": 26779437
    },
    {
        "major": "Physics B.S. Electrical Engineering Option",
        "key": 26779458
    },
    {
        "major": "Physics B.S. General Physics Option",
        "key": 26779455
    },
    {
        "major": "Physics B.S. Physical Science Option",
        "key": 26779457
    },
    {
        "major": "Political Science B.A. Political Science Concentration",
        "key": 26779465
    },
    {
        "major": "Psychology B.A. ",
        "key": 26779456
    },
    {
        "major": "Public Administration B.S. Criminal Justice Administration Concentration",
        "key": 26779459
    },
    {
        "major": "Public Administration B.S. Health Services Administration Concentration",
        "key": 26779460
    },
    {
        "major": "Public Administration B.S. Public Financial Management Concentration",
        "key": 26779462
    },
    {
        "major": "Public Administration B.S. Public Management Concentration",
        "key": 26779469
    },
    {
        "major": "Public Administration B.S. Public Personnel Administration Concentration",
        "key": 26779461
    },
    {
        "major": "Sociology B.A. ",
        "key": 26779463
    },
    {
        "major": "Spanish B.A. Linguistics Option",
        "key": 26779464
    },
    {
        "major": "Spanish B.A. Literature Option",
        "key": 26779466
    },
    {
        "major": "Theatre Arts B.A. ",
        "key": 26710691
    },
    {
        "major": "Woman's Studies B.A.",
        "key": 26779467
    }
]