[
    {
        "major": "American Indian Studies",
        "key": 25862583
    },
    {
        "major": "Anthropology",
        "key": 25862240
    },
    {
        "major": "Applied Physics - Applied Electronics Option",
        "key": 25862564
    },
    {
        "major": "Applied Physics - General Option",
        "key": 25862975
    },
    {
        "major": "Art, Media, and Design, Art and Visual Culture Option",
        "key": 25863041
    },
    {
        "major": "Art, Media, and Design, Digital and Media Arts Option",
        "key": 25863016
    },
    {
        "major": "Biochemistry",
        "key": 25862257
    },
    {
        "major": "Biological Sciences",
        "key": 25862279
    },
    {
        "major": "Biotechnology",
        "key": 25862302
    },
    {
        "major": "Business Administration - All Options",
        "key": 25862956
    },
    {
        "major": "Chemistry, Chemistry Education Option",
        "key": 25862324
    },
    {
        "major": "Chemistry, General Chemistry Option",
        "key": 25862346
    },
    {
        "major": "Child and Adolescent Development, B.A.",
        "key": 25862366
    },
    {
        "major": "Communication",
        "key": 25862383
    },
    {
        "major": "Computer Science - CIS Option",
        "key": 25862789
    },
    {
        "major": "Computer Science - CS Option",
        "key": 25862539
    },
    {
        "major": "Criminology and Justice Studies",
        "key": 25862399
    },
    {
        "major": "Economics",
        "key": 25862415
    },
    {
        "major": "Electrical Engineering",
        "key": 25862938
    },
    {
        "major": "Environmental Studies",
        "key": 25862811
    },
    {
        "major": "Ethnic Studies",
        "key": 25862601
    },
    {
        "major": "Geography",
        "key": 25863163
    },
    {
        "major": "Global Studies",
        "key": 25862432
    },
    {
        "major": "History",
        "key": 25862450
    },
    {
        "major": "History Single-Subject Preparation for Teaching Option",
        "key": 25862614
    },
    {
        "major": "Human Development, All Options",
        "key": 25862995
    },
    {
        "major": "Kinesiology - Health Science Option",
        "key": 25862769
    },
    {
        "major": "Kinesiology - Movement Science Option",
        "key": 25862747
    },
    {
        "major": "Liberal Studies, Integrated Teacher Education Program Option (ITEP)",
        "key": 25863119
    },
    {
        "major": "Liberal Studies, Teaching - Elementary Subject Matter Preparation",
        "key": 25863085
    },
    {
        "major": "Literature and Writing Studies",
        "key": 25862466
    },
    {
        "major": "Mathematics",
        "key": 25862485
    },
    {
        "major": "Media Studies",
        "key": 25862634
    },
    {
        "major": "Music ",
        "key": 25862651
    },
    {
        "major": "Nursing, All Options",
        "key": 25862832
    },
    {
        "major": "Political Science",
        "key": 25862504
    },
    {
        "major": "Psychological Science",
        "key": 25862670
    },
    {
        "major": "Social Sciences",
        "key": 25862693
    },
    {
        "major": "Sociology, Aging and the Life Course Concentration",
        "key": 25862920
    },
    {
        "major": "Sociology, Children, Youth, and Families Concentration",
        "key": 25862903
    },
    {
        "major": "Sociology, Critical Race Studies Concentration",
        "key": 25862887
    },
    {
        "major": "Sociology, Health, Education, and Welfare Concentration",
        "key": 25862871
    },
    {
        "major": "Sociology, Standard Concentration",
        "key": 25862855
    },
    {
        "major": "Software Engineering",
        "key": 25862726
    },
    {
        "major": "Spanish",
        "key": 25862518
    },
    {
        "major": "Theatre",
        "key": 25863146
    },
    {
        "major": "Women's, Gender, and Sexuality Studies",
        "key": 25863063
    }
]