[
    {
        "major": "Anthropology B.A.",
        "key": 26800161
    },
    {
        "major": "Art B.A. - Art Education Concentration",
        "key": 26800166
    },
    {
        "major": "Art B.A. - Art History & Museum Studies Concentration",
        "key": 26800257
    },
    {
        "major": "Art B.A. - Art Studio Concentration",
        "key": 26800175
    },
    {
        "major": "Art B.F.A. - Fine Arts ",
        "key": 26800231
    },
    {
        "major": "Biology B.S. - Cellular/Molecular Biology Concentration",
        "key": 26800181
    },
    {
        "major": "Biology B.S. - Ecology Concentration",
        "key": 26800238
    },
    {
        "major": "Biology B.S. - General Biology Concentration",
        "key": 26800190
    },
    {
        "major": "Biology B.S. - Marine Biology Concentration",
        "key": 26800191
    },
    {
        "major": "Biology B.S. - Microbiology Concentration",
        "key": 26800192
    },
    {
        "major": "Biology B.S. - Science Education Concentration",
        "key": 26800193
    },
    {
        "major": "Botany B.S.",
        "key": 26800178
    },
    {
        "major": "Business Administration B.S. - Accounting Concentration",
        "key": 26800165
    },
    {
        "major": "Business Administration B.S. - Economics Concentration",
        "key": 26800167
    },
    {
        "major": "Business Administration B.S. - Finance Concentration",
        "key": 26800168
    },
    {
        "major": "Business Administration B.S. - Marketing Concentration",
        "key": 26800171
    },
    {
        "major": "Business Administration B.S. - New Venture Management Concentration",
        "key": 26800237
    },
    {
        "major": "Chemistry B.A.",
        "key": 26800194
    },
    {
        "major": "Chemistry B.S.",
        "key": 26800195
    },
    {
        "major": "Chemistry B.S. - Biochemistry Concentration",
        "key": 26800196
    },
    {
        "major": "Child Development & Family Relations B.A. - Child & Family Services Concentration",
        "key": 26800243
    },
    {
        "major": "Child Development & Family Relations B.A. - Specialized Studies Concentration",
        "key": 26800242
    },
    {
        "major": "Child Development & Family Relations B.A. - Teaching Concentration",
        "key": 26800241
    },
    {
        "major": "Communication B.A.",
        "key": 26800197
    },
    {
        "major": "Computer Science B.S.",
        "key": 26800199
    },
    {
        "major": "Criminology and Justice Studies B.A.",
        "key": 26800198
    },
    {
        "major": "Critical Race, Gender & Sexuality Studies B.A.",
        "key": 26800201
    },
    {
        "major": "Dance Studies [Interdisciplinary Studies B.A - Dance Studies Concentration]",
        "key": 26800245
    },
    {
        "major": "Economics B.A.",
        "key": 26800244
    },
    {
        "major": "English B.A.",
        "key": 26800253
    },
    {
        "major": "English B.A. - English Education Concentration",
        "key": 26800251
    },
    {
        "major": "Environmental Resource Engineering B.S.",
        "key": 26800200
    },
    {
        "major": "Environmental Science & Management - Ecological Restoration",
        "key": 26800230
    },
    {
        "major": "Environmental Science & Management - Energy & Climate",
        "key": 26800232
    },
    {
        "major": "Environmental Science & Management - Environmental Education & Interpretation",
        "key": 26800233
    },
    {
        "major": "Environmental Science & Management - Environmental Planning & Policy",
        "key": 26800234
    },
    {
        "major": "Environmental Science & Management - Geospatial Science",
        "key": 26800235
    },
    {
        "major": "Environmental Studies B.A.",
        "key": 26800203
    },
    {
        "major": "Film B.A.",
        "key": 26800202
    },
    {
        "major": "Fisheries Biology B.S. - Aquaculture Concentration",
        "key": 26800239
    },
    {
        "major": "Fisheries Biology B.S. - Freshwater Fisheries Concentration",
        "key": 26800204
    },
    {
        "major": "Fisheries Biology B.S. - Marine Fisheries Concentration",
        "key": 26800205
    },
    {
        "major": "Forestry B.S. - Forest Hydrology Concentration",
        "key": 26800207
    },
    {
        "major": "Forestry B.S. - Forest Operations Concentration",
        "key": 26800206
    },
    {
        "major": "Forestry B.S. - Forest Restoration Concentration",
        "key": 26800236
    },
    {
        "major": "Forestry B.S. - Forest Soils Concentration",
        "key": 26800208
    },
    {
        "major": "Forestry B.S. - Tribal Forestry Concentration",
        "key": 26800240
    },
    {
        "major": "Forestry B.S. - Wildland Fire Management Concentration",
        "key": 26800209
    },
    {
        "major": "French & Francophone Studies B.A.",
        "key": 26800210
    },
    {
        "major": "Geography B.A.",
        "key": 26800212
    },
    {
        "major": "Geology B.A. - Geosciences Concentration",
        "key": 26800211
    },
    {
        "major": "Geology B.S.",
        "key": 26800214
    },
    {
        "major": "History B.A.",
        "key": 26800213
    },
    {
        "major": "History B.A. - History Education Concentration",
        "key": 26800215
    },
    {
        "major": "International Studies B.A. - Chinese Studies Concentration",
        "key": 26800216
    },
    {
        "major": "International Studies B.A. - Development Studies Concentration",
        "key": 26800246
    },
    {
        "major": "International Studies B.A. - European Studies Concentration",
        "key": 26800217
    },
    {
        "major": "International Studies B.A. - Global Cultural Studies Concentration",
        "key": 26800218
    },
    {
        "major": "International Studies B.A. - Latin American Studies Concentration",
        "key": 26800220
    },
    {
        "major": "Journalism B.A. - News Concentration",
        "key": 26800219
    },
    {
        "major": "Journalism B.A. - Public Relations Concentration",
        "key": 26800221
    },
    {
        "major": "Kinesiology B.S. - Exercise Science Concentration",
        "key": 26800247
    },
    {
        "major": "Kinesiology B.S. - Health Promotion Concentration",
        "key": 26800249
    },
    {
        "major": "Kinesiology B.S. - Physical Education Teaching Concentration",
        "key": 26800222
    },
    {
        "major": "Kinesiology B.S. - Pre-Health Professions Concentration",
        "key": 26800250
    },
    {
        "major": "Leadership Studies [Interdisciplinary Studies B.A. - Leadership Studies Concentration]",
        "key": 26800248
    },
    {
        "major": "Liberal Studies B.A. - Child Development/Elementary Education Concentration",
        "key": 26800252
    },
    {
        "major": "Liberal Studies B.A. - Elementary Education Concentration",
        "key": 26800224
    },
    {
        "major": "Mathematics B.A.",
        "key": 26800223
    },
    {
        "major": "Music B.A. - Composition Concentration",
        "key": 26800225
    },
    {
        "major": "Music B.A. - Music Education Concentration",
        "key": 26800226
    },
    {
        "major": "Music B.A. - Music Studies Concentration",
        "key": 26800228
    },
    {
        "major": "Music B.A. - Performance Concentration",
        "key": 26800229
    },
    {
        "major": "Native American Studies B.A.",
        "key": 26800227
    },
    {
        "major": "Nursing B.S.N. (RN-BSN)",
        "key": 26800294
    },
    {
        "major": "Oceanography B.S.",
        "key": 26800272
    },
    {
        "major": "Philosophy B.A.",
        "key": 26800268
    },
    {
        "major": "Physical Science B.A.",
        "key": 26800289
    },
    {
        "major": "Physics B.S.",
        "key": 26800275
    },
    {
        "major": "Physics B.S. - Astronomy Concentration",
        "key": 26800277
    },
    {
        "major": "Political Science B.A. - Global Politics Concentration",
        "key": 26800292
    },
    {
        "major": "Political Science B.A. - Law & Policy Concentration",
        "key": 26800290
    },
    {
        "major": "Political Science B.A. - Politics of Environment & Sustainability Concentration",
        "key": 26800291
    },
    {
        "major": "Political Science B.A. - Traditional Concentration",
        "key": 26800293
    },
    {
        "major": "Psychology B.A.",
        "key": 26800276
    },
    {
        "major": "Rangeland Resource Science B.S.",
        "key": 26800278
    },
    {
        "major": "Rangeland Resource Science B.S. - Wildland Soil Science Concentration",
        "key": 26800279
    },
    {
        "major": "Recreation Administration B.A.",
        "key": 26800281
    },
    {
        "major": "Religious Studies B.A.",
        "key": 26800280
    },
    {
        "major": "Social Work B.A.",
        "key": 26800283
    },
    {
        "major": "Sociology B.A.",
        "key": 26800282
    },
    {
        "major": "Spanish B.A.",
        "key": 26800284
    },
    {
        "major": "Theatre Arts B.A.",
        "key": 26800285
    },
    {
        "major": "Wildlife B.S. - Conservation Biology/Applied Vertebrate Ecology Concentration",
        "key": 26800286
    },
    {
        "major": "Wildlife B.S. - Wildlife Management & Conservation Concentration",
        "key": 26800287
    },
    {
        "major": "Zoology B.S.",
        "key": 26800288
    }
]