[
    {
        "major": "Aerospace Engineering",
        "key": 7953723
    },
    {
        "major": "Anthropology",
        "key": 7953724
    },
    {
        "major": "Art - Emphasis in Applied Design",
        "key": 7953725
    },
    {
        "major": "Art - Emphasis in Art History",
        "key": 7953726
    },
    {
        "major": "Art - Emphasis in Interior Design",
        "key": 7953727
    },
    {
        "major": "Art - Emphasis in Multimedia",
        "key": 7953728
    },
    {
        "major": "Art - Emphasis in Painting and Printmaking",
        "key": 7953729
    },
    {
        "major": "Art - Emphasis in Sculpture",
        "key": 7953730
    },
    {
        "major": "Art - Emphasis in Studio Arts",
        "key": 7953731
    },
    {
        "major": "Art - for the Single Subject Teaching Credential",
        "key": 7953732
    },
    {
        "major": "Art -- Emphasis in Graphic Design",
        "key": 7953733
    },
    {
        "major": "Biology",
        "key": 7953736
    },
    {
        "major": "Biology - Emphasis in Bioengineering",
        "key": 7953735
    },
    {
        "major": "Business Administration",
        "key": 7953737
    },
    {
        "major": "Chemical Physics",
        "key": 7953745
    },
    {
        "major": "Chemistry - Emphasis in Biochemistry",
        "key": 7953743
    },
    {
        "major": "Chemistry with a BA Degree",
        "key": 7953742
    },
    {
        "major": "Chemistry-BA with Certificate of the American Chemical Society",
        "key": 7953741
    },
    {
        "major": "Chemistry-BS with Certificate of the American Chemical Society",
        "key": 7953744
    },
    {
        "major": "Child Development",
        "key": 7953738
    },
    {
        "major": "Civil Engineering",
        "key": 7953739
    },
    {
        "major": "Communication",
        "key": 7953755
    },
    {
        "major": "Communication - Emphasis in Telecommunications and Film",
        "key": 7953757
    },
    {
        "major": "Computer Engineering",
        "key": 7953758
    },
    {
        "major": "Computer Science",
        "key": 7953740
    },
    {
        "major": "Criminal Justice",
        "key": 7953747
    },
    {
        "major": "Economics",
        "key": 7953765
    },
    {
        "major": "Economics - Emphasis in International Economics",
        "key": 7953762
    },
    {
        "major": "Economics - Emphasis in Public Policy",
        "key": 7953763
    },
    {
        "major": "Economics - Specialization in Quantitative Analysis",
        "key": 7953764
    },
    {
        "major": "Electrical Engineering",
        "key": 7953761
    },
    {
        "major": "English -- Single Subject Teaching",
        "key": 7953766
    },
    {
        "major": "English, B.A. Liberal Arts",
        "key": 7953767
    },
    {
        "major": "Environmental Engineering",
        "key": 7953768
    },
    {
        "major": "Environmental Sciences",
        "key": 7953769
    },
    {
        "major": "Environmental Sciences - Emphasis in Watershed Science",
        "key": 7953770
    },
    {
        "major": "Foods and Nutrition",
        "key": 7953771
    },
    {
        "major": "Geography - Emphasis in Geographic Information Science",
        "key": 7953776
    },
    {
        "major": "Geography - Emphasis in Methods of Geographic Analysis",
        "key": 7953774
    },
    {
        "major": "Geography - Emphasis in Physical Geography",
        "key": 7953777
    },
    {
        "major": "Geography - Emphasis in Urban and Regional Analysis",
        "key": 7953778
    },
    {
        "major": "Geography - General",
        "key": 7953775
    },
    {
        "major": "Geography - Nat Resource and Environmental Geog (Analysis)",
        "key": 7953772
    },
    {
        "major": "Geography - Nat Resource and Environmental Geog (Policy)",
        "key": 7953773
    },
    {
        "major": "Geological Science - Emphasis in Geochemistry",
        "key": 7953781
    },
    {
        "major": "Geological Science - Emphasis in Marine Geology",
        "key": 7953785
    },
    {
        "major": "Geological Sciences - Emphasis in Engineering Geology",
        "key": 7953779
    },
    {
        "major": "Geological Sciences - Emphasis in Geophysics",
        "key": 7953782
    },
    {
        "major": "Geological Sciences - Emphasis in Hydrogeology",
        "key": 7953784
    },
    {
        "major": "Geological Sciences - Emphasis in Paleontology",
        "key": 7953786
    },
    {
        "major": "Geological Sciences - General",
        "key": 7953780
    },
    {
        "major": "Geological Sciences - Single Subject Teaching",
        "key": 7953787
    },
    {
        "major": "Gerontology",
        "key": 7953789
    },
    {
        "major": "Health Science - Emphasis in Public Health",
        "key": 7953791
    },
    {
        "major": "History",
        "key": 7953790
    },
    {
        "major": "Hospitality and Tourism Management-Emphasis in Tribal Gaming Oper & Mgt",
        "key": 7953795
    },
    {
        "major": "International Business",
        "key": 7953797
    },
    {
        "major": "Journalism",
        "key": 7953801
    },
    {
        "major": "Journalism - Emphasis in Advertising",
        "key": 7953750
    },
    {
        "major": "Journalism - Emphasis in Media Studies",
        "key": 7953753
    },
    {
        "major": "Journalism - Emphasis in Public Relations",
        "key": 7953754
    },
    {
        "major": "Kinesiology - Emphasis in Athletic Training",
        "key": 7953802
    },
    {
        "major": "Kinesiology - Emphasis in Fitness Specialist",
        "key": 7953803
    },
    {
        "major": "Kinesiology - Emphasis in Physical Education",
        "key": 7953804
    },
    {
        "major": "Kinesiology - Pre-Physical Therapy Rehabilitative Science",
        "key": 7953805
    },
    {
        "major": "Kinesiology-Emphasis in Prephysical Therapy",
        "key": 7953806
    },
    {
        "major": "Liberal Studies",
        "key": 7953807
    },
    {
        "major": "Mechanical Engineering",
        "key": 7953810
    },
    {
        "major": "Microbiology",
        "key": 7953811
    },
    {
        "major": "Nursing",
        "key": 7953814
    },
    {
        "major": "Political Science",
        "key": 7953817
    },
    {
        "major": "Psychology - B.A. Liberal",
        "key": 7953818
    },
    {
        "major": "Public Administration",
        "key": 7953820
    },
    {
        "major": "Recreation Administration-Emphasis in Outdoor Resource Mgt",
        "key": 7953821
    },
    {
        "major": "Recreation Administration-Emphasis in Recreation Systems Mgt",
        "key": 7953822
    },
    {
        "major": "Recreation Administration-Emphasis in Sustainable Tourism Mgt",
        "key": 7953823
    },
    {
        "major": "Religious Studies",
        "key": 7953824
    },
    {
        "major": "Social Science",
        "key": 7953829
    },
    {
        "major": "Social Science - Single Subject Teaching",
        "key": 7953828
    },
    {
        "major": "Social Work",
        "key": 7953830
    },
    {
        "major": "Sociology",
        "key": 7953831
    },
    {
        "major": "Spanish",
        "key": 7953833
    },
    {
        "major": "Spanish - Single Subject Teaching",
        "key": 7953832
    },
    {
        "major": "Television, Film and New Media-Emphasis in Production",
        "key": 7953834
    },
    {
        "major": "Theatre Arts - Design and Technology for the Theatre",
        "key": 7953836
    },
    {
        "major": "Theatre Arts - Emphasis in Design for Television and Film",
        "key": 7953837
    },
    {
        "major": "Theatre Arts - Emphasis in Performance",
        "key": 7953839
    },
    {
        "major": "Theatre Arts - Emphasis in Youth Theatre",
        "key": 7953835
    },
    {
        "major": "Theatre Arts General Program",
        "key": 7953838
    },
    {
        "major": "Urban Studies",
        "key": 7953848
    },
    {
        "major": "Women's Studies",
        "key": 7953849
    }
]