[
    {
        "major": "Advanced Manufacturing and Applied Robotics B.S.",
        "key": 26587127
    },
    {
        "major": "Agricultural Business B.S.",
        "key": 26587125
    },
    {
        "major": "Agricultural Science B.S. - Agricultural Communication and Leadership Option",
        "key": 26587126
    },
    {
        "major": "Agricultural Science B.S. - Agricultural Science and Education Option",
        "key": 26587128
    },
    {
        "major": "Animal Science B.S.",
        "key": 26587129
    },
    {
        "major": "Anthropology B.A.",
        "key": 26587130
    },
    {
        "major": "Art B.A. - Art Education Option",
        "key": 26587133
    },
    {
        "major": "Art B.A. - Art History Option",
        "key": 26587132
    },
    {
        "major": "Art B.A. - Art Studio Option",
        "key": 26587135
    },
    {
        "major": "Art B.F.A. - Art Studio Option",
        "key": 26587134
    },
    {
        "major": "Art B.F.A. - Interior Architecture Option",
        "key": 26587346
    },
    {
        "major": "Asian Studies B.A.",
        "key": 26587347
    },
    {
        "major": "Biochemistry B.S.",
        "key": 26587348
    },
    {
        "major": "Biological Sciences B.A.",
        "key": 26587349
    },
    {
        "major": "Biological Sciences B.S. - Cellular and Molecular Biology Option",
        "key": 26587350
    },
    {
        "major": "Biological Sciences B.S. - Ecological, Evolutionary, and Organismal Biology Option",
        "key": 26587351
    },
    {
        "major": "Biological Sciences B.S. - Plant Biology Option",
        "key": 26587353
    },
    {
        "major": "Business Administration B.S. - Accounting Option",
        "key": 26587352
    },
    {
        "major": "Business Administration B.S. - Entrepreneurship and Small Business Management Option",
        "key": 26587354
    },
    {
        "major": "Business Administration B.S. - Finance Option",
        "key": 26587355
    },
    {
        "major": "Business Administration B.S. - Human Resource Management Option",
        "key": 26587357
    },
    {
        "major": "Business Administration B.S. - Management Option",
        "key": 26587356
    },
    {
        "major": "Business Administration B.S. - Marketing Option",
        "key": 26587358
    },
    {
        "major": "Business Administration B.S. - Project Management Option",
        "key": 26587359
    },
    {
        "major": "Business Administration B.S. Online Degree Completion",
        "key": 26587360
    },
    {
        "major": "Business Information Systems B.S. - Business Analytics Option",
        "key": 26587361
    },
    {
        "major": "Business Information Systems B.S. - Management Information Systems Option",
        "key": 26587362
    },
    {
        "major": "Business Information Systems B.S. - Operations and Supply Chain Management Option",
        "key": 26587377
    },
    {
        "major": "Chemistry B.A.",
        "key": 26587379
    },
    {
        "major": "Chemistry B.S.",
        "key": 26587378
    },
    {
        "major": "Child Development B.A.",
        "key": 26587421
    },
    {
        "major": "Civil Engineering B.S. - Environmental and Water Resources Engineering",
        "key": 26587422
    },
    {
        "major": "Civil Engineering B.S. - General Civil Engineering",
        "key": 26587423
    },
    {
        "major": "Civil Engineering B.S.- Structural Engineering",
        "key": 26587424
    },
    {
        "major": "Communication Design B.F.A",
        "key": 26587450
    },
    {
        "major": "Communication Sciences and Disorders B.S.",
        "key": 26587449
    },
    {
        "major": "Communication Studies B.A. - Communication and Public Affairs Option",
        "key": 26587452
    },
    {
        "major": "Communication Studies B.A. - Organizational Communication Option",
        "key": 26587451
    },
    {
        "major": "Computer Animation and Game Development B.S. - Animation Production Option",
        "key": 26587454
    },
    {
        "major": "Computer Animation and Game Development B.S. - Game Development Option",
        "key": 26587453
    },
    {
        "major": "Computer Engineering B.S.",
        "key": 26587456
    },
    {
        "major": "Computer Information Systems B.S.",
        "key": 26587455
    },
    {
        "major": "Computer Science B.S.",
        "key": 26587457
    },
    {
        "major": "Concrete Industry Management B.S.",
        "key": 26587458
    },
    {
        "major": "Construction Management B.S.",
        "key": 26587459
    },
    {
        "major": "Criminal Justice B.A.",
        "key": 26587460
    },
    {
        "major": "Economics B.A.",
        "key": 26587461
    },
    {
        "major": "Electrical/Electronic Engineering B.S.",
        "key": 26587462
    },
    {
        "major": "English B.A. - English Education Option",
        "key": 26587464
    },
    {
        "major": "English B.A. - English Studies Option",
        "key": 26587463
    },
    {
        "major": "English B.A. - Literature Option",
        "key": 26587465
    },
    {
        "major": "Environmental Science B.S. - Applied Ecology Option",
        "key": 26587466
    },
    {
        "major": "Environmental Science B.S. - Atmosphere and Climate Option",
        "key": 26587467
    },
    {
        "major": "Environmental Science B.S. - Energy and Earth Resources Option",
        "key": 26587468
    },
    {
        "major": "Environmental Science B.S. - Hydrology Option",
        "key": 26587469
    },
    {
        "major": "Exercise Physiology B.S. ",
        "key": 26587471
    },
    {
        "major": "French B.A.",
        "key": 26587470
    },
    {
        "major": "Geography B.A. - Human Geography and Planning Option",
        "key": 26587472
    },
    {
        "major": "Geography B.A. - Physical and Environmental Geography Option",
        "key": 26587473
    },
    {
        "major": "Geology B.S.",
        "key": 26587480
    },
    {
        "major": "Geosciences B.S. - Physical Science Education Option",
        "key": 26587481
    },
    {
        "major": "Geosciences B.S. - Science Education Option: Geosciences Concentration",
        "key": 26587483
    },
    {
        "major": "German B.A. ",
        "key": 26587484
    },
    {
        "major": "Health Services Administration B.S.",
        "key": 26587485
    },
    {
        "major": "History B.A. - General History Option",
        "key": 26587486
    },
    {
        "major": "History B.A. - Social Science Pre-Credential Option",
        "key": 26587487
    },
    {
        "major": "Humanities B.A.",
        "key": 26587488
    },
    {
        "major": "International Relations B.A. ",
        "key": 26587490
    },
    {
        "major": "Intersectional Chicanx/Latinx Studies B.A.",
        "key": 26587489
    },
    {
        "major": "Journalism B.A. - News Option",
        "key": 26587504
    },
    {
        "major": "Journalism B.A. - Public Relations Option",
        "key": 26587505
    },
    {
        "major": "Kinesiology B.A. - Movement Studies Option",
        "key": 26587574
    },
    {
        "major": "Kinesiology B.A. - Outdoor Education Option",
        "key": 26587573
    },
    {
        "major": "Kinesiology B.A. - Physical Education Teacher Education (PETE) Option",
        "key": 26587614
    },
    {
        "major": "Latin American Studies B.A.",
        "key": 26587613
    },
    {
        "major": "Liberal Studies B.A. - Bilingual/Cross-Cultural Option",
        "key": 26587643
    },
    {
        "major": "Liberal Studies B.A. - General Option",
        "key": 26587645
    },
    {
        "major": "Liberal Studies B.A. - General Option (Online Degree Completion)",
        "key": 26587644
    },
    {
        "major": "Liberal Studies B.A. - Liberal Arts Option",
        "key": 26587647
    },
    {
        "major": "Linguistics B.A.",
        "key": 26587646
    },
    {
        "major": "Mathematics B.S. - Applied Mathematics Option",
        "key": 26587648
    },
    {
        "major": "Mathematics B.S. - Foundational Mathematics Education Option",
        "key": 26587649
    },
    {
        "major": "Mathematics B.S. - General Option in Mathematics",
        "key": 26587651
    },
    {
        "major": "Mathematics B.S. - Mathematics Education Option",
        "key": 26587650
    },
    {
        "major": "Mathematics B.S. - Statistics Option",
        "key": 26587652
    },
    {
        "major": "Mechanical Engineering B.S.",
        "key": 26587654
    },
    {
        "major": "Mechatronic Engineering B.S.",
        "key": 26587653
    },
    {
        "major": "Media Arts B.A. - Criticism Option",
        "key": 26587656
    },
    {
        "major": "Media Arts B.A. - Production Option",
        "key": 26587655
    },
    {
        "major": "Microbiology B.S. - Clinical Laboratory Science Option",
        "key": 26587657
    },
    {
        "major": "Microbiology B.S. - General Microbiology Option",
        "key": 26587658
    },
    {
        "major": "Multicultural and Gender Studies B.A. - General Option",
        "key": 26587660
    },
    {
        "major": "Multicultural and Gender Studies B.A. - Women's Studies Option",
        "key": 26587659
    },
    {
        "major": "Music B.A. - General Music Option",
        "key": 26587662
    },
    {
        "major": "Music B.A. - Music Education Option",
        "key": 26587661
    },
    {
        "major": "Music B.A. - Music Industry Option",
        "key": 26587663
    },
    {
        "major": "Music B.A. - Recording Arts Option",
        "key": 26587665
    },
    {
        "major": "Musical Theatre B.F.A.",
        "key": 26587664
    },
    {
        "major": "Natural Sciences B.S. - Science Education Option",
        "key": 26587666
    },
    {
        "major": "Nursing B.S. - General Option",
        "key": 26587667
    },
    {
        "major": "Nutrition and Food Sciences B.S. - Food and Nutrition Communication Option",
        "key": 26587668
    },
    {
        "major": "Nutrition and Food Sciences B.S. - General Dietetics Option",
        "key": 26587670
    },
    {
        "major": "Nutrition and Food Sciences B.S. - Nutrition Management Option",
        "key": 26587669
    },
    {
        "major": "Philosophy B.A.",
        "key": 26587671
    },
    {
        "major": "Physics B.S. - General Physics Option",
        "key": 26587672
    },
    {
        "major": "Physics B.S. - Professional Physics Option",
        "key": 26587673
    },
    {
        "major": "Plant and Soil Science B.S. - Crops and Horticulture Option",
        "key": 26587675
    },
    {
        "major": "Plant and Soil Science B.S. - Land and Soil Resource Management Option",
        "key": 26587674
    },
    {
        "major": "Political Science B.A. - Legal Studies Option",
        "key": 26587677
    },
    {
        "major": "Political Science B.A. - U.S. Politics Option",
        "key": 26587676
    },
    {
        "major": "Psychology B.A.",
        "key": 26587679
    },
    {
        "major": "Public Administration B.A.",
        "key": 26587678
    },
    {
        "major": "Public Health B.S.",
        "key": 26587680
    },
    {
        "major": "Recreation, Hospitality, and Parks Management B.S. - Event Management Option",
        "key": 26587681
    },
    {
        "major": "Recreation, Hospitality, and Parks Management B.S. - Parks and Recreation Management Option",
        "key": 26587682
    },
    {
        "major": "Recreation, Hospitality, and Parks Management B.S. - Recreation Therapy Option",
        "key": 26587683
    },
    {
        "major": "Recreation, Hospitality, and Parks Management B.S. - Resort and Lodging Management Option",
        "key": 26587684
    },
    {
        "major": "Religious Studies B.A.",
        "key": 26587685
    },
    {
        "major": "Social Science B.A. - Multidisciplinary Studies Option",
        "key": 26587686
    },
    {
        "major": "Social Work B.A.",
        "key": 26587687
    },
    {
        "major": "Sociology B.A.",
        "key": 26587688
    },
    {
        "major": "Spanish B.A.",
        "key": 26587689
    },
    {
        "major": "Theatre Arts B.A.",
        "key": 26587690
    }
]