[
    {
        "major": "American Indian Studies",
        "key": 25825502
    },
    {
        "major": "Anthropology",
        "key": 25825475
    },
    {
        "major": "Applied Physics - Applied Electronics Option",
        "key": 25825503
    },
    {
        "major": "Applied Physics - General Option",
        "key": 25825536
    },
    {
        "major": "Art, Media, and Design, Art and Visual Culture Option",
        "key": 25825540
    },
    {
        "major": "Art, Media, and Design, Digital and Media Arts Option",
        "key": 25825538
    },
    {
        "major": "Biochemistry",
        "key": 25825479
    },
    {
        "major": "Biological Sciences",
        "key": 25825480
    },
    {
        "major": "Biotechnology",
        "key": 25825482
    },
    {
        "major": "Business Administration - All Options",
        "key": 25825535
    },
    {
        "major": "Chemistry, Chemistry Education Option",
        "key": 25825484
    },
    {
        "major": "Chemistry, General Chemistry Option",
        "key": 25825487
    },
    {
        "major": "Child and Adolescent Development, B.A.",
        "key": 25825486
    },
    {
        "major": "Communication",
        "key": 25825490
    },
    {
        "major": "Computer Science - CIS Option",
        "key": 25825523
    },
    {
        "major": "Computer Science - CS Option",
        "key": 25825505
    },
    {
        "major": "Criminology and Justice Studies",
        "key": 25825489
    },
    {
        "major": "Economics",
        "key": 25825491
    },
    {
        "major": "Electrical Engineering",
        "key": 25825534
    },
    {
        "major": "Environmental Studies",
        "key": 25825526
    },
    {
        "major": "Ethnic Studies",
        "key": 25825506
    },
    {
        "major": "Geography",
        "key": 25825544
    },
    {
        "major": "Global Studies",
        "key": 25825493
    },
    {
        "major": "History",
        "key": 25825495
    },
    {
        "major": "History Single-Subject Preparation for Teaching Option",
        "key": 25825510
    },
    {
        "major": "Human Development, All Options",
        "key": 25825537
    },
    {
        "major": "Kinesiology - Health Science Option",
        "key": 25825524
    },
    {
        "major": "Kinesiology - Movement Science Option",
        "key": 25825518
    },
    {
        "major": "Liberal Studies, Integrated Teacher Education Program Option (ITEP)",
        "key": 25825542
    },
    {
        "major": "Liberal Studies, Teaching - Elementary Subject Matter Preparation",
        "key": 25825541
    },
    {
        "major": "Literature and Writing Studies",
        "key": 25825496
    },
    {
        "major": "Mathematics",
        "key": 25825500
    },
    {
        "major": "Media Studies",
        "key": 25825508
    },
    {
        "major": "Music ",
        "key": 25825511
    },
    {
        "major": "Nursing, All Options",
        "key": 25825528
    },
    {
        "major": "Political Science",
        "key": 25825497
    },
    {
        "major": "Psychological Science",
        "key": 25825512
    },
    {
        "major": "Social Sciences",
        "key": 25825520
    },
    {
        "major": "Sociology, Aging and the Life Course Concentration",
        "key": 25825533
    },
    {
        "major": "Sociology, Children, Youth, and Families Concentration",
        "key": 25825532
    },
    {
        "major": "Sociology, Critical Race Studies Concentration",
        "key": 25825531
    },
    {
        "major": "Sociology, Health, Education, and Welfare Concentration",
        "key": 25825530
    },
    {
        "major": "Sociology, Standard Concentration",
        "key": 25825527
    },
    {
        "major": "Software Engineering",
        "key": 25825515
    },
    {
        "major": "Spanish",
        "key": 25825498
    },
    {
        "major": "Theatre",
        "key": 25825543
    },
    {
        "major": "Women's, Gender, and Sexuality Studies",
        "key": 25825539
    }
]