[
    {
        "major": "Anthropology B.A.",
        "key": 26828800
    },
    {
        "major": "Art B.A. - Art Education Concentration",
        "key": 26829030
    },
    {
        "major": "Art B.A. - Art History & Museum Studies Concentration",
        "key": 26828613
    },
    {
        "major": "Art B.A. - Art Studio Concentration",
        "key": 26829037
    },
    {
        "major": "Art B.F.A. - Fine Arts ",
        "key": 26828586
    },
    {
        "major": "Biology B.S. - Cellular/Molecular Biology Concentration",
        "key": 26829044
    },
    {
        "major": "Biology B.S. - Ecology Concentration",
        "key": 26828588
    },
    {
        "major": "Biology B.S. - General Biology Concentration",
        "key": 26829338
    },
    {
        "major": "Biology B.S. - Marine Biology Concentration",
        "key": 26829341
    },
    {
        "major": "Biology B.S. - Microbiology Concentration",
        "key": 26829344
    },
    {
        "major": "Biology B.S. - Science Education Concentration",
        "key": 26829347
    },
    {
        "major": "Botany B.S.",
        "key": 26829333
    },
    {
        "major": "Business Administration B.S. - Accounting Concentration",
        "key": 26828803
    },
    {
        "major": "Business Administration B.S. - Economics Concentration",
        "key": 26829035
    },
    {
        "major": "Business Administration B.S. - Finance Concentration",
        "key": 26828804
    },
    {
        "major": "Business Administration B.S. - Marketing Concentration",
        "key": 26829036
    },
    {
        "major": "Business Administration B.S. - New Venture Management Concentration",
        "key": 26828587
    },
    {
        "major": "Chemistry B.A.",
        "key": 26829350
    },
    {
        "major": "Chemistry B.S.",
        "key": 26829353
    },
    {
        "major": "Chemistry B.S. - Biochemistry Concentration",
        "key": 26829045
    },
    {
        "major": "Child Development & Family Relations B.A. - Child & Family Services Concentration",
        "key": 26828594
    },
    {
        "major": "Child Development & Family Relations B.A. - Specialized Studies Concentration",
        "key": 26828592
    },
    {
        "major": "Child Development & Family Relations B.A. - Teaching Concentration",
        "key": 26828591
    },
    {
        "major": "Communication B.A.",
        "key": 26829359
    },
    {
        "major": "Computer Science B.S.",
        "key": 26828160
    },
    {
        "major": "Criminology and Justice Studies B.A.",
        "key": 26828142
    },
    {
        "major": "Critical Race, Gender & Sexuality Studies B.A.",
        "key": 26828152
    },
    {
        "major": "Dance Studies [Interdisciplinary Studies B.A - Dance Studies Concentration]",
        "key": 26828598
    },
    {
        "major": "Economics B.A.",
        "key": 26828595
    },
    {
        "major": "English B.A.",
        "key": 26828847
    },
    {
        "major": "English B.A. - English Education Concentration",
        "key": 26828846
    },
    {
        "major": "Environmental Resource Engineering B.S.",
        "key": 26828150
    },
    {
        "major": "Environmental Science & Management - Ecological Restoration",
        "key": 26828807
    },
    {
        "major": "Environmental Science & Management - Energy & Climate",
        "key": 26828808
    },
    {
        "major": "Environmental Science & Management - Environmental Education & Interpretation",
        "key": 26828810
    },
    {
        "major": "Environmental Science & Management - Environmental Planning & Policy",
        "key": 26828811
    },
    {
        "major": "Environmental Science & Management - Geospatial Science",
        "key": 26828812
    },
    {
        "major": "Environmental Studies B.A.",
        "key": 26828153
    },
    {
        "major": "Film B.A.",
        "key": 26828154
    },
    {
        "major": "Fisheries Biology B.S. - Aquaculture Concentration",
        "key": 26828820
    },
    {
        "major": "Fisheries Biology B.S. - Freshwater Fisheries Concentration",
        "key": 26828156
    },
    {
        "major": "Fisheries Biology B.S. - Marine Fisheries Concentration",
        "key": 26828155
    },
    {
        "major": "Forestry B.S. - Forest Hydrology Concentration",
        "key": 26828157
    },
    {
        "major": "Forestry B.S. - Forest Operations Concentration",
        "key": 26829522
    },
    {
        "major": "Forestry B.S. - Forest Restoration Concentration",
        "key": 26828815
    },
    {
        "major": "Forestry B.S. - Forest Soils Concentration",
        "key": 26828159
    },
    {
        "major": "Forestry B.S. - Tribal Forestry Concentration",
        "key": 26828821
    },
    {
        "major": "Forestry B.S. - Wildland Fire Management Concentration",
        "key": 26828161
    },
    {
        "major": "French & Francophone Studies B.A.",
        "key": 26828224
    },
    {
        "major": "Geography B.A.",
        "key": 26828225
    },
    {
        "major": "Geology B.A. - Geosciences Concentration",
        "key": 26828226
    },
    {
        "major": "Geology B.S.",
        "key": 26828228
    },
    {
        "major": "History B.A.",
        "key": 26828229
    },
    {
        "major": "History B.A. - History Education Concentration",
        "key": 26828227
    },
    {
        "major": "International Studies B.A. - Chinese Studies Concentration",
        "key": 26828230
    },
    {
        "major": "International Studies B.A. - Development Studies Concentration",
        "key": 26828843
    },
    {
        "major": "International Studies B.A. - European Studies Concentration",
        "key": 26828231
    },
    {
        "major": "International Studies B.A. - Global Cultural Studies Concentration",
        "key": 26828238
    },
    {
        "major": "International Studies B.A. - Latin American Studies Concentration",
        "key": 26828235
    },
    {
        "major": "Journalism B.A. - News Concentration",
        "key": 26828233
    },
    {
        "major": "Journalism B.A. - Public Relations Concentration",
        "key": 26828232
    },
    {
        "major": "Kinesiology B.S. - Exercise Science Concentration",
        "key": 26828835
    },
    {
        "major": "Kinesiology B.S. - Health Promotion Concentration",
        "key": 26828840
    },
    {
        "major": "Kinesiology B.S. - Physical Education Teaching Concentration",
        "key": 26828234
    },
    {
        "major": "Kinesiology B.S. - Pre-Health Professions Concentration",
        "key": 26828841
    },
    {
        "major": "Leadership Studies [Interdisciplinary Studies B.A. - Leadership Studies Concentration]",
        "key": 26828844
    },
    {
        "major": "Liberal Studies B.A. - Child Development/Elementary Education Concentration",
        "key": 26828842
    },
    {
        "major": "Liberal Studies B.A. - Elementary Education Concentration",
        "key": 26828236
    },
    {
        "major": "Mathematics B.A.",
        "key": 26828237
    },
    {
        "major": "Music B.A. - Composition Concentration",
        "key": 26828355
    },
    {
        "major": "Music B.A. - Music Education Concentration",
        "key": 26828356
    },
    {
        "major": "Music B.A. - Music Studies Concentration",
        "key": 26828362
    },
    {
        "major": "Music B.A. - Performance Concentration",
        "key": 26828361
    },
    {
        "major": "Native American Studies B.A.",
        "key": 26828343
    },
    {
        "major": "Nursing B.S.N. (RN-BSN)",
        "key": 26828845
    },
    {
        "major": "Oceanography B.S.",
        "key": 26828345
    },
    {
        "major": "Philosophy B.A.",
        "key": 26828344
    },
    {
        "major": "Physical Science B.A.",
        "key": 26828822
    },
    {
        "major": "Physics B.S.",
        "key": 26828346
    },
    {
        "major": "Physics B.S. - Astronomy Concentration",
        "key": 26828348
    },
    {
        "major": "Political Science B.A. - Global Politics Concentration",
        "key": 26828831
    },
    {
        "major": "Political Science B.A. - Law & Policy Concentration",
        "key": 26828825
    },
    {
        "major": "Political Science B.A. - Politics of Environment & Sustainability Concentration",
        "key": 26828828
    },
    {
        "major": "Political Science B.A. - Traditional Concentration",
        "key": 26828833
    },
    {
        "major": "Psychology B.A.",
        "key": 26828347
    },
    {
        "major": "Rangeland Resource Science B.S.",
        "key": 26828349
    },
    {
        "major": "Rangeland Resource Science B.S. - Wildland Soil Science Concentration",
        "key": 26828351
    },
    {
        "major": "Recreation Administration B.A.",
        "key": 26828350
    },
    {
        "major": "Religious Studies B.A.",
        "key": 26828352
    },
    {
        "major": "Social Work B.A.",
        "key": 26828354
    },
    {
        "major": "Sociology B.A.",
        "key": 26828353
    },
    {
        "major": "Spanish B.A.",
        "key": 26828357
    },
    {
        "major": "Theatre Arts B.A.",
        "key": 26828358
    },
    {
        "major": "Wildlife B.S. - Conservation Biology/Applied Vertebrate Ecology Concentration",
        "key": 26828360
    },
    {
        "major": "Wildlife B.S. - Wildlife Management & Conservation Concentration",
        "key": 26828359
    },
    {
        "major": "Zoology B.S.",
        "key": 26828668
    }
]