[
    {
        "id": 75,
        "code": "CPP",
        "name": "California Polytechnic University, Pomona",
        "year": 74
    },
    {
        "id": 11,
        "code": "CPSLO",
        "name": "California Polytechnic University, San Luis Obispo",
        "year": 74
    },
    {
        "id": 98,
        "code": "CSUB",
        "name": "California State University, Bakersfield",
        "year": 74
    },
    {
        "id": 141,
        "code": "CSUC",
        "name": "California State University, Chico",
        "year": 73
    },
    {
        "id": 143,
        "code": "CSUCI",
        "name": "California State University, Channel Islands",
        "year": 74
    },
    {
        "id": 50,
        "code": "CSUDH",
        "name": "California State University, Dominguez Hills",
        "year": 74
    },
    {
        "id": 29,
        "code": "CSUFRES",
        "name": "California State University, Fresno",
        "year": 73
    },
    {
        "id": 129,
        "code": "CSUFULL",
        "name": "California State University, Fullerton",
        "year": 74
    },
    {
        "id": 21,
        "code": "CSUHAY",
        "name": "California State University, Hayward",
        "year": 74
    },
    {
        "id": 76,
        "code": "CSULA",
        "name": "California State University, Los Angeles",
        "year": 74
    },
    {
        "id": 81,
        "code": "CSULB",
        "name": "California State University, Long Beach",
        "year": 74
    },
    {
        "id": 1,
        "code": "CSUMA",
        "name": "California Maritime Academy",
        "year": 73
    },
    {
        "id": 12,
        "code": "CSUMB",
        "name": "California State University, Monterey Bay",
        "year": 74
    },
    {
        "id": 42,
        "code": "CSUN",
        "name": "California State University, Northridge",
        "year": 74
    },
    {
        "id": 60,
        "code": "CSUS",
        "name": "California State University, Sacramento",
        "year": 74
    },
    {
        "id": 85,
        "code": "CSUSB",
        "name": "California State University, San Bernardino",
        "year": 73
    },
    {
        "id": 23,
        "code": "CSUSM",
        "name": "California State University, San Marcos",
        "year": 72
    },
    {
        "id": 24,
        "code": "CSUSTAN",
        "name": "California State University, Stanislaus",
        "year": 74
    },
    {
        "id": 115,
        "code": "HSU",
        "name": "Humboldt State University",
        "year": 73
    },
    {
        "id": 26,
        "code": "SDSU",
        "name": "San Diego State University",
        "year": 71
    },
    {
        "id": 116,
        "code": "SFSU",
        "name": "San Francisco State University",
        "year": 74
    },
    {
        "id": 39,
        "code": "SJSU",
        "name": "San Jose State University",
        "year": 74
    },
    {
        "id": 88,
        "code": "SSU",
        "name": "Sonoma State University",
        "year": 74
    },
    {
        "id": 79,
        "code": "UCB",
        "name": "University of California, Berkeley",
        "year": 74
    },
    {
        "id": 89,
        "code": "UCD",
        "name": "University of California, Davis",
        "year": 74
    },
    {
        "id": 120,
        "code": "UCI",
        "name": "University of California, Irvine",
        "year": 74
    },
    {
        "id": 117,
        "code": "UCLA",
        "name": "University of California, Los Angeles",
        "year": 74
    },
    {
        "id": 144,
        "code": "UCM",
        "name": "University of California, Merced",
        "year": 74
    },
    {
        "id": 46,
        "code": "UCR",
        "name": "University of California, Riverside",
        "year": 74
    },
    {
        "id": 128,
        "code": "UCSB",
        "name": "University of California, Santa Barbara",
        "year": 74
    },
    {
        "id": 132,
        "code": "UCSC",
        "name": "University of California, Santa Cruz",
        "year": 74
    },
    {
        "id": 7,
        "code": "UCSD",
        "name": "University of California, San Diego",
        "year": 74
    }
]