[
    {
        "major": "Advertising and Public Relations, B.A.",
        "key": 26757682
    },
    {
        "major": "Africana Studies B.A., Cultural Studies Concentration",
        "key": 26757687
    },
    {
        "major": "Africana Studies B.A., Social Sciences Concentration",
        "key": 26757688
    },
    {
        "major": "Anthropology B.A, Applied Concentration",
        "key": 26757622
    },
    {
        "major": "Anthropology B.A, Archaeology Concentration",
        "key": 26757617
    },
    {
        "major": "Anthropology B.A, Biological Concentration",
        "key": 26757621
    },
    {
        "major": "Anthropology B.A, General Concentration",
        "key": 26757615
    },
    {
        "major": "Art B.A.",
        "key": 26757698
    },
    {
        "major": "Art History B.A.",
        "key": 26757697
    },
    {
        "major": "Asian Pacific Studies B.A.",
        "key": 26757695
    },
    {
        "major": "Audio Engineering, B.A.",
        "key": 26757683
    },
    {
        "major": "Behavioral Science B.A,",
        "key": 26757623
    },
    {
        "major": "Biochemistry B.S.",
        "key": 26757630
    },
    {
        "major": "Biology B.A.",
        "key": 26757631
    },
    {
        "major": "Biology B.S. Cellular & Molecular Biology Option",
        "key": 26757691
    },
    {
        "major": "Biology B.S. Ecology and Environmental Biology Option",
        "key": 26757639
    },
    {
        "major": "Biology B.S. Microbiology Option",
        "key": 26757640
    },
    {
        "major": "Business Administration B.S. Accounting Concentration",
        "key": 26757641
    },
    {
        "major": "Business Administration B.S. Business Analytics Concentration",
        "key": 26757642
    },
    {
        "major": "Business Administration B.S. Entrepreneurship Concentration",
        "key": 26757644
    },
    {
        "major": "Business Administration B.S. Finance Concentration",
        "key": 26757645
    },
    {
        "major": "Business Administration B.S. General Business Concentration",
        "key": 26757646
    },
    {
        "major": "Business Administration B.S. Global Supply Chain Management Concentration",
        "key": 26757689
    },
    {
        "major": "Business Administration B.S. Information Systems Concentration",
        "key": 26757648
    },
    {
        "major": "Business Administration B.S. Information Systems Security Concentration",
        "key": 26757647
    },
    {
        "major": "Business Administration B.S. International Business Concentration",
        "key": 26757677
    },
    {
        "major": "Business Administration B.S. Management and Human Resources Concentration",
        "key": 26757649
    },
    {
        "major": "Business Administration B.S. Marketing Concentration",
        "key": 26757650
    },
    {
        "major": "Business Administration B.S. Sports, Entertainment and Hospitality Concentration",
        "key": 26757651
    },
    {
        "major": "Chemistry B.A. Biochemistry Option",
        "key": 26757653
    },
    {
        "major": "Chemistry B.A. General Chemistry Option",
        "key": 26757654
    },
    {
        "major": "Chemistry B.S. ",
        "key": 26757652
    },
    {
        "major": "Chicana/Chicano Studies B.A.",
        "key": 26757679
    },
    {
        "major": "Child Development B.S.",
        "key": 26757685
    },
    {
        "major": "Clinical Science B.S. Cytotechnology Option",
        "key": 26757655
    },
    {
        "major": "Clinical Science B.S. Medical Technology Option",
        "key": 26757656
    },
    {
        "major": "Computer Science B.S.",
        "key": 26757686
    },
    {
        "major": "Computer Technology B.A. General Track",
        "key": 26757657
    },
    {
        "major": "Computer Technology B.A. Homeland Security Track",
        "key": 26757658
    },
    {
        "major": "Computer Technology B.A. Professional Track",
        "key": 26757660
    },
    {
        "major": "Criminal Justice Administration, B.S.",
        "key": 26757680
    },
    {
        "major": "Dance B.A.",
        "key": 26757694
    },
    {
        "major": "Design B.A.",
        "key": 26757700
    },
    {
        "major": "Earth Science B.S.",
        "key": 26757696
    },
    {
        "major": "English B.A. English Education Option",
        "key": 26757659
    },
    {
        "major": "English B.A. Language and Linguistics Option",
        "key": 26757661
    },
    {
        "major": "English B.A. Literature Option",
        "key": 26757662
    },
    {
        "major": "Film and Television Production B.A.",
        "key": 26757699
    },
    {
        "major": "Film, Television and Media, B.A",
        "key": 26757681
    },
    {
        "major": "Geography B.A.",
        "key": 26757692
    },
    {
        "major": "Health Science B.S. Community Health Option",
        "key": 26757663
    },
    {
        "major": "Health Science B.S. Health Care Management Option",
        "key": 26757664
    },
    {
        "major": "Health Science B.S. Radiologic Technology Option",
        "key": 26757668
    },
    {
        "major": "History B.A.",
        "key": 26757690
    },
    {
        "major": "History B.A. History/Social Science Education Option",
        "key": 26757693
    },
    {
        "major": "Human Services B.A.",
        "key": 26757678
    },
    {
        "major": "Human Services B.A. Mental Health Recovery Option",
        "key": 26757665
    },
    {
        "major": "Information Technology B.S. ",
        "key": 26757666
    },
    {
        "major": "Interdisciplinary Studies B.A. American Studies Concentration",
        "key": 26757667
    },
    {
        "major": "Interdisciplinary Studies B.A. Environmental Studies Concentration",
        "key": 26757670
    },
    {
        "major": "Interdisciplinary Studies B.A. Global Studies Concentration",
        "key": 26757671
    },
    {
        "major": "Interdisciplinary Studies B.A.Comparative Cultures Concentration",
        "key": 26757669
    },
    {
        "major": "Journalism, B.A.",
        "key": 26757684
    },
    {
        "major": "Labor Studies B.A.",
        "key": 26757672
    },
    {
        "major": "Liberal Studies B.A. Anthropology Option",
        "key": 26757673
    },
    {
        "major": "Liberal Studies B.A. Art Option",
        "key": 26757674
    },
    {
        "major": "Liberal Studies B.A. Dance Option",
        "key": 26757675
    },
    {
        "major": "Liberal Studies B.A. Early Teaching and Learning Option",
        "key": 26757676
    },
    {
        "major": "Liberal Studies B.A. Educating Children with Disabilities Option",
        "key": 26757739
    },
    {
        "major": "Liberal Studies B.A. English Language and Linguistics Option",
        "key": 26757703
    },
    {
        "major": "Liberal Studies B.A. English Literature Option",
        "key": 26757704
    },
    {
        "major": "Liberal Studies B.A. General Studies Option",
        "key": 26757706
    },
    {
        "major": "Liberal Studies B.A. Human Development Option",
        "key": 26757707
    },
    {
        "major": "Liberal Studies B.A. Mathematics Option",
        "key": 26757708
    },
    {
        "major": "Liberal Studies B.A. Natural Science Option",
        "key": 26757709
    },
    {
        "major": "Liberal Studies B.A. Physical Education Option",
        "key": 26757711
    },
    {
        "major": "Liberal Studies B.A. Spanish Option",
        "key": 26757710
    },
    {
        "major": "Liberal Studies B.A. Special Option",
        "key": 26757712
    },
    {
        "major": "Liberal Studies B.A. Theatre Arts Option",
        "key": 26757713
    },
    {
        "major": "Mathematics B.S. Mathematics Education Option",
        "key": 26757715
    },
    {
        "major": "Mathematics B.S. Mathematics Option",
        "key": 26757714
    },
    {
        "major": "Music B.A. General Music Option",
        "key": 26757716
    },
    {
        "major": "Music B.A. Music Education Option",
        "key": 26757717
    },
    {
        "major": "Music B.A. Performance Option",
        "key": 26757719
    },
    {
        "major": "Negotiation, Conflict Resolution, And Peacebuilding B.A. ",
        "key": 26757718
    },
    {
        "major": "Nursing B.S. ",
        "key": 26757720
    },
    {
        "major": "Organizational Leadership Studies B.S.",
        "key": 26757737
    },
    {
        "major": "Philosophy B.A. Philosophy Option",
        "key": 26757721
    },
    {
        "major": "Philosophy B.A. Religious Thought Option",
        "key": 26757735
    },
    {
        "major": "Physical Education B.A. Fitness Director Option",
        "key": 26757701
    },
    {
        "major": "Physical Education B.A. Pre-Physical Therapy Option",
        "key": 26757702
    },
    {
        "major": "Physical Education B.A. Teaching Option",
        "key": 26757705
    },
    {
        "major": "Physics B.S. Electrical Engineering Option",
        "key": 26757723
    },
    {
        "major": "Physics B.S. General Physics Option",
        "key": 26757722
    },
    {
        "major": "Physics B.S. Physical Science Option",
        "key": 26757724
    },
    {
        "major": "Political Science B.A. Political Science Concentration",
        "key": 26757733
    },
    {
        "major": "Psychology B.A. ",
        "key": 26757725
    },
    {
        "major": "Public Administration B.S. Criminal Justice Administration Concentration",
        "key": 26757726
    },
    {
        "major": "Public Administration B.S. Health Services Administration Concentration",
        "key": 26757727
    },
    {
        "major": "Public Administration B.S. Public Financial Management Concentration",
        "key": 26757729
    },
    {
        "major": "Public Administration B.S. Public Management Concentration",
        "key": 26757736
    },
    {
        "major": "Public Administration B.S. Public Personnel Administration Concentration",
        "key": 26757728
    },
    {
        "major": "Sociology B.A. ",
        "key": 26757730
    },
    {
        "major": "Spanish B.A. Linguistics Option",
        "key": 26757731
    },
    {
        "major": "Spanish B.A. Literature Option",
        "key": 26757732
    },
    {
        "major": "Theatre Arts B.A. ",
        "key": 26757738
    },
    {
        "major": "Woman's Studies B.A.",
        "key": 26757734
    }
]