[
    {
        "major": "American Indian Studies",
        "key": 25862591
    },
    {
        "major": "Anthropology",
        "key": 25862246
    },
    {
        "major": "Applied Physics - Applied Electronics Option",
        "key": 25862572
    },
    {
        "major": "Applied Physics - General Option",
        "key": 25862985
    },
    {
        "major": "Art, Media, and Design, Art and Visual Culture Option",
        "key": 25863053
    },
    {
        "major": "Art, Media, and Design, Digital and Media Arts Option",
        "key": 25863027
    },
    {
        "major": "Biochemistry",
        "key": 25862267
    },
    {
        "major": "Biological Sciences",
        "key": 25862289
    },
    {
        "major": "Biotechnology",
        "key": 25862313
    },
    {
        "major": "Business Administration - All Options",
        "key": 25862965
    },
    {
        "major": "Chemistry, Chemistry Education Option",
        "key": 25862334
    },
    {
        "major": "Chemistry, General Chemistry Option",
        "key": 25862355
    },
    {
        "major": "Child and Adolescent Development, B.A.",
        "key": 25862374
    },
    {
        "major": "Communication",
        "key": 25862391
    },
    {
        "major": "Computer Science - CIS Option",
        "key": 25862800
    },
    {
        "major": "Computer Science - CS Option",
        "key": 25862553
    },
    {
        "major": "Criminology and Justice Studies",
        "key": 25862406
    },
    {
        "major": "Economics",
        "key": 25862423
    },
    {
        "major": "Electrical Engineering",
        "key": 25862946
    },
    {
        "major": "Environmental Studies",
        "key": 25862820
    },
    {
        "major": "Ethnic Studies",
        "key": 25862605
    },
    {
        "major": "Geography",
        "key": 25863171
    },
    {
        "major": "Global Studies",
        "key": 25862441
    },
    {
        "major": "History",
        "key": 25862456
    },
    {
        "major": "History Single-Subject Preparation for Teaching Option",
        "key": 25862624
    },
    {
        "major": "Human Development, All Options",
        "key": 25863004
    },
    {
        "major": "Kinesiology - Health Science Option",
        "key": 25862792
    },
    {
        "major": "Kinesiology - Movement Science Option",
        "key": 25862757
    },
    {
        "major": "Liberal Studies, Integrated Teacher Education Program Option (ITEP)",
        "key": 25863134
    },
    {
        "major": "Liberal Studies, Teaching - Elementary Subject Matter Preparation",
        "key": 25863100
    },
    {
        "major": "Literature and Writing Studies",
        "key": 25862474
    },
    {
        "major": "Mathematics",
        "key": 25862494
    },
    {
        "major": "Media Studies",
        "key": 25862641
    },
    {
        "major": "Music ",
        "key": 25862662
    },
    {
        "major": "Nursing, All Options",
        "key": 25862846
    },
    {
        "major": "Political Science",
        "key": 25862512
    },
    {
        "major": "Psychological Science",
        "key": 25862677
    },
    {
        "major": "Social Sciences",
        "key": 25862712
    },
    {
        "major": "Sociology, Aging and the Life Course Concentration",
        "key": 25862927
    },
    {
        "major": "Sociology, Children, Youth, and Families Concentration",
        "key": 25862910
    },
    {
        "major": "Sociology, Critical Race Studies Concentration",
        "key": 25862894
    },
    {
        "major": "Sociology, Health, Education, and Welfare Concentration",
        "key": 25862878
    },
    {
        "major": "Sociology, Standard Concentration",
        "key": 25862863
    },
    {
        "major": "Software Engineering",
        "key": 25862735
    },
    {
        "major": "Spanish",
        "key": 25862526
    },
    {
        "major": "Theatre",
        "key": 25863154
    },
    {
        "major": "Women's, Gender, and Sexuality Studies",
        "key": 25863071
    }
]