[
    {
        "major": "Anthropology B.A.",
        "key": 26803203
    },
    {
        "major": "Art B.A. - Art Education Concentration",
        "key": 26803207
    },
    {
        "major": "Art B.A. - Art History & Museum Studies Concentration",
        "key": 26803342
    },
    {
        "major": "Art B.A. - Art Studio Concentration",
        "key": 26803209
    },
    {
        "major": "Art B.F.A. - Fine Arts ",
        "key": 26803293
    },
    {
        "major": "Biology B.S. - Cellular/Molecular Biology Concentration",
        "key": 26803210
    },
    {
        "major": "Biology B.S. - Ecology Concentration",
        "key": 26803310
    },
    {
        "major": "Biology B.S. - General Biology Concentration",
        "key": 26803212
    },
    {
        "major": "Biology B.S. - Marine Biology Concentration",
        "key": 26803213
    },
    {
        "major": "Biology B.S. - Microbiology Concentration",
        "key": 26803215
    },
    {
        "major": "Biology B.S. - Science Education Concentration",
        "key": 26803214
    },
    {
        "major": "Botany B.S.",
        "key": 26803211
    },
    {
        "major": "Business Administration B.S. - Accounting Concentration",
        "key": 26803202
    },
    {
        "major": "Business Administration B.S. - Economics Concentration",
        "key": 26803205
    },
    {
        "major": "Business Administration B.S. - Finance Concentration",
        "key": 26803206
    },
    {
        "major": "Business Administration B.S. - Marketing Concentration",
        "key": 26803208
    },
    {
        "major": "Business Administration B.S. - New Venture Management Concentration",
        "key": 26803307
    },
    {
        "major": "Chemistry B.A.",
        "key": 26803217
    },
    {
        "major": "Chemistry B.S.",
        "key": 26803216
    },
    {
        "major": "Chemistry B.S. - Biochemistry Concentration",
        "key": 26803220
    },
    {
        "major": "Child Development & Family Relations B.A. - Child & Family Services Concentration",
        "key": 26803311
    },
    {
        "major": "Child Development & Family Relations B.A. - Specialized Studies Concentration",
        "key": 26803312
    },
    {
        "major": "Child Development & Family Relations B.A. - Teaching Concentration",
        "key": 26803308
    },
    {
        "major": "Communication B.A.",
        "key": 26803219
    },
    {
        "major": "Computer Science B.S.",
        "key": 26803221
    },
    {
        "major": "Criminology and Justice Studies B.A.",
        "key": 26803218
    },
    {
        "major": "Critical Race, Gender & Sexuality Studies B.A.",
        "key": 26803223
    },
    {
        "major": "Dance Studies [Interdisciplinary Studies B.A - Dance Studies Concentration]",
        "key": 26803326
    },
    {
        "major": "Economics B.A.",
        "key": 26803313
    },
    {
        "major": "English B.A.",
        "key": 26803329
    },
    {
        "major": "English B.A. - English Education Concentration",
        "key": 26803321
    },
    {
        "major": "Environmental Resource Engineering B.S.",
        "key": 26803222
    },
    {
        "major": "Environmental Science & Management - Ecological Restoration",
        "key": 26803287
    },
    {
        "major": "Environmental Science & Management - Energy & Climate",
        "key": 26803295
    },
    {
        "major": "Environmental Science & Management - Environmental Education & Interpretation",
        "key": 26803303
    },
    {
        "major": "Environmental Science & Management - Environmental Planning & Policy",
        "key": 26803305
    },
    {
        "major": "Environmental Science & Management - Geospatial Science",
        "key": 26803304
    },
    {
        "major": "Environmental Studies B.A.",
        "key": 26803226
    },
    {
        "major": "Film B.A.",
        "key": 26803225
    },
    {
        "major": "Fisheries Biology B.S. - Aquaculture Concentration",
        "key": 26803306
    },
    {
        "major": "Fisheries Biology B.S. - Freshwater Fisheries Concentration",
        "key": 26803230
    },
    {
        "major": "Fisheries Biology B.S. - Marine Fisheries Concentration",
        "key": 26803229
    },
    {
        "major": "Forestry B.S. - Forest Hydrology Concentration",
        "key": 26803243
    },
    {
        "major": "Forestry B.S. - Forest Operations Concentration",
        "key": 26803232
    },
    {
        "major": "Forestry B.S. - Forest Restoration Concentration",
        "key": 26803302
    },
    {
        "major": "Forestry B.S. - Forest Soils Concentration",
        "key": 26803241
    },
    {
        "major": "Forestry B.S. - Tribal Forestry Concentration",
        "key": 26803309
    },
    {
        "major": "Forestry B.S. - Wildland Fire Management Concentration",
        "key": 26803240
    },
    {
        "major": "French & Francophone Studies B.A.",
        "key": 26803231
    },
    {
        "major": "Geography B.A.",
        "key": 26803250
    },
    {
        "major": "Geology B.A. - Geosciences Concentration",
        "key": 26803369
    },
    {
        "major": "Geology B.S.",
        "key": 26803373
    },
    {
        "major": "History B.A.",
        "key": 26803371
    },
    {
        "major": "History B.A. - History Education Concentration",
        "key": 26803374
    },
    {
        "major": "International Studies B.A. - Chinese Studies Concentration",
        "key": 26803370
    },
    {
        "major": "International Studies B.A. - Development Studies Concentration",
        "key": 26803462
    },
    {
        "major": "International Studies B.A. - European Studies Concentration",
        "key": 26803377
    },
    {
        "major": "International Studies B.A. - Global Cultural Studies Concentration",
        "key": 26803379
    },
    {
        "major": "International Studies B.A. - Latin American Studies Concentration",
        "key": 26803382
    },
    {
        "major": "Journalism B.A. - News Concentration",
        "key": 26803375
    },
    {
        "major": "Journalism B.A. - Public Relations Concentration",
        "key": 26803376
    },
    {
        "major": "Kinesiology B.S. - Exercise Science Concentration",
        "key": 26803455
    },
    {
        "major": "Kinesiology B.S. - Health Promotion Concentration",
        "key": 26803463
    },
    {
        "major": "Kinesiology B.S. - Physical Education Teaching Concentration",
        "key": 26803378
    },
    {
        "major": "Kinesiology B.S. - Pre-Health Professions Concentration",
        "key": 26803468
    },
    {
        "major": "Leadership Studies [Interdisciplinary Studies B.A. - Leadership Studies Concentration]",
        "key": 26803469
    },
    {
        "major": "Liberal Studies B.A. - Child Development/Elementary Education Concentration",
        "key": 26803480
    },
    {
        "major": "Liberal Studies B.A. - Elementary Education Concentration",
        "key": 26803381
    },
    {
        "major": "Mathematics B.A.",
        "key": 26803380
    },
    {
        "major": "Music B.A. - Composition Concentration",
        "key": 26803384
    },
    {
        "major": "Music B.A. - Music Education Concentration",
        "key": 26803383
    },
    {
        "major": "Music B.A. - Music Studies Concentration",
        "key": 26803392
    },
    {
        "major": "Music B.A. - Performance Concentration",
        "key": 26803386
    },
    {
        "major": "Native American Studies B.A.",
        "key": 26803385
    },
    {
        "major": "Nursing B.S.N. (RN-BSN)",
        "key": 26803464
    },
    {
        "major": "Oceanography B.S.",
        "key": 26803387
    },
    {
        "major": "Philosophy B.A.",
        "key": 26803389
    },
    {
        "major": "Physical Science B.A.",
        "key": 26803434
    },
    {
        "major": "Physics B.S.",
        "key": 26803388
    },
    {
        "major": "Physics B.S. - Astronomy Concentration",
        "key": 26803393
    },
    {
        "major": "Political Science B.A. - Global Politics Concentration",
        "key": 26803438
    },
    {
        "major": "Political Science B.A. - Law & Policy Concentration",
        "key": 26803439
    },
    {
        "major": "Political Science B.A. - Politics of Environment & Sustainability Concentration",
        "key": 26803446
    },
    {
        "major": "Political Science B.A. - Traditional Concentration",
        "key": 26803442
    },
    {
        "major": "Psychology B.A.",
        "key": 26803390
    },
    {
        "major": "Rangeland Resource Science B.S.",
        "key": 26803404
    },
    {
        "major": "Rangeland Resource Science B.S. - Wildland Soil Science Concentration",
        "key": 26803405
    },
    {
        "major": "Recreation Administration B.A.",
        "key": 26803396
    },
    {
        "major": "Religious Studies B.A.",
        "key": 26803394
    },
    {
        "major": "Social Work B.A.",
        "key": 26803402
    },
    {
        "major": "Sociology B.A.",
        "key": 26803401
    },
    {
        "major": "Spanish B.A.",
        "key": 26803409
    },
    {
        "major": "Theatre Arts B.A.",
        "key": 26803411
    },
    {
        "major": "Wildlife B.S. - Conservation Biology/Applied Vertebrate Ecology Concentration",
        "key": 26803413
    },
    {
        "major": "Wildlife B.S. - Wildlife Management & Conservation Concentration",
        "key": 26803414
    },
    {
        "major": "Zoology B.S.",
        "key": 26803417
    }
]