[
    {
        "major": "Aerospace Engineering",
        "key": 7978408
    },
    {
        "major": "Anthropology",
        "key": 7978409
    },
    {
        "major": "Art - Emphasis in Applied Design",
        "key": 7978410
    },
    {
        "major": "Art - Emphasis in Art History",
        "key": 7978411
    },
    {
        "major": "Art - Emphasis in Interior Design",
        "key": 7978412
    },
    {
        "major": "Art - Emphasis in Multimedia",
        "key": 7978413
    },
    {
        "major": "Art - Emphasis in Painting and Printmaking",
        "key": 7978414
    },
    {
        "major": "Art - Emphasis in Sculpture",
        "key": 7978415
    },
    {
        "major": "Art - Emphasis in Studio Arts",
        "key": 7978416
    },
    {
        "major": "Art - for the Single Subject Teaching Credential",
        "key": 7978417
    },
    {
        "major": "Art -- Emphasis in Graphic Design",
        "key": 7978418
    },
    {
        "major": "Biology",
        "key": 7978428
    },
    {
        "major": "Biology - Emphasis in Bioengineering",
        "key": 7978427
    },
    {
        "major": "Business Administration - Emphasis in Accounting",
        "key": 7978419
    },
    {
        "major": "Business Administration - Emphasis in Finance",
        "key": 7978420
    },
    {
        "major": "Business Administration - Emphasis in Financial Services",
        "key": 7978421
    },
    {
        "major": "Business Administration - Emphasis in Information Systems",
        "key": 7978422
    },
    {
        "major": "Business Administration - Emphasis in Management",
        "key": 7978423
    },
    {
        "major": "Business Administration - Emphasis in Marketing",
        "key": 7978424
    },
    {
        "major": "Business Administration - Emphasis in Real Estate",
        "key": 7978425
    },
    {
        "major": "Chemical Physics",
        "key": 7978437
    },
    {
        "major": "Chemistry - Emphasis in Biochemistry",
        "key": 7978435
    },
    {
        "major": "Chemistry - Single Subject Teaching",
        "key": 7978438
    },
    {
        "major": "Chemistry with a BA Degree",
        "key": 7978434
    },
    {
        "major": "Chemistry-BA with Certificate of the American Chemical Society",
        "key": 7978433
    },
    {
        "major": "Chemistry-BS with Certificate of the American Chemical Society",
        "key": 7978436
    },
    {
        "major": "Child Development",
        "key": 7978430
    },
    {
        "major": "Civil Engineering",
        "key": 7978431
    },
    {
        "major": "Communication",
        "key": 7978447
    },
    {
        "major": "Computer Engineering",
        "key": 7978450
    },
    {
        "major": "Computer Science",
        "key": 7978432
    },
    {
        "major": "Construction Engineering",
        "key": 7978452
    },
    {
        "major": "Criminal Justice",
        "key": 7978439
    },
    {
        "major": "Economics",
        "key": 7978458
    },
    {
        "major": "Economics - Emphasis in International Economics",
        "key": 7978455
    },
    {
        "major": "Economics - Emphasis in Public Policy",
        "key": 7978456
    },
    {
        "major": "Economics - Specialization in Quantitative Analysis",
        "key": 7978457
    },
    {
        "major": "Electrical Engineering",
        "key": 7978454
    },
    {
        "major": "English -- Single Subject Teaching",
        "key": 7978459
    },
    {
        "major": "English, B.A. Liberal Arts",
        "key": 7978460
    },
    {
        "major": "Environmental Engineering",
        "key": 7978461
    },
    {
        "major": "Environmental Sciences",
        "key": 7978462
    },
    {
        "major": "Environmental Sciences - Emphasis in Watershed Science",
        "key": 7978463
    },
    {
        "major": "Foods and Nutrition",
        "key": 7978464
    },
    {
        "major": "Geography - Emphasis in Geographic Information Science",
        "key": 7978469
    },
    {
        "major": "Geography - Emphasis in Methods of Geographic Analysis",
        "key": 7978467
    },
    {
        "major": "Geography - Emphasis in Physical Geography",
        "key": 7978470
    },
    {
        "major": "Geography - Emphasis in Urban and Regional Analysis",
        "key": 7978471
    },
    {
        "major": "Geography - General",
        "key": 7978468
    },
    {
        "major": "Geography - Nat Resource and Environmental Geog (Analysis)",
        "key": 7978465
    },
    {
        "major": "Geography - Nat Resource and Environmental Geog (Policy)",
        "key": 7978466
    },
    {
        "major": "Geological Science - Emphasis in Geochemistry",
        "key": 7978474
    },
    {
        "major": "Geological Science - Emphasis in Marine Geology",
        "key": 7978478
    },
    {
        "major": "Geological Sciences - Emphasis in Engineering Geology",
        "key": 7978472
    },
    {
        "major": "Geological Sciences - Emphasis in Geophysics",
        "key": 7978475
    },
    {
        "major": "Geological Sciences - Emphasis in Hydrogeology",
        "key": 7978477
    },
    {
        "major": "Geological Sciences - Emphasis in Paleontology",
        "key": 7978479
    },
    {
        "major": "Geological Sciences - General",
        "key": 7978473
    },
    {
        "major": "Gerontology",
        "key": 7978482
    },
    {
        "major": "Health Science - Emphasis in Public Health",
        "key": 7978484
    },
    {
        "major": "History",
        "key": 7978483
    },
    {
        "major": "Hospitality and Tourism Management - Emphasis in Hotel Operations & Management",
        "key": 7978486
    },
    {
        "major": "Hospitality and Tourism Management - Emphasis in Restaurant Operations &  Manage",
        "key": 7978487
    },
    {
        "major": "Hospitality and Tourism Management-Emphasis in Meetings & Events Oper & Mgt",
        "key": 7978485
    },
    {
        "major": "Hospitality and Tourism Management-Emphasis in Tribal Gaming Oper & Mgt",
        "key": 7978488
    },
    {
        "major": "International Business - Emphasis in  German & Western Europe",
        "key": 7978495
    },
    {
        "major": "International Business - Emphasis in Arabic & Africa/Middle East",
        "key": 7978490
    },
    {
        "major": "International Business - Emphasis in Chinese & Asia",
        "key": 7978491
    },
    {
        "major": "International Business - Emphasis in French & Africa/Middle East",
        "key": 7978492
    },
    {
        "major": "International Business - Emphasis in French & North America",
        "key": 7978493
    },
    {
        "major": "International Business - Emphasis in French & Western Europe",
        "key": 7978494
    },
    {
        "major": "International Business - Emphasis in Italian & Western Europe",
        "key": 7978496
    },
    {
        "major": "International Business - Emphasis in Japanese & Asia",
        "key": 7978497
    },
    {
        "major": "International Business - Emphasis in Portuguese & Africa/Middle East",
        "key": 7978498
    },
    {
        "major": "International Business - Emphasis in Portuguese & Latin America",
        "key": 7978499
    },
    {
        "major": "International Business - Emphasis in Portuguese & Western Europe",
        "key": 7978500
    },
    {
        "major": "International Business - Emphasis in Russian & Central Europe",
        "key": 7978501
    },
    {
        "major": "International Business - Emphasis in Spanish & Latin America",
        "key": 7978502
    },
    {
        "major": "International Business - Emphasis in Spanish & North America",
        "key": 7978503
    },
    {
        "major": "International Business - Emphasis in Spanish & Western Europe",
        "key": 7978504
    },
    {
        "major": "Journalism",
        "key": 7978509
    },
    {
        "major": "Journalism - Emphasis in Advertising",
        "key": 7978442
    },
    {
        "major": "Journalism - Emphasis in Media Studies",
        "key": 7978445
    },
    {
        "major": "Journalism - Emphasis in Public Relations",
        "key": 7978446
    },
    {
        "major": "Kinesiology - Emphasis in Athletic Training",
        "key": 7978510
    },
    {
        "major": "Kinesiology - Emphasis in Fitness Specialist",
        "key": 7978511
    },
    {
        "major": "Kinesiology - Emphasis in Physical Education",
        "key": 7978512
    },
    {
        "major": "Kinesiology-Emphasis in Prephysical Therapy",
        "key": 7978514
    },
    {
        "major": "Liberal Studies",
        "key": 7978515
    },
    {
        "major": "Mechanical Engineering",
        "key": 7978518
    },
    {
        "major": "Microbiology",
        "key": 7978519
    },
    {
        "major": "Nursing",
        "key": 7978523
    },
    {
        "major": "Political Science",
        "key": 7978526
    },
    {
        "major": "Psychology - B.A. Liberal",
        "key": 7978527
    },
    {
        "major": "Public Administration",
        "key": 7978529
    },
    {
        "major": "Recreation Administration-Emphasis in Outdoor Resource Mgt",
        "key": 7978530
    },
    {
        "major": "Recreation Administration-Emphasis in Recreation Systems Mgt",
        "key": 7978531
    },
    {
        "major": "Recreation Administration-Emphasis in Sustainable Tourism Mgt",
        "key": 7978532
    },
    {
        "major": "Religious Studies",
        "key": 7978533
    },
    {
        "major": "Social Science",
        "key": 7978538
    },
    {
        "major": "Social Science - Single Subject Teaching",
        "key": 7978537
    },
    {
        "major": "Social Work",
        "key": 7978539
    },
    {
        "major": "Sociology",
        "key": 7978540
    },
    {
        "major": "Spanish",
        "key": 7978542
    },
    {
        "major": "Television, Film and New Media-Emphasis in Critical Studies",
        "key": 7978550
    },
    {
        "major": "Television, Film and New Media-Emphasis in Production",
        "key": 7978543
    },
    {
        "major": "Theatre Arts - Design and Technology for the Theatre",
        "key": 7978545
    },
    {
        "major": "Theatre Arts - Emphasis in Design for Television and Film",
        "key": 7978546
    },
    {
        "major": "Theatre Arts - Emphasis in Performance",
        "key": 7978548
    },
    {
        "major": "Theatre Arts - Emphasis in Youth Theatre",
        "key": 7978544
    },
    {
        "major": "Theatre Arts General Program",
        "key": 7978547
    },
    {
        "major": "Urban Studies - Specialization in Anthropology",
        "key": 7978551
    },
    {
        "major": "Urban Studies - Specialization in Economics",
        "key": 7978552
    },
    {
        "major": "Urban Studies - Specialization in Geography",
        "key": 7978553
    },
    {
        "major": "Urban Studies - Specialization in Mexican American Border Studies",
        "key": 7978554
    },
    {
        "major": "Urban Studies - Specialization in Political Science",
        "key": 7978556
    },
    {
        "major": "Urban Studies - Specialization in Public Administration",
        "key": 7978555
    },
    {
        "major": "Urban Studies - Specialization in Sociology",
        "key": 7978558
    },
    {
        "major": "Women's Studies",
        "key": 7978560
    }
]