[
    {
        "major": "African-American Studies, B.A.",
        "key": "74/52/to/39/Major/9a569033-8903-4080-b30a-57c1d7f9a878"
    },
    {
        "major": "Animation/Illustration, B.F.A.",
        "key": "74/52/to/39/Major/c4763a3f-2f40-4f7c-b3ac-f72b859c7458"
    },
    {
        "major": "Anthropology, B.A.",
        "key": "74/52/to/39/Major/761c0462-077e-4743-9647-0ca1f4204710"
    },
    {
        "major": "Applied Mathematics, Concentration in Applied and Computational Mathematics, B.S.",
        "key": "74/52/to/39/Major/9e0447ba-e9d4-442b-804f-bf7d03758353"
    },
    {
        "major": "Art History and Visual Culture, B.A.",
        "key": "74/52/to/39/Major/ef303b19-5358-4e20-9ab2-8ac10fa69909"
    },
    {
        "major": "Art, Concentration in Digital Media Art, B.F.A.",
        "key": "74/52/to/39/Major/b77196ce-8e48-40bc-b014-fea5201dcd38"
    },
    {
        "major": "Aviation, B.S.",
        "key": "74/52/to/39/Major/aa394483-7abf-4ad5-9bc2-f35fdfd979e9"
    },
    {
        "major": "Business Administration, Concentration in Accounting Information Systems, B.S.",
        "key": "74/52/to/39/Major/b9d4154a-7792-4f06-2b39-08dc282fb056"
    },
    {
        "major": "Business Administration, Concentration in Accounting, B.S.",
        "key": "74/52/to/39/Major/9625e34d-c5ce-4a85-2b38-08dc282fb056"
    },
    {
        "major": "Business Administration, Concentration in Business Analytics, B.S.",
        "key": "74/52/to/39/Major/18e832a0-e531-475f-2b3a-08dc282fb056"
    },
    {
        "major": "Business Administration, Concentration in Corporate Accounting and Finance, B.S.",
        "key": "74/52/to/39/Major/687d433e-1e13-4cb9-2b3b-08dc282fb056"
    },
    {
        "major": "Business Administration, Concentration in Entrepreneurship, B.S.",
        "key": "74/52/to/39/Major/3d48f6e0-4c8a-43b5-2b3c-08dc282fb056"
    },
    {
        "major": "Business Administration, Concentration in Finance, B.S.",
        "key": "74/52/to/39/Major/32ecd780-6133-42bd-8a1e-08dc4dce9d7f"
    },
    {
        "major": "Business Administration, Concentration in General Business, B.S.",
        "key": "74/52/to/39/Major/ce4fa94b-be93-4086-8a1f-08dc4dce9d7f"
    },
    {
        "major": "Business Administration, Concentration in Hospitality, Tourism and Event Management, B.S.",
        "key": "74/52/to/39/Major/62a9f49e-2781-4ada-b676-4b34916f5d7c"
    },
    {
        "major": "Business Administration, Concentration in Human Resource Management, B.S.",
        "key": "74/52/to/39/Major/70ca37ac-49ee-4e06-8a20-08dc4dce9d7f"
    },
    {
        "major": "Business Administration, Concentration in International Business, B.S.",
        "key": "74/52/to/39/Major/0ea81163-59e7-4e6b-8a21-08dc4dce9d7f"
    },
    {
        "major": "Business Administration, Concentration in Management Information Systems, B.S.",
        "key": "74/52/to/39/Major/158a42bf-b035-4144-8a23-08dc4dce9d7f"
    },
    {
        "major": "Business Administration, Concentration in Management, B.S.",
        "key": "74/52/to/39/Major/427d8c86-27ad-444e-8a22-08dc4dce9d7f"
    },
    {
        "major": "Business Administration, Concentration in Marketing, B.S.",
        "key": "74/52/to/39/Major/26fb7fa8-ecf9-4646-8a24-08dc4dce9d7f"
    },
    {
        "major": "Business Administration, Concentration in Operations and Supply Chain Management, B.S.",
        "key": "74/52/to/39/Major/23858e9a-7fed-423a-a7d8-96b27e1fade8"
    },
    {
        "major": "Computer Science and Linguistics, B.S.",
        "key": "74/52/to/39/Major/8bf0c0eb-a17d-4073-906d-08dc51f2207b"
    },
    {
        "major": "Computer Science, B.S.",
        "key": "74/52/to/39/Major/2ae34a76-1890-4f79-b783-a23c04cf60ae"
    },
    {
        "major": "Engineering - Aerospace Engineering, B.S.",
        "key": "74/52/to/39/Major/f6e48ce1-72c3-487d-a7fd-d5459894bbb0"
    },
    {
        "major": "Engineering - Biomedical Engineering, B.S.",
        "key": "74/52/to/39/Major/698aa171-7e2d-4b2a-9232-4d9ad066f0f8"
    },
    {
        "major": "Engineering - Chemical Engineering, B.S.",
        "key": "74/52/to/39/Major/1490e57c-7545-458b-9d3d-1449af0e5969"
    },
    {
        "major": "Engineering - Civil Engineering, B.S.",
        "key": "74/52/to/39/Major/44476c7b-e36c-4f39-a049-4dfdae505613"
    },
    {
        "major": "Engineering - Computer Engineering, B.S.",
        "key": "74/52/to/39/Major/47ad01b3-5248-45ec-8913-da5c00501f7a"
    },
    {
        "major": "Engineering - Electrical Engineering, B.S.",
        "key": "74/52/to/39/Major/d40742d0-9b1d-4ae6-aeff-5085f1225ab2"
    },
    {
        "major": "Engineering - Industrial and Systems Engineering, B.S.",
        "key": "74/52/to/39/Major/3bbb0e86-dfda-4351-8db6-5e3c49a79b38"
    },
    {
        "major": "Engineering - Interdisciplinary Engineering, B.S.",
        "key": "74/52/to/39/Major/c165faf1-3d47-42f3-ab95-81a80fba6bb5"
    },
    {
        "major": "Engineering Technology, Concentration in Computer Network System Management, B.S.",
        "key": "74/52/to/39/Major/e3203271-5416-4ca9-b466-5db64d0bc5a3"
    },
    {
        "major": "Engineering Technology, Concentration in Manufacturing Systems, B.S.",
        "key": "74/52/to/39/Major/a15a1c27-9805-43e8-8579-6f32b88d7ebd"
    },
    {
        "major": "Forensic Science, Concentration in Biology, B.S.",
        "key": "74/52/to/39/Major/4fd383ea-6178-493a-81b9-2abbab5b7107"
    },
    {
        "major": "Forensic Science, Concentration in Chemistry, B.S.",
        "key": "74/52/to/39/Major/fc058231-4422-4228-b4de-b3db24e2316e"
    },
    {
        "major": "Forensic Science, Concentration in Crime Scene Investigation, B.S.",
        "key": "74/52/to/39/Major/36e7de1b-50e0-4be2-8a2c-8b41ed3882d6"
    },
    {
        "major": "Forensic Science, Concentration in Digital Evidence, B.S.",
        "key": "74/52/to/39/Major/9b342000-2c3d-474b-a5e2-150a0abe2580"
    },
    {
        "major": "Geographic Information Science (GIS), B.S.",
        "key": "74/52/to/39/Major/41f16e17-9627-4d6d-69a0-08dc551137ce"
    },
    {
        "major": "Geography, B.A.",
        "key": "74/52/to/39/Major/264064d0-5a01-42ad-8375-2223039f2dcf"
    },
    {
        "major": "Mathematics, B.A.",
        "key": "74/52/to/39/Major/7025486a-7f23-4943-a16e-45a7b25babd3"
    },
    {
        "major": "Mathematics, Integrated Teacher Education Program, B.A.",
        "key": "74/52/to/39/Major/abd4de58-9afb-45de-b23f-08d2c6864e6f"
    },
    {
        "major": "Music, B.A.",
        "key": "74/52/to/39/Major/93e7919b-cd65-48e0-aea0-37748cb240c3"
    },
    {
        "major": "Music, Concentration in Composition, B.M.",
        "key": "74/52/to/39/Major/c4ea407d-556b-42da-ba6a-dd77c1855498"
    },
    {
        "major": "Music, Concentration in Jazz Studies, B.M.",
        "key": "74/52/to/39/Major/b781bd1c-5689-4b8f-b972-43afbda2fd0d"
    },
    {
        "major": "Music, Concentration in Music Education, B.M.",
        "key": "74/52/to/39/Major/a2f76fd6-7275-45e0-ae1e-5f1feae2ee04"
    },
    {
        "major": "Music, Concentration in Performance, B.M.",
        "key": "74/52/to/39/Major/20bcf6bf-8c0e-4e63-982d-6b5d40de2959"
    },
    {
        "major": "Psychology, B.A.",
        "key": "74/52/to/39/Major/927809bd-ba51-4363-97ab-5276c33eb908"
    },
    {
        "major": "Statistics, B.S.",
        "key": "74/52/to/39/Major/20e0177c-a3d6-450c-b272-a6ac3bae087b"
    },
    {
        "major": "Women, Gender, and Sexuality Studies, B.A.",
        "key": "74/52/to/39/Major/08aa016e-c576-4571-69a1-08dc551137ce"
    }
]