[
    {
        "major": "Aerospace Engineering, B.S.",
        "key": "74/31/to/75/Major/172df936-d401-4103-908d-bd0e96fe9a69"
    },
    {
        "major": "Agribusiness and Food Industry Management, B.S.",
        "key": "74/31/to/75/Major/ba63fc9d-af64-43a8-9491-0739ecd9ff75"
    },
    {
        "major": "Agricultural Science, B.S.",
        "key": "74/31/to/75/Major/9985deaf-b3e1-43ae-a894-a351c9a48f52"
    },
    {
        "major": "Animal Health Science, B.S.",
        "key": "74/31/to/75/Major/3526421b-2eca-4e6f-b09e-cc7b5c1ed3d5"
    },
    {
        "major": "Animal Science, B.S. - Animal Science Option",
        "key": "74/31/to/75/Major/ecfc3e40-e153-4b1e-99f5-80538317bfbf"
    },
    {
        "major": "Animal Science, B.S. - Pre-Veterinary Science/Graduate School Option",
        "key": "74/31/to/75/Major/e73a9462-1651-4c47-a8d0-04ae58a4ca87"
    },
    {
        "major": "Anthropology, B.S. - Applied Anthropology Option",
        "key": "74/31/to/75/Major/67c385f4-838c-4b4f-9f0b-8345dfe65ded"
    },
    {
        "major": "Anthropology, B.S. - Archaeology Option",
        "key": "74/31/to/75/Major/9cf225f7-b14f-4109-b666-b26f40d84468"
    },
    {
        "major": "Anthropology, B.S. - General Anthropology Option",
        "key": "74/31/to/75/Major/9cc1237f-d59a-4233-8ef3-ee7e0ce74bbe"
    },
    {
        "major": "Apparel Merchandising and Management, B.S. -  Apparel Production and Management Option",
        "key": "74/31/to/75/Major/e62b833e-39fa-4371-b670-6e9d592f4d57"
    },
    {
        "major": "Apparel Merchandising and Management, B.S. -  Fashion Retailing Option",
        "key": "74/31/to/75/Major/7cb0a8a1-d74a-4f74-9a31-aa5afe48be99"
    },
    {
        "major": "Apparel Merchandising and Management, B.S. - Textiles Option",
        "key": "74/31/to/75/Major/24e3d910-933c-4959-8a47-fc4bcee22b2d"
    },
    {
        "major": "Architecture, B.Arch.",
        "key": "74/31/to/75/Major/5aac3e06-6700-4901-a835-954666941d97"
    },
    {
        "major": "Art History, B.A.",
        "key": "74/31/to/75/Major/f70efa19-7d37-4608-95a0-dc9f0030b309"
    },
    {
        "major": "Biology, B.S.",
        "key": "74/31/to/75/Major/a3d6a1af-3d36-4447-9780-f2b54224d3b1"
    },
    {
        "major": "Biotechnology, B.S.",
        "key": "74/31/to/75/Major/4b2c601c-d759-47c4-a254-b500dcb42ac7"
    },
    {
        "major": "Business Administration, B.S. - Accounting Option",
        "key": "74/31/to/75/Major/99ed85ec-8f06-4d6b-99b9-cc0517feebf3"
    },
    {
        "major": "Business Administration, B.S. - Computer Information Systems Option",
        "key": "74/31/to/75/Major/bdfd6ff7-9ac8-4e82-aedd-026931bd5dbe"
    },
    {
        "major": "Business Administration, B.S. - E-Business Option",
        "key": "74/31/to/75/Major/e84ce982-130b-4273-9331-b7689d15497d"
    },
    {
        "major": "Business Administration, B.S. - Finance, Real Estate and Law Option",
        "key": "74/31/to/75/Major/acfed7b1-e103-48d1-821b-6c0b59e94bbd"
    },
    {
        "major": "Business Administration, B.S. - International Business Option",
        "key": "74/31/to/75/Major/598d785a-2ab0-41cd-bc98-64303537c622"
    },
    {
        "major": "Business Administration, B.S. - Management and Human Resources Option",
        "key": "74/31/to/75/Major/50aaf3c0-569c-4749-8d69-3a7bbef366e2"
    },
    {
        "major": "Business Administration, B.S. - Marketing Management Option",
        "key": "74/31/to/75/Major/4f452810-9703-47ae-9f59-745f63421a72"
    },
    {
        "major": "Business Administration, B.S. - Technology and Operations Management Option",
        "key": "74/31/to/75/Major/644b7e65-2d93-4703-accc-b73326af8d69"
    },
    {
        "major": "Chemical Engineering, B.S.",
        "key": "74/31/to/75/Major/4c3670e2-e0df-4aec-bed0-aef6867e0813"
    },
    {
        "major": "Chemistry, B.S. - American Chemical Society Option",
        "key": "74/31/to/75/Major/0c3a3549-d9da-4f17-966f-e9c499b8bc4c"
    },
    {
        "major": "Chemistry, B.S. - Biochemistry Option",
        "key": "74/31/to/75/Major/c85eed3a-0a3c-4be9-93cd-59e34896dae3"
    },
    {
        "major": "Chemistry, B.S. - General Chemistry Option",
        "key": "74/31/to/75/Major/b30ed6b5-5892-41bc-ba05-a599803f08be"
    },
    {
        "major": "Civil Engineering, B.S. - Environmental Engineering Option",
        "key": "74/31/to/75/Major/9e64d55f-b72e-49f2-a341-c890305e0329"
    },
    {
        "major": "Civil Engineering, B.S. - General Civil Engineering Option",
        "key": "74/31/to/75/Major/690b846e-21c4-45cc-8a81-5b6f2dff3512"
    },
    {
        "major": "Civil Engineering, B.S. - Geospatial Engineering Option",
        "key": "74/31/to/75/Major/e01587bf-7eae-49cd-a952-2109f11af23a"
    },
    {
        "major": "Communication, B.S. - Communication Studies Option",
        "key": "74/31/to/75/Major/9b42fb83-2d8e-431c-1092-08db8ef06c1a"
    },
    {
        "major": "Communication, B.S. - Multimedia Journalism Option",
        "key": "74/31/to/75/Major/d3fc9f14-a4ef-43ae-bc32-5d5d73fe9159"
    },
    {
        "major": "Communication, B.S. - Public Relations Option",
        "key": "74/31/to/75/Major/ba12cea0-0d57-4810-ab9c-1190745a9798"
    },
    {
        "major": "Computer Engineering, B.S.",
        "key": "74/31/to/75/Major/8795f6d8-9000-4c78-9e4b-59cb4ca61a9f"
    },
    {
        "major": "Computer Science, B.S.",
        "key": "74/31/to/75/Major/5ae580f1-01b9-4449-af23-b28ec90a571f"
    },
    {
        "major": "Construction Engineering and Management, B.S.",
        "key": "74/31/to/75/Major/268319b4-cc9b-4a00-85e5-fa7cba1b98a9"
    },
    {
        "major": "Criminology, B.A.",
        "key": "74/31/to/75/Major/bdf67a10-e8fe-4099-8467-e0a1788f24e6"
    },
    {
        "major": "Early Childhood Studies, B.A. - Early Childhood Teaching Option",
        "key": "74/31/to/75/Major/c625eb78-1b1a-443b-bc60-08539127dc8a"
    },
    {
        "major": "Early Childhood Studies, B.A. - Integrated Teacher Education Program Education Specialist:  Extensive Support Needs Option",
        "key": "74/31/to/75/Major/edb4cc2c-0aba-4296-be66-50ff79b7b016"
    },
    {
        "major": "Early Childhood Studies, B.A. - Integrated Teacher Education Program Education Specialist: Mild to Moderate Support Needs Option",
        "key": "74/31/to/75/Major/f3ca8f08-8f0b-457b-9f86-51cda404fd35"
    },
    {
        "major": "Early Childhood Studies, B.A. - Multilingual Teaching Option",
        "key": "74/31/to/75/Major/657faae5-0987-432e-8b05-4458abebbec6"
    },
    {
        "major": "Early Childhood Studies, B.A. - Non-Teaching Option",
        "key": "74/31/to/75/Major/daa712cb-90ea-4d57-8011-b4639aea55f6"
    },
    {
        "major": "Early Childhood Studies, B.A. - PK-Grade 3 Option",
        "key": "74/31/to/75/Major/8e4df883-f661-47c1-a606-154b6b125498"
    },
    {
        "major": "Economics, B.S. - Applied Economics Option",
        "key": "74/31/to/75/Major/473aeeda-b0bd-4aef-8e16-a523bce8f050"
    },
    {
        "major": "Economics, B.S. - General Economics Option",
        "key": "74/31/to/75/Major/a1d66634-bfcf-4925-bbaa-670c2fd347bf"
    },
    {
        "major": "Economics, B.S. - Quantitative Economics Option",
        "key": "74/31/to/75/Major/e15f1c01-72e6-471e-a63e-1a92a5dba54d"
    },
    {
        "major": "Electrical Engineering, B.S.",
        "key": "74/31/to/75/Major/64554b3c-965e-4b2f-a8db-f636776f89bf"
    },
    {
        "major": "Electromechanical Systems Engineering Technology, B.S.",
        "key": "74/31/to/75/Major/26486d15-52de-4a3a-b8fa-2c2294a300dc"
    },
    {
        "major": "Electronic Systems Engineering Technology, B.S.",
        "key": "74/31/to/75/Major/184df19e-ec00-4477-9ac1-575b457d2694"
    },
    {
        "major": "English, B.A. - Applied Language Studies Option",
        "key": "74/31/to/75/Major/73bd1cf9-4748-4387-bb52-df0fcb20cb3b"
    },
    {
        "major": "English, B.A. - English Education Option",
        "key": "74/31/to/75/Major/9dfc8f08-e8e5-4966-b2d0-a6943e873672"
    },
    {
        "major": "English, B.A. - Literary Studies Option",
        "key": "74/31/to/75/Major/3d254c09-33f8-453b-9315-820013f10cf5"
    },
    {
        "major": "Environmental Biology, B.S.",
        "key": "74/31/to/75/Major/7027258c-6c57-4cb5-be2d-9556443b9c4c"
    },
    {
        "major": "Food Science and Technology, B.S. - Culinology\u00ae Option",
        "key": "74/31/to/75/Major/b7627189-1632-436c-4bd0-08db8fad7bb5"
    },
    {
        "major": "Food Science and Technology, B.S. - General Option",
        "key": "74/31/to/75/Major/808a3b19-8537-409d-b1fa-5c80aa9e1831"
    },
    {
        "major": "Food Science and Technology, B.S. - Science and Technology Option",
        "key": "74/31/to/75/Major/122ea7bf-c2f7-41d8-4bd1-08db8fad7bb5"
    },
    {
        "major": "Gender, Ethnicity and Multicultural Studies, B.A. - GEMS Option",
        "key": "74/31/to/75/Major/227449b8-a6d0-4301-a86c-8bf029bc2a1b"
    },
    {
        "major": "Gender, Ethnicity and Multicultural Studies, B.A. - Pre-Credential Option",
        "key": "74/31/to/75/Major/c1a2615f-ab3e-4494-bc15-f8ccbbd4133e"
    },
    {
        "major": "Geography, B.S. - Environmental Studies Option",
        "key": "74/31/to/75/Major/72fd6e6b-80a4-45a7-b106-4e9a02b856ac"
    },
    {
        "major": "Geography, B.S. - Geographic Studies Option",
        "key": "74/31/to/75/Major/96d86d04-55d5-4fe6-a53d-9c3c43984e3e"
    },
    {
        "major": "Geography, B.S. - Geospatial Analysis Option",
        "key": "74/31/to/75/Major/03f1c3b0-4fca-4fb9-8c75-375df5a4acbf"
    },
    {
        "major": "Geology, B.S.",
        "key": "74/31/to/75/Major/2966ee56-ebe6-49a4-980b-8d042ffccf33"
    },
    {
        "major": "History, B.A.",
        "key": "74/31/to/75/Major/3bcd3290-fbb4-47a9-9ffe-258bf4975578"
    },
    {
        "major": "History, B.A. - Pre-Credential Option",
        "key": "74/31/to/75/Major/6b7c77b7-5290-4e9f-afef-329dbc45f80f"
    },
    {
        "major": "Hospitality Management, B.S.",
        "key": "74/31/to/75/Major/6a4be38d-0411-4852-8d81-1579fb2bd77f"
    },
    {
        "major": "Industrial Engineering, B.S.",
        "key": "74/31/to/75/Major/64f50ec9-f69e-4045-bbba-499815888d7a"
    },
    {
        "major": "Kinesiology, B.S. - General Option",
        "key": "74/31/to/75/Major/b77b79cc-881c-43be-8970-af8389c2ded2"
    },
    {
        "major": "Kinesiology, B.S. - Physical Education Teacher Education Option",
        "key": "74/31/to/75/Major/44305825-ca23-4b4d-bde2-63d4e06b5121"
    },
    {
        "major": "Landscape Architecture, B.S.",
        "key": "74/31/to/75/Major/be57a3a7-42f3-4c99-9674-9192493206a9"
    },
    {
        "major": "Liberal Studies, B.A. - General Studies Option",
        "key": "74/31/to/75/Major/d6e52257-206a-49bd-81eb-d771e01dcc4a"
    },
    {
        "major": "Liberal Studies, B.A. - Integrated Teacher Education Program Education Specialist: Extensive Support Needs Option",
        "key": "74/31/to/75/Major/06473d0c-36ed-4837-8b45-546fe9493163"
    },
    {
        "major": "Liberal Studies, B.A. - Integrated Teacher Education Program Education Specialist: Mild to Moderate Support Needs Option",
        "key": "74/31/to/75/Major/0606b3cc-a738-40d4-887f-7489b9220428"
    },
    {
        "major": "Liberal Studies, B.A. - Pre-Credential Option",
        "key": "74/31/to/75/Major/086b9f33-adac-4284-9e35-8ab9d27520af"
    },
    {
        "major": "Manufacturing Engineering, B.S.",
        "key": "74/31/to/75/Major/2422a19c-4956-495a-be78-ed48dfcd7b97"
    },
    {
        "major": "Mathematics, B.S. - Applied Mathematics/Statistics Option",
        "key": "74/31/to/75/Major/15f64118-e088-493f-b28f-409c7806a113"
    },
    {
        "major": "Mathematics, B.S. - Secondary Teacher Prep/Pure Mathematics Option",
        "key": "74/31/to/75/Major/d7b4eb76-d353-4c93-9902-02f4d02f0c57"
    },
    {
        "major": "Mechanical Engineering, B.S.",
        "key": "74/31/to/75/Major/1ae8faf3-79f1-46e6-bb12-a592f7c250cf"
    },
    {
        "major": "Music, B.A. - General Option",
        "key": "74/31/to/75/Major/8f65cac6-77c8-40fa-a023-b73c1dc63b1a"
    },
    {
        "major": "Music, B.A. - Music Industry Studies Option",
        "key": "74/31/to/75/Major/019d6bd9-8e16-49a4-bb1a-8d4d6e7c9a4e"
    },
    {
        "major": "Music, B.M. - Composition Option",
        "key": "74/31/to/75/Major/4d8d8069-1abb-4f82-abb8-5d5f9d69cee6"
    },
    {
        "major": "Music, B.M. - Pedagogy (Pre-credential) Option",
        "key": "74/31/to/75/Major/3a23c4bb-270f-40b5-b42d-aac803d10580"
    },
    {
        "major": "Music, B.M. - Performance Option",
        "key": "74/31/to/75/Major/12b38faf-1549-461d-9c6d-0f5ec8391381"
    },
    {
        "major": "Nutrition, B.S. - Dietetics Option",
        "key": "74/31/to/75/Major/abb830bd-7407-4a87-8a37-974cf701bc6d"
    },
    {
        "major": "Nutrition, B.S. - Nutrition Science Option",
        "key": "74/31/to/75/Major/fce31a61-e81c-4a30-8e02-1987504b4b61"
    },
    {
        "major": "Nutrition, B.S. - Nutrition and Health Option",
        "key": "74/31/to/75/Major/f14eeb96-6626-4fc2-991b-a82579104a78"
    },
    {
        "major": "Philosophy, B.A. - General Option",
        "key": "74/31/to/75/Major/a99a0cf2-8f9e-4c24-8eb0-ae3affef8408"
    },
    {
        "major": "Philosophy, B.A. - Law and Society Option",
        "key": "74/31/to/75/Major/c117240c-e506-4e1e-ace0-1cfa9896c61f"
    },
    {
        "major": "Physics, B.S. - Biophysics Option",
        "key": "74/31/to/75/Major/1e390731-c3a8-4055-9278-7f96b19c7ce5"
    },
    {
        "major": "Physics, B.S. - General Option",
        "key": "74/31/to/75/Major/49864901-e1ce-43fa-9aef-df50667f447d"
    },
    {
        "major": "Physics, B.S. - Integrated Science Option",
        "key": "74/31/to/75/Major/ca5ffc6d-2b8d-4e31-b251-cab43c5bbb41"
    },
    {
        "major": "Plant Science, B.S.",
        "key": "74/31/to/75/Major/ba2070d5-274f-4469-9842-bffce8c1d8b2"
    },
    {
        "major": "Political Science, B.S.",
        "key": "74/31/to/75/Major/5e6ae249-82dd-454b-8abd-f06227bffb10"
    },
    {
        "major": "Psychology, B.A.",
        "key": "74/31/to/75/Major/e82ce480-3f07-4f92-bb3e-0bb12b53281a"
    },
    {
        "major": "Science, Technology, and Society, B.A.",
        "key": "74/31/to/75/Major/27ee226e-ef34-4fcb-b7ca-af6b1ffd26b3"
    },
    {
        "major": "Sociology, B.A. - General Sociology Option",
        "key": "74/31/to/75/Major/792d910e-e023-4076-a5b0-8dcd15324988"
    },
    {
        "major": "Sociology, B.A. - Social Work Option",
        "key": "74/31/to/75/Major/56e15e95-0e2b-4e98-b31b-d6782daf0f0b"
    },
    {
        "major": "Spanish, B.A.",
        "key": "74/31/to/75/Major/6624ecc4-0910-4373-bd69-756d4fd25442"
    },
    {
        "major": "Theatre, B.A. - Acting Option",
        "key": "74/31/to/75/Major/ab21f602-a8fb-4afe-8c4a-5e70005c34c9"
    },
    {
        "major": "Theatre, B.A. - Dance Theatre Option",
        "key": "74/31/to/75/Major/a85824e4-07b3-4eb6-b078-6eb5d0b7136b"
    },
    {
        "major": "Theatre, B.A. - Design and Technical Production Option",
        "key": "74/31/to/75/Major/24587f86-e684-4ff4-8bd5-35c63d26cb56"
    },
    {
        "major": "Theatre, B.A. - General Theatre Option",
        "key": "74/31/to/75/Major/b9792380-16c5-42ab-8f0a-d9ab0def4ae2"
    },
    {
        "major": "Theatre, B.A. - Theatre in Education and Community Engagement Option",
        "key": "74/31/to/75/Major/a63cfa73-42ab-4e4c-83d8-4597e6c04e83"
    },
    {
        "major": "Urban and Regional Planning, B.S. - Community Development and Social Justice Option",
        "key": "74/31/to/75/Major/c3c1835f-4e65-44c1-89f8-9a2e3750ba74"
    },
    {
        "major": "Urban and Regional Planning, B.S. - Infrastructure and Transportation Option",
        "key": "74/31/to/75/Major/5d42921d-bba9-4a2b-a2bd-2157dd641a97"
    },
    {
        "major": "Urban and Regional Planning, B.S. - Resiliency, Sustainability and the Environment Option",
        "key": "74/31/to/75/Major/9b0c1691-3dd0-4191-b3e2-62f5d3e280ea"
    },
    {
        "major": "Urban and Regional Planning, B.S. - Urban Design Option",
        "key": "74/31/to/75/Major/af0069f8-8808-4d05-99e5-234bbca2ed4a"
    },
    {
        "major": "Visual Communication Design, B.F.A.",
        "key": "74/31/to/75/Major/04ae4a7f-6820-4ec1-94a8-df32983d394b"
    }
]