[
    {
        "major": "AEROSPACE ENGINEERING, B.S.",
        "key": "74/31/to/11/Major/8a380dc2-8023-4142-8eb2-57a4a31a5e8d"
    },
    {
        "major": "AGRICULTURAL BUSINESS, B.S.",
        "key": "74/31/to/11/Major/ddd8c2ad-adba-4491-ac4c-fb70b39712f3"
    },
    {
        "major": "AGRICULTURAL COMMUNICATION, B.S.",
        "key": "74/31/to/11/Major/79e6fc00-2c81-4e20-a221-45ff10962b80"
    },
    {
        "major": "AGRICULTURAL SCIENCE, B.S.",
        "key": "74/31/to/11/Major/08cfa28b-07f5-4832-8e4c-d1f69fbfc370"
    },
    {
        "major": "AGRICULTURAL SYSTEMS MANAGEMENT, B.S.",
        "key": "74/31/to/11/Major/a2f15546-c182-476c-bd21-d1e7fc1dd139"
    },
    {
        "major": "ANIMAL SCIENCE, B.S.",
        "key": "74/31/to/11/Major/d56991f5-787d-405b-9797-5e846a907498"
    },
    {
        "major": "ANTHROPOLOGY AND GEOGRAPHY, B.S.",
        "key": "74/31/to/11/Major/032e7f94-c668-4129-87f3-766e371244ee"
    },
    {
        "major": "ARCHITECTURAL ENGINEERING, B.S.",
        "key": "74/31/to/11/Major/5ff59336-23ee-4db0-96b7-97ccb67373d0"
    },
    {
        "major": "ARCHITECTURE, B. Architecture",
        "key": "74/31/to/11/Major/35e19077-68a2-42a7-a6cb-09e4a10c5d3c"
    },
    {
        "major": "ART AND DESIGN, B. Fine Arts",
        "key": "74/31/to/11/Major/b1055664-e329-410e-b58f-ba2206416c60"
    },
    {
        "major": "BIOCHEMISTRY, B.S.",
        "key": "74/31/to/11/Major/71533df7-bc69-48e9-a03f-814af267ba14"
    },
    {
        "major": "BIOLOGICAL SCIENCES, B.S.",
        "key": "74/31/to/11/Major/9311c37e-59d9-4aef-9ae5-9c6198b70501"
    },
    {
        "major": "BIOMEDICAL ENGINEERING, B.S.",
        "key": "74/31/to/11/Major/e57abe6d-98e0-461b-8593-c18bf2b1d6e1"
    },
    {
        "major": "BIORESOURCE AND AGRICULTURAL ENGINEERING, B.S.",
        "key": "74/31/to/11/Major/f218a101-2be2-4c49-b7a0-7dfce9de9b4a"
    },
    {
        "major": "BUSINESS ADMINISTRATION, B.S.",
        "key": "74/31/to/11/Major/889113f2-1ebd-4da3-8a02-7f821808f178"
    },
    {
        "major": "CHEMISTRY, B.S.",
        "key": "74/31/to/11/Major/5e6c232e-5427-4c6b-bd4c-e2c0c242f990"
    },
    {
        "major": "CHILD DEVELOPMENT, B.S.",
        "key": "74/31/to/11/Major/bd17f57b-67ce-44a0-8db0-036951299e89"
    },
    {
        "major": "CITY AND REGIONAL PLANNING, B.S.",
        "key": "74/31/to/11/Major/057307fa-824c-45d6-bde3-1d7c91eaa121"
    },
    {
        "major": "CIVIL ENGINEERING, B.S.",
        "key": "74/31/to/11/Major/6a56caa8-8d39-442f-a862-405f00585181"
    },
    {
        "major": "COMMUNICATION STUDIES, B.A.",
        "key": "74/31/to/11/Major/91d42faf-0f81-469d-8859-0cd139065a9f"
    },
    {
        "major": "COMPARATIVE ETHNIC STUDIES, B.A.",
        "key": "74/31/to/11/Major/5aaf5b5d-04a8-4048-9afd-98e6bb56bbd4"
    },
    {
        "major": "COMPUTER ENGINEERING, B.S.",
        "key": "74/31/to/11/Major/48d38f7c-8546-4a31-974e-af648c53a55e"
    },
    {
        "major": "COMPUTER SCIENCE, B.S.",
        "key": "74/31/to/11/Major/ffb4ba0b-c401-4aad-aaf4-9203256663d0"
    },
    {
        "major": "CONSTRUCTION MANAGEMENT, B.S.",
        "key": "74/31/to/11/Major/bb0f7986-4c57-4700-913a-4d85d1d596aa"
    },
    {
        "major": "DAIRY SCIENCE, B.S.",
        "key": "74/31/to/11/Major/1e9993b6-15a5-4088-b2b7-5af0b0373d92"
    },
    {
        "major": "ECONOMICS, B.S.",
        "key": "74/31/to/11/Major/a1eca78a-500a-4f32-b6f9-04db6cacf67a"
    },
    {
        "major": "ELECTRICAL ENGINEERING, B.S.",
        "key": "74/31/to/11/Major/c1be1835-20db-418e-8e23-68814ae5d3e3"
    },
    {
        "major": "ENGLISH, B.A.",
        "key": "74/31/to/11/Major/a236c2cc-d528-4b42-8670-f0b7c8336593"
    },
    {
        "major": "ENVIRONMENTAL EARTH AND SOIL SCIENCE, B.S.",
        "key": "74/31/to/11/Major/aae8b663-5159-4659-8fa8-a5bdb72840ef"
    },
    {
        "major": "ENVIRONMENTAL ENGINEERING, B.S.",
        "key": "74/31/to/11/Major/2c1c4229-fb68-4cbf-86df-9819b125aa1f"
    },
    {
        "major": "ENVIRONMENTAL MANAGEMENT AND PROTECTION, B.S.",
        "key": "74/31/to/11/Major/d4e54067-fe12-4aa8-8c69-cf9a223afa7b"
    },
    {
        "major": "FOOD SCIENCE, B.S.",
        "key": "74/31/to/11/Major/ded09cfd-4aba-4f5c-bba9-a884b5408706"
    },
    {
        "major": "FOREST AND FIRE SCIENCES, B.S.",
        "key": "74/31/to/11/Major/f5c7e3c2-e879-4d6d-9b03-71539d84dcac"
    },
    {
        "major": "GENERAL ENGINEERING, B.S.",
        "key": "74/31/to/11/Major/0bd8e40a-79ab-4ffd-93ca-9a5b129dd7bc"
    },
    {
        "major": "GRAPHIC COMMUNICATION, B.S.",
        "key": "74/31/to/11/Major/ecf6dcee-c6e6-4f5e-957f-a159a354fc98"
    },
    {
        "major": "HISTORY, B.A.",
        "key": "74/31/to/11/Major/cb21565f-1375-4d3d-9f18-bac81998ad99"
    },
    {
        "major": "INDUSTRIAL ENGINEERING, B.S.",
        "key": "74/31/to/11/Major/c1704270-37ce-4b91-9e98-80fad8a8f71c"
    },
    {
        "major": "INDUSTRIAL TECHNOLOGY AND PACKAGING, B.S.",
        "key": "74/31/to/11/Major/fea6aca5-60f8-4143-a0fa-18151e093276"
    },
    {
        "major": "JOURNALISM, B.S.",
        "key": "74/31/to/11/Major/158be62f-3d29-4efa-b971-1cc0c526d5b4"
    },
    {
        "major": "KINESIOLOGY, B.S.",
        "key": "74/31/to/11/Major/9f72652d-86c5-475e-a50d-f772455f288d"
    },
    {
        "major": "LANDSCAPE ARCHITECTURE, B.L.A.",
        "key": "74/31/to/11/Major/23a302c1-1e47-45d5-b2b7-08f343def157"
    },
    {
        "major": "LIBERAL ARTS AND ENGINEERING STUDIES, B.A.",
        "key": "74/31/to/11/Major/6013f9c3-4ddf-4458-a422-749cf161ae99"
    },
    {
        "major": "LIBERAL STUDIES, B.S.",
        "key": "74/31/to/11/Major/95dea31a-7c42-48f5-bb8f-86b863e3fcf8"
    },
    {
        "major": "MANUFACTURING ENGINEERING, B.S.",
        "key": "74/31/to/11/Major/06ec12d0-09b4-47da-90b7-1f07fdc08839"
    },
    {
        "major": "MARINE SCIENCES, B.S.",
        "key": "74/31/to/11/Major/73c1835d-f57b-4309-9645-4e516a4d5cc2"
    },
    {
        "major": "MATERIALS ENGINEERING, B.S.",
        "key": "74/31/to/11/Major/55c0fc5d-b2bb-4904-9451-ec8836d86a23"
    },
    {
        "major": "MATHEMATICS, B.S",
        "key": "74/31/to/11/Major/37f589ed-1356-4020-a712-6279b4c4ae50"
    },
    {
        "major": "MECHANICAL ENGINEERING, B.S.",
        "key": "74/31/to/11/Major/f345e23a-e45f-45fe-ac91-719bb378ca1b"
    },
    {
        "major": "MICROBIOLOGY, B.S.",
        "key": "74/31/to/11/Major/3e23e1a3-7bc8-42d5-a83e-5bee4665a11d"
    },
    {
        "major": "MUSIC, B.A.",
        "key": "74/31/to/11/Major/34577690-452e-45dd-ae2a-587ef9af47be"
    },
    {
        "major": "NUTRITION, B.S.",
        "key": "74/31/to/11/Major/a0638ba2-2d03-4e94-9a9a-b089c8bfc4cd"
    },
    {
        "major": "PHILOSOPHY, B.A.",
        "key": "74/31/to/11/Major/e427535b-a481-4b6b-92f6-b2bb57b0232d"
    },
    {
        "major": "PHYSICS, B.A.",
        "key": "74/31/to/11/Major/dec6e0a8-49da-420b-b845-24749d4fc245"
    },
    {
        "major": "PHYSICS, B.S.",
        "key": "74/31/to/11/Major/d79f179d-d664-4056-9673-b83933787427"
    },
    {
        "major": "PLANT SCIENCES, B.S.",
        "key": "74/31/to/11/Major/bde4080a-6adf-4545-8f44-1014ed93b2aa"
    },
    {
        "major": "POLITICAL SCIENCE, B.A.",
        "key": "74/31/to/11/Major/a55564b9-7321-4b00-ba6b-a79ad256cb0e"
    },
    {
        "major": "PSYCHOLOGY, B.S.",
        "key": "74/31/to/11/Major/cdfccb01-2b57-46f2-a36e-235a7a6a7c3f"
    },
    {
        "major": "PUBLIC HEALTH, B.S.",
        "key": "74/31/to/11/Major/c3c87340-0b11-4cd1-9fcd-64e56bbd31ad"
    },
    {
        "major": "RECREATION, PARKS AND TOURISM ADMINISTRATION, B.S.",
        "key": "74/31/to/11/Major/c5c203db-a854-46f4-885e-404461e3c1c9"
    },
    {
        "major": "SOCIOLOGY, B.A.",
        "key": "74/31/to/11/Major/6006c5ab-8d3a-4c62-9582-66e91861ad1f"
    },
    {
        "major": "SOFTWARE ENGINEERING, B.S.",
        "key": "74/31/to/11/Major/25ff220e-6111-4230-88f0-63bcae6a35de"
    },
    {
        "major": "SPANISH, B.A.",
        "key": "74/31/to/11/Major/77b4f769-0aed-4978-968c-7713a0f47786"
    },
    {
        "major": "STATISTICS, B.S.",
        "key": "74/31/to/11/Major/6420311a-ae16-4846-a7bb-538cdbfbd85f"
    },
    {
        "major": "THEATRE ARTS, B.A.",
        "key": "74/31/to/11/Major/a7d949d1-5dd1-446a-af1d-c509ead4be02"
    },
    {
        "major": "WINE AND VITICULTURE, B.S.",
        "key": "74/31/to/11/Major/d3141e4c-ad59-4926-ae73-ce53341e4164"
    }
]