[
    {
        "major": "ACCOUNTANCY, B.S. - Option in Information Systems",
        "key": "74/31/to/42/Major/0b819e3e-71f1-4f8c-90f6-4154221b2ae3"
    },
    {
        "major": "ACCOUNTANCY, B.S. - Option in Professional Accountancy",
        "key": "74/31/to/42/Major/5f26d1a0-4109-42c7-8da4-b0c3aca8125d"
    },
    {
        "major": "AFRICANA STUDIES, B.A. - Option in African and African-American Humanities and Cultural Studies",
        "key": "74/31/to/42/Major/ed64a8ef-dc29-4f0d-9f84-1ce391969120"
    },
    {
        "major": "AFRICANA STUDIES, B.A. - Option in African and African-American Social Sciences",
        "key": "74/31/to/42/Major/b764e166-a89d-4522-ad43-e5191756c1ad"
    },
    {
        "major": "AFRICANA STUDIES, B.A. - Option in African-American Urban Education",
        "key": "74/31/to/42/Major/a0842f9e-a725-47a5-9217-1444ed86a9ae"
    },
    {
        "major": "ANTHROPOLOGY, B.A.",
        "key": "74/31/to/42/Major/8b1299dc-4723-4696-b322-82957c170c46"
    },
    {
        "major": "ART, B.A.",
        "key": "74/31/to/42/Major/98bc07ae-063e-4d87-8def-fc90b172c097"
    },
    {
        "major": "ASIAN AMERICAN STUDIES, B.A.",
        "key": "74/31/to/42/Major/3770df94-bd74-4807-8770-55624e4c9bc6"
    },
    {
        "major": "BIOCHEMISTRY, B.S.",
        "key": "74/31/to/42/Major/7c7b68ae-a103-4182-b4c1-1e4f8db53eb9"
    },
    {
        "major": "BIOLOGY, B.A.",
        "key": "74/31/to/42/Major/edc43c4a-ec1e-487d-9fec-cb81b40e42cb"
    },
    {
        "major": "BIOLOGY, B.S. - Option in Biotechnology/Medical Technology",
        "key": "74/31/to/42/Major/344ad885-b181-4b57-a970-acfa68f6d462"
    },
    {
        "major": "BIOLOGY, B.S. - Option in Cell and Molecular Biology",
        "key": "74/31/to/42/Major/f73adc1c-9da1-4a07-a1f8-1660a981c89d"
    },
    {
        "major": "BIOLOGY, B.S. - Option in Ecology and Environmental Biology",
        "key": "74/31/to/42/Major/4e81cfed-ceb8-43cc-a9ac-0d9a19958643"
    },
    {
        "major": "BIOLOGY, B.S. - Option in Marine Biology",
        "key": "74/31/to/42/Major/87882efe-f0db-486b-8da7-ba0431f40f99"
    },
    {
        "major": "BIOLOGY, B.S. - Option in Microbiology",
        "key": "74/31/to/42/Major/e5f1ac38-fcab-4b4a-809f-4965032db7b5"
    },
    {
        "major": "BUSINESS ADMINISTRATION, B.S. - Option in Business Analytics",
        "key": "74/31/to/42/Major/c5f02287-3c28-4084-ae3e-a44e8767bfd3"
    },
    {
        "major": "BUSINESS ADMINISTRATION, B.S. - Option in Business Law",
        "key": "74/31/to/42/Major/b59d4ecb-70a9-4229-96e6-8bed549149a4"
    },
    {
        "major": "BUSINESS ADMINISTRATION, B.S. - Option in Global Supply Chain Management",
        "key": "74/31/to/42/Major/a1b7dd7e-8471-46f1-92d3-4092cd64b8de"
    },
    {
        "major": "BUSINESS ADMINISTRATION, B.S. - Option in Real Estate",
        "key": "74/31/to/42/Major/3f32a603-73a9-4d5a-a59b-27e27ce5363c"
    },
    {
        "major": "BUSINESS ADMINISTRATION, B.S. - Option in Systems and Operations Management",
        "key": "74/31/to/42/Major/78249fb7-79a9-47a1-abf5-dcf445819346"
    },
    {
        "major": "BUSINESS ADMINISTRATION, B.S. option in Financial Analysis",
        "key": "74/31/to/42/Major/b1e28420-eda8-474c-888c-0e9685fb032c"
    },
    {
        "major": "BUSINESS ADMINISTRATION, B.S. option in Financial Planning",
        "key": "74/31/to/42/Major/2e215f02-d6b6-4b19-8a46-9c5915032156"
    },
    {
        "major": "BUSINESS ADMINISTRATION, B.S. option in Management",
        "key": "74/31/to/42/Major/5dc3efc4-9ae4-4123-926e-eb90946721fb"
    },
    {
        "major": "BUSINESS ADMINISTRATION, B.S. option in Marketing",
        "key": "74/31/to/42/Major/81c76e4a-e1c3-48af-af2f-123eff438767"
    },
    {
        "major": "BUSINESS ADMINISTRATION, B.S. option in Risk Management and Insurance",
        "key": "74/31/to/42/Major/b14dbc2c-07ab-464b-8912-2ef9016e646b"
    },
    {
        "major": "CENTRAL AMERICAN STUDIES, B.A.",
        "key": "74/31/to/42/Major/7b491119-0154-4e0b-a308-c5af699732bd"
    },
    {
        "major": "CHEMISTRY, B.A.",
        "key": "74/31/to/42/Major/5dc22a2e-4561-4d8f-96d9-48b742bd5c2c"
    },
    {
        "major": "CHEMISTRY, B.S.",
        "key": "74/31/to/42/Major/72a1c80e-d04e-475e-9941-764026108b98"
    },
    {
        "major": "CHICANA AND CHICANO STUDIES, B.A",
        "key": "74/31/to/42/Major/14478e93-2a5e-4a86-af75-27ef60551334"
    },
    {
        "major": "CHICANA AND CHICANO STUDIES, B.A. - Social Science Subject Matter Waiver Program",
        "key": "74/31/to/42/Major/179eacb6-2651-46b7-a700-6749f26de65b"
    },
    {
        "major": "CHILD AND ADOLESCENT DEVELOPMENT, B.A. - Option in Applied Developmental Science",
        "key": "74/31/to/42/Major/55731b27-7b85-4381-b90e-544e8fdfd035"
    },
    {
        "major": "CHILD AND ADOLESCENT DEVELOPMENT, BA. - Option in Early Childhood Development",
        "key": "74/31/to/42/Major/cc8827c7-6a2d-4a0b-9762-2b3e850a47eb"
    },
    {
        "major": "CINEMA AND TELEVISION ARTS, B.A. - Option in Emerging Media Production",
        "key": "74/31/to/42/Major/e8bcc04f-0f6e-4e6b-8f72-afefd10d66eb"
    },
    {
        "major": "CINEMA AND TELEVISION ARTS, B.A. - Option in Entertainment Media Management",
        "key": "74/31/to/42/Major/a9ba071f-b75e-42cf-b4b8-892cfa2a759c"
    },
    {
        "major": "CINEMA AND TELEVISION ARTS, B.A. - Option in Film Production",
        "key": "74/31/to/42/Major/99af1b04-97b2-46b8-9184-a7a4b0cdb700"
    },
    {
        "major": "CINEMA AND TELEVISION ARTS, B.A. - Option in Media Theory and Criticism",
        "key": "74/31/to/42/Major/4d4ea376-27e7-4bba-9405-c4911bb23a24"
    },
    {
        "major": "CINEMA AND TELEVISION ARTS, B.A. - Option in Screenwriting",
        "key": "74/31/to/42/Major/e58cc9cf-b23d-4627-af64-71f0dade9a7b"
    },
    {
        "major": "CINEMA AND TELEVISION ARTS, B.A. - Option in Television Production",
        "key": "74/31/to/42/Major/ec832081-99b0-4369-9bf4-4385771ec7cd"
    },
    {
        "major": "CIVIL ENGINEERING, B.S.",
        "key": "74/31/to/42/Major/ebb53638-3ba3-4b4f-a740-e7e5c68f079b"
    },
    {
        "major": "COMMUNICATION DISORDERS, B.A.",
        "key": "74/31/to/42/Major/5e441466-7e23-46dc-80ad-2ee26d22a961"
    },
    {
        "major": "COMMUNICATION STUDIES, B.A.",
        "key": "74/31/to/42/Major/bf853fcb-f731-479a-8797-fb2b7cd5fdc5"
    },
    {
        "major": "COMPUTER ENGINEERING, B.S.",
        "key": "74/31/to/42/Major/331f0b44-9c99-467c-bf36-1bf771eb61da"
    },
    {
        "major": "COMPUTER INFORMATION TECHNOLOGY, B.S.",
        "key": "74/31/to/42/Major/076efab5-bf8a-4fea-a9f7-6d5cdc4a1553"
    },
    {
        "major": "COMPUTER SCIENCE, B.S.",
        "key": "74/31/to/42/Major/0084db9e-4e20-457f-a5a3-8647bda1d290"
    },
    {
        "major": "CONSTRUCTION MANAGEMENT, B.S.",
        "key": "74/31/to/42/Major/58ef28eb-2f81-4dfd-bdc1-1d0498b89c4f"
    },
    {
        "major": "CONSUMER SCIENCES, B.S. - Option in Consumer Affairs",
        "key": "74/31/to/42/Major/387966e8-ca19-4f9d-ac54-f5742b521456"
    },
    {
        "major": "CONSUMER SCIENCES, B.S. - Option in Family and Consumer Sciences",
        "key": "74/31/to/42/Major/4d4960c5-e1c1-4629-c114-08db95134b72"
    },
    {
        "major": "CRIMINOLOGY AND JUSTICE STUDIES, B.A.",
        "key": "74/31/to/42/Major/74850c1c-9233-4cb8-a3d4-0d27fbdaa845"
    },
    {
        "major": "DEAF STUDIES, B.A.",
        "key": "74/31/to/42/Major/04409a1a-1426-4ca7-8de2-77002d3b3288"
    },
    {
        "major": "ECONOMICS, B.A.",
        "key": "74/31/to/42/Major/6f3a9459-ea4a-4e87-9e0a-47e9a6f7c5f6"
    },
    {
        "major": "ELECTRICAL ENGINEERING, B.S.",
        "key": "74/31/to/42/Major/a9f45af5-e4e0-4ed9-b752-dc16861b1e54"
    },
    {
        "major": "ENGINEERING MANAGEMENT TECHNOLOGY, B.S.",
        "key": "74/31/to/42/Major/03c5e87b-e80b-411e-9f2d-08dfceb75f22"
    },
    {
        "major": "ENGLISH, B.A. - Honors Option",
        "key": "74/31/to/42/Major/c303a29c-9b16-4a2d-a338-733d7b24d4b7"
    },
    {
        "major": "ENGLISH, B.A. - Junior-Year Integrated (JYI) English Subject Matter Program for the Single Subject Credential",
        "key": "74/31/to/42/Major/b9c913ba-027c-4bf4-be09-f1b322f0ce2e"
    },
    {
        "major": "ENGLISH, B.A. - Option in Creative Writing",
        "key": "74/31/to/42/Major/57b56d8b-e99d-4731-a24c-12550d15f8c8"
    },
    {
        "major": "ENGLISH, B.A. - Option in Literature",
        "key": "74/31/to/42/Major/9bc50c3b-018c-4134-aa4f-c20c4615d061"
    },
    {
        "major": "ENGLISH, B.A. - Subject Matter Program for Single Subject Credential",
        "key": "74/31/to/42/Major/4d3d1f02-d64c-480e-a4b6-80d46c2755f3"
    },
    {
        "major": "ENVIRONMENTAL AND OCCUPATIONAL HEALTH, B.S.",
        "key": "74/31/to/42/Major/65a18451-c72f-4d91-936a-24c181c9936b"
    },
    {
        "major": "ENVIRONMENTAL SCIENCE, B.A.",
        "key": "74/31/to/42/Major/c425ee24-7cd1-4b76-badb-db7edaaaae00"
    },
    {
        "major": "FAMILY AND CONSUMER SCIENCES, B.S. - Option in Family Studies",
        "key": "74/31/to/42/Major/e5118304-50af-4b5e-8ae4-a832181f7291"
    },
    {
        "major": "FASHION DESIGN AND MERCHANDISING, B.S. - Option in Fashion Design and Production ",
        "key": "74/31/to/42/Major/866657a6-3bcf-4f32-36e8-08dba98d34db"
    },
    {
        "major": "FASHION DESIGN AND MERCHANDISING, B.S. - Option in Fashion Merchandising",
        "key": "74/31/to/42/Major/558490fc-090e-4768-36e9-08dba98d34db"
    },
    {
        "major": "FASHION DESIGN AND MERCHANDISING, B.S. - Option in Textiles ",
        "key": "74/31/to/42/Major/951236a6-981e-4e3b-aeba-8075ca523143"
    },
    {
        "major": "GENDER AND WOMEN'S STUDIES, B.A.",
        "key": "74/31/to/42/Major/066ed55e-5f30-4303-8691-bca6ff555859"
    },
    {
        "major": "GEOGRAPHIC INFORMATION SCIENCE, B.S.",
        "key": "74/31/to/42/Major/2a80ec58-cc18-4759-82b8-c45fe1197bc0"
    },
    {
        "major": "GEOGRAPHY AND ENVIRONMENTAL STUDIES, B.S.",
        "key": "74/31/to/42/Major/15977742-b048-4881-a9bb-3b7a4a3811fe"
    },
    {
        "major": "GEOLOGY, B.S.",
        "key": "74/31/to/42/Major/a61f181e-6375-41dd-a878-9137f0c7cd0b"
    },
    {
        "major": "GEOLOGY, B.S. - Option in Geophysics",
        "key": "74/31/to/42/Major/395d8935-9db4-4924-a89e-5e86fc7a44ab"
    },
    {
        "major": "HEALTH ADMINISTRATION, B.S.",
        "key": "74/31/to/42/Major/ce2025e3-03d7-4c63-8f72-7a40c5540afb"
    },
    {
        "major": "HISTORY, B.A.",
        "key": "74/31/to/42/Major/2044fcea-33b4-43b7-b72f-8c3c2447d1b2"
    },
    {
        "major": "HISTORY, B.A. - Junior-Year Integrated (JYI) History Subject Matter Program for the Single Subject Credential",
        "key": "74/31/to/42/Major/f9062129-e379-40e0-9335-197734391092"
    },
    {
        "major": "INFORMATION SYSTEMS, B.S. - Option in Business Systems",
        "key": "74/31/to/42/Major/478475e0-0167-430d-b5ba-0ed03fcadd2a"
    },
    {
        "major": "INFORMATION SYSTEMS, B.S. - Option in Computer Information Technology",
        "key": "74/31/to/42/Major/264dd843-96e5-4b78-81ec-aa1f16ba1130"
    },
    {
        "major": "INFORMATION SYSTEMS, B.S. - Option in Health Systems",
        "key": "74/31/to/42/Major/a870f7b7-47a0-40da-a3ca-5f740d2ea54f"
    },
    {
        "major": "INFORMATION SYSTEMS, B.S. - Option in Software Technology",
        "key": "74/31/to/42/Major/72c6ac3c-56fd-42e4-b9cd-c64cbeeb90cc"
    },
    {
        "major": "INTERDISCIPLINARY STUDIES, B.A.",
        "key": "74/31/to/42/Major/bfdc396e-d4de-4f0e-8307-c1a92a16789a"
    },
    {
        "major": "INTERIOR DESIGN, B.S.",
        "key": "74/31/to/42/Major/5bc79205-2090-455c-82fa-22051a9a4e77"
    },
    {
        "major": "JEWISH STUDIES, B.A.",
        "key": "74/31/to/42/Major/7600ba87-e9bb-499a-9457-b28095a496c6"
    },
    {
        "major": "JOURNALISM, B.A.",
        "key": "74/31/to/42/Major/7296c048-c2f5-4c0a-8318-7e6bdc759b63"
    },
    {
        "major": "JOURNALISM, B.A. - Option in Broadcast",
        "key": "74/31/to/42/Major/92467acb-e2d2-48e7-b968-8f34df252033"
    },
    {
        "major": "JOURNALISM, B.A. - Option in Public Relations",
        "key": "74/31/to/42/Major/d87c4077-321d-4bcb-9b69-b4e9a5ce1e5e"
    },
    {
        "major": "KINESIOLOGY, B.S. - Option in Applied Fitness and Active Lifestyle Development",
        "key": "74/31/to/42/Major/78c6cd9a-30ac-4b44-8845-a3ec0a20a59c"
    },
    {
        "major": "KINESIOLOGY, B.S. - Option in Dance",
        "key": "74/31/to/42/Major/444ae339-29c9-4439-97fc-e4f03a00a21d"
    },
    {
        "major": "KINESIOLOGY, B.S. - Option in Exercise Science",
        "key": "74/31/to/42/Major/6cefca0f-0fbf-4210-8d0a-d58cd5f5656b"
    },
    {
        "major": "KINESIOLOGY, B.S. - Option in Physical Education",
        "key": "74/31/to/42/Major/b5acc7cb-55d1-4f91-b219-49e0277d243e"
    },
    {
        "major": "KINESIOLOGY, B.S. - Option in Sports Studies",
        "key": "74/31/to/42/Major/20a51b96-29b9-4f09-8acf-01475e497376"
    },
    {
        "major": "LANGUAGES AND CULTURES, B.A. - Option in Armenian",
        "key": "74/31/to/42/Major/e6b5d562-ef5a-432f-96e2-bac7163c9b61"
    },
    {
        "major": "LANGUAGES AND CULTURES, B.A. - Option in French",
        "key": "74/31/to/42/Major/044d187f-da7d-46b7-a2e5-5e2af44e5d9e"
    },
    {
        "major": "LANGUAGES AND CULTURES, B.A. - Option in Italian",
        "key": "74/31/to/42/Major/7430f219-f24b-4e36-bbf6-79cdd9cdbc70"
    },
    {
        "major": "LANGUAGES AND CULTURES, B.A. - Option in Japanese",
        "key": "74/31/to/42/Major/9f53a77f-36dd-4c07-abe4-3e0b59eec979"
    },
    {
        "major": "LIBERAL STUDIES, B.A. - Teacher Preparation Option",
        "key": "74/31/to/42/Major/e5b39e21-bc9e-4a59-92ee-dca212ccbd3a"
    },
    {
        "major": "LINGUISTICS, B.A.",
        "key": "74/31/to/42/Major/1474b935-68bb-48c9-b917-acd112368ebf"
    },
    {
        "major": "MANUFACTURING SYSTEMS ENGINEERING, B.S.",
        "key": "74/31/to/42/Major/d9256b52-f751-47f6-84b3-c83c37f96533"
    },
    {
        "major": "MATHEMATICS, B.A.",
        "key": "74/31/to/42/Major/5e2217b8-4571-48d9-bb65-2125d5447739"
    },
    {
        "major": "MATHEMATICS, B.A. - Option in Secondary Teaching",
        "key": "74/31/to/42/Major/61758d0d-e075-43a8-ace4-6fd0922157d2"
    },
    {
        "major": "MATHEMATICS, B.S.",
        "key": "74/31/to/42/Major/74dbf74b-ead1-440e-b06b-be9437d1a9f6"
    },
    {
        "major": "MATHEMATICS, B.S. - Option in Applied Mathematical Sciences",
        "key": "74/31/to/42/Major/f6fd4987-ea3e-4f2a-9523-e826979d536a"
    },
    {
        "major": "MATHEMATICS, B.S. - Option in Statistics",
        "key": "74/31/to/42/Major/a763aaa9-eec9-495a-912f-6538fd7baa21"
    },
    {
        "major": "MECHANICAL ENGINEERING, B.S.",
        "key": "74/31/to/42/Major/3d838a70-d12b-4d47-9080-09512e1931cc"
    },
    {
        "major": "MUSIC, B.A. - Option in Breadth Studies in Music",
        "key": "74/31/to/42/Major/5c28e986-1fc7-4cc4-a98b-ceddc88c4207"
    },
    {
        "major": "MUSIC, B.A. - Option in Music Education",
        "key": "74/31/to/42/Major/20263bf4-3fc1-4ecb-a1f2-91d0167b720b"
    },
    {
        "major": "MUSIC, B.A. - Option in Music Industry Studies",
        "key": "74/31/to/42/Major/353f74ae-b854-4f7c-a410-7acc9cbd2714"
    },
    {
        "major": "MUSIC, B.A. - Option in Music Therapy",
        "key": "74/31/to/42/Major/c506b214-0eb6-4b5e-8657-bd3e78bbf30e"
    },
    {
        "major": "MUSIC, B.M. - Option in Composition/Commercial and Media Writing",
        "key": "74/31/to/42/Major/eb682a28-019b-455e-8eca-039a39d399b1"
    },
    {
        "major": "MUSIC, B.M. - Option in Jazz Studies",
        "key": "74/31/to/42/Major/f32ccdd2-c772-474f-8dc1-2fbffd0b2b3d"
    },
    {
        "major": "MUSIC, B.M. - Option in Keyboard",
        "key": "74/31/to/42/Major/a89132a8-717a-423c-97a6-e4eb3a124d66"
    },
    {
        "major": "MUSIC, B.M. - Option in Percussion",
        "key": "74/31/to/42/Major/a296ac13-a624-44e0-917e-47ac8dc782df"
    },
    {
        "major": "MUSIC, B.M. - Option in Strings",
        "key": "74/31/to/42/Major/d3fb0f21-d99a-4501-be2a-acf0cf4ff39b"
    },
    {
        "major": "MUSIC, B.M. - Option in Vocal Arts",
        "key": "74/31/to/42/Major/b05b92d0-4106-47de-9e5b-edb4c0f6d1ab"
    },
    {
        "major": "MUSIC, B.M. - Option in Winds",
        "key": "74/31/to/42/Major/9aef5a49-8143-46ab-8148-d6d4af2eb5cb"
    },
    {
        "major": "NURSING, B.S.N. - R.N. to B.S.N.",
        "key": "74/31/to/42/Major/0858ad6e-256a-4007-ba3a-14e54b256465"
    },
    {
        "major": "NUTRITION, DIETETICS, AND FOOD SCIENCE, B.S. - Option in Food Science",
        "key": "74/31/to/42/Major/4d38c10e-f859-4caf-b373-23f7e84858c6"
    },
    {
        "major": "NUTRITION, DIETETICS, AND FOOD SCIENCE, B.S. - Option in Nutrition and Dietetics",
        "key": "74/31/to/42/Major/f960e6f1-1086-469e-b435-8bd506155af6"
    },
    {
        "major": "PHILOSOPHY, B.A.",
        "key": "74/31/to/42/Major/8e3eb1ce-ccfd-4ab3-b4ac-8f4b0f3cda12"
    },
    {
        "major": "PHYSICS, B.A.",
        "key": "74/31/to/42/Major/c7314e49-b105-4f98-aae9-3e7950941239"
    },
    {
        "major": "PHYSICS, B.S.",
        "key": "74/31/to/42/Major/26fb39d7-8419-4ea0-be23-3511670d48da"
    },
    {
        "major": "PHYSICS, B.S. - Option in Astrophysics",
        "key": "74/31/to/42/Major/14044983-dc46-4dfe-9340-69309c4fe020"
    },
    {
        "major": "POLITICAL SCIENCE, B.A. - Option in Law and Society",
        "key": "74/31/to/42/Major/5b2c10a2-730d-4db6-9987-b18ea9b171ab"
    },
    {
        "major": "POLITICAL SCIENCE, B.A. - Option in Politics and Government",
        "key": "74/31/to/42/Major/92f858bb-f63e-41cd-82f4-88facbfa5702"
    },
    {
        "major": "POLITICAL SCIENCE, B.A. - Option in Public Policy and Management",
        "key": "74/31/to/42/Major/b9e21f68-9d49-459b-a364-317f34b77643"
    },
    {
        "major": "PSYCHOLOGY, B.A.",
        "key": "74/31/to/42/Major/adb9ac19-d13b-40c0-b97f-fceb6839c14d"
    },
    {
        "major": "PUBLIC HEALTH, B.S.",
        "key": "74/31/to/42/Major/76870297-e56c-4ad3-95a2-893609aff406"
    },
    {
        "major": "RADIOLOGIC SCIENCES, B.S.",
        "key": "74/31/to/42/Major/c8f6191a-c0b9-4a45-bdd3-623fa26f7131"
    },
    {
        "major": "RELIGIOUS STUDIES, B.A.",
        "key": "74/31/to/42/Major/c6384b0b-f6e3-41e3-a2f3-a9a6ceff619a"
    },
    {
        "major": "SOCIOLOGY, B.A.",
        "key": "74/31/to/42/Major/1fc1eabe-725b-4553-9037-36176935c4b3"
    },
    {
        "major": "SPANISH, B.A. - Option in Hispanic Linguistics",
        "key": "74/31/to/42/Major/78c6587b-3027-4050-b3a6-5470cf116a29"
    },
    {
        "major": "SPANISH, B.A. - Option in Language and Culture",
        "key": "74/31/to/42/Major/c5323970-d4df-45dc-88b5-bea16d6e0551"
    },
    {
        "major": "SPANISH, B.A. - Option in Literature",
        "key": "74/31/to/42/Major/6969d723-3617-4579-88f6-233372e38ebb"
    },
    {
        "major": "SPANISH, B.A. - Option in Translation and Interpretation",
        "key": "74/31/to/42/Major/51a62e94-06a2-4f5f-8536-3169e158a9b6"
    },
    {
        "major": "THEATRE, B.A.",
        "key": "74/31/to/42/Major/cbfb9ac6-4cf4-418c-b6f5-8d9f9660eea0"
    },
    {
        "major": "TOURISM, HOSPITALITY, AND RECREATION MANAGEMENT, B.S.",
        "key": "74/31/to/42/Major/34925988-66fa-4138-871f-d31afb71134f"
    },
    {
        "major": "URBAN STUDIES AND PLANNING, B.A.",
        "key": "74/31/to/42/Major/0655654f-21e3-448c-8490-31692c41095e"
    }
]