[
    {
        "major": "American Indian Studies",
        "key": 25790111
    },
    {
        "major": "Anthropology",
        "key": 25790083
    },
    {
        "major": "Applied Physics - Applied Electronics Option",
        "key": 25790109
    },
    {
        "major": "Applied Physics - General Option",
        "key": 25790146
    },
    {
        "major": "Art, Media, and Design, Art and Visual Culture Option",
        "key": 25790153
    },
    {
        "major": "Art, Media, and Design, Digital and Media Arts Option",
        "key": 25790150
    },
    {
        "major": "Biochemistry",
        "key": 25790086
    },
    {
        "major": "Biological Sciences",
        "key": 25790087
    },
    {
        "major": "Biotechnology",
        "key": 25790091
    },
    {
        "major": "Business Administration - All Options",
        "key": 25790145
    },
    {
        "major": "Chemistry, Chemistry Education Option",
        "key": 25790090
    },
    {
        "major": "Chemistry, General Chemistry Option",
        "key": 25790096
    },
    {
        "major": "Child and Adolescent Development, B.A.",
        "key": 25790093
    },
    {
        "major": "Communication",
        "key": 25790095
    },
    {
        "major": "Computer Science - CIS Option",
        "key": 25790129
    },
    {
        "major": "Computer Science - CS Option",
        "key": 25790112
    },
    {
        "major": "Criminology and Justice Studies",
        "key": 25790097
    },
    {
        "major": "Economics",
        "key": 25790098
    },
    {
        "major": "Electrical Engineering",
        "key": 25790142
    },
    {
        "major": "Environmental Studies",
        "key": 25790132
    },
    {
        "major": "Ethnic Studies",
        "key": 25790113
    },
    {
        "major": "Geography",
        "key": 25790160
    },
    {
        "major": "Global Studies",
        "key": 25790101
    },
    {
        "major": "History",
        "key": 25790100
    },
    {
        "major": "History Single-Subject Preparation for Teaching Option",
        "key": 25790116
    },
    {
        "major": "Human Development, All Options",
        "key": 25790148
    },
    {
        "major": "Kinesiology - Health Science Option",
        "key": 25790130
    },
    {
        "major": "Kinesiology - Movement Science Option",
        "key": 25790126
    },
    {
        "major": "Liberal Studies, Integrated Teacher Education Program Option (ITEP)",
        "key": 25790157
    },
    {
        "major": "Liberal Studies, Teaching - Elementary Subject Matter Preparation",
        "key": 25790156
    },
    {
        "major": "Literature and Writing Studies",
        "key": 25790103
    },
    {
        "major": "Mathematics",
        "key": 25790107
    },
    {
        "major": "Media Studies",
        "key": 25790114
    },
    {
        "major": "Music ",
        "key": 25790119
    },
    {
        "major": "Nursing, All Options",
        "key": 25790139
    },
    {
        "major": "Political Science",
        "key": 25790102
    },
    {
        "major": "Psychological Science",
        "key": 25790117
    },
    {
        "major": "Social Sciences",
        "key": 25790125
    },
    {
        "major": "Sociology, Aging and the Life Course Concentration",
        "key": 25790141
    },
    {
        "major": "Sociology, Children, Youth, and Families Concentration",
        "key": 25790137
    },
    {
        "major": "Sociology, Critical Race Studies Concentration",
        "key": 25790138
    },
    {
        "major": "Sociology, Health, Education, and Welfare Concentration",
        "key": 25790135
    },
    {
        "major": "Sociology, Standard Concentration",
        "key": 25790134
    },
    {
        "major": "Software Engineering",
        "key": 25790122
    },
    {
        "major": "Spanish",
        "key": 25790105
    },
    {
        "major": "Theatre",
        "key": 25790159
    },
    {
        "major": "Women's, Gender, and Sexuality Studies",
        "key": 25790152
    }
]