[
    {
        "major": "Aerospace Engineering",
        "key": 4379604
    },
    {
        "major": "Anthropology",
        "key": 4379605
    },
    {
        "major": "Art - Emphasis in Applied Design",
        "key": 4379606
    },
    {
        "major": "Art - Emphasis in Art History",
        "key": 4379607
    },
    {
        "major": "Art - Emphasis in Interior Design",
        "key": 4379608
    },
    {
        "major": "Art - Emphasis in Painting and Printmaking",
        "key": 4379609
    },
    {
        "major": "Art - Emphasis in Sculpture",
        "key": 4379610
    },
    {
        "major": "Art - Emphasis in Studio Arts",
        "key": 4379611
    },
    {
        "major": "Art - for the Single Subject Teaching Credential",
        "key": 4379612
    },
    {
        "major": "Art -- Emphasis in Graphic Design",
        "key": 4379613
    },
    {
        "major": "Biology",
        "key": 4379614
    },
    {
        "major": "Business Administration",
        "key": 4379615
    },
    {
        "major": "Chemical Physics",
        "key": 4379623
    },
    {
        "major": "Chemistry - Emphasis in Biochemistry",
        "key": 4379621
    },
    {
        "major": "Chemistry with a BA Degree",
        "key": 4379620
    },
    {
        "major": "Chemistry-BA with Certificate of the American Chemical Society",
        "key": 4379619
    },
    {
        "major": "Chemistry-BS with Certificate of the American Chemical Society",
        "key": 4379622
    },
    {
        "major": "Child Development",
        "key": 4379616
    },
    {
        "major": "Civil Engineering",
        "key": 4379617
    },
    {
        "major": "Communication",
        "key": 4379629
    },
    {
        "major": "Communication - Emphasis in Telecommunications and Film",
        "key": 4379631
    },
    {
        "major": "Communication - Single Subject Teaching Cred English/Speech",
        "key": 4379630
    },
    {
        "major": "Communication -- Emphasis in Media Management",
        "key": 4379627
    },
    {
        "major": "Computer Engineering",
        "key": 4379632
    },
    {
        "major": "Computer Science",
        "key": 4379618
    },
    {
        "major": "Criminal Justice",
        "key": 4379624
    },
    {
        "major": "Economics",
        "key": 4379637
    },
    {
        "major": "Economics - Emphasis in International Economics",
        "key": 4379634
    },
    {
        "major": "Economics - Emphasis in Public Policy",
        "key": 4379635
    },
    {
        "major": "Economics - Specialization in Quantitative Analysis",
        "key": 4379636
    },
    {
        "major": "Electrical Engineering",
        "key": 4379633
    },
    {
        "major": "English -- Single Subject Teaching",
        "key": 4379638
    },
    {
        "major": "English, B.A. Liberal Arts",
        "key": 4379639
    },
    {
        "major": "Environmental Engineering",
        "key": 4379640
    },
    {
        "major": "Foods and Nutrition",
        "key": 4379641
    },
    {
        "major": "Gerontology",
        "key": 4379642
    },
    {
        "major": "Health Science - Emphasis in Public Health",
        "key": 4379644
    },
    {
        "major": "History",
        "key": 4379643
    },
    {
        "major": "International Business",
        "key": 4379645
    },
    {
        "major": "Journalism",
        "key": 4379646
    },
    {
        "major": "Journalism - Emphasis in Advertising",
        "key": 4379625
    },
    {
        "major": "Journalism - Emphasis in Public Relations",
        "key": 4379628
    },
    {
        "major": "Kinesiology - Emphasis in Athletic Training",
        "key": 4379647
    },
    {
        "major": "Kinesiology - Emphasis in Fitness Specialist",
        "key": 4379648
    },
    {
        "major": "Kinesiology - Emphasis in Physical Education",
        "key": 4379649
    },
    {
        "major": "Kinesiology - Pre-Physical Therapy Rehabilitative Science",
        "key": 4379650
    },
    {
        "major": "Kinesiology-Emphasis in Prephysical Therapy",
        "key": 4379651
    },
    {
        "major": "Liberal Studies",
        "key": 4379652
    },
    {
        "major": "Mechanical Engineering",
        "key": 4379653
    },
    {
        "major": "Microbiology",
        "key": 4379654
    },
    {
        "major": "Nursing",
        "key": 4379655
    },
    {
        "major": "Political Science",
        "key": 4379656
    },
    {
        "major": "Psychology - B.A. Liberal",
        "key": 4379657
    },
    {
        "major": "Public Administration",
        "key": 4379658
    },
    {
        "major": "Social Science",
        "key": 4379660
    },
    {
        "major": "Social Science - Single Subject Teaching",
        "key": 4379659
    },
    {
        "major": "Social Work",
        "key": 4379661
    },
    {
        "major": "Sociology",
        "key": 4379662
    },
    {
        "major": "Spanish",
        "key": 4379664
    },
    {
        "major": "Spanish - Single Subject Teaching",
        "key": 4379663
    },
    {
        "major": "Television, Film and New Media-Emphasis in Production",
        "key": 4379665
    },
    {
        "major": "Theatre Arts - Design and Technology for the Theatre",
        "key": 4379667
    },
    {
        "major": "Theatre Arts - Emphasis in Design for Television and Film",
        "key": 4379668
    },
    {
        "major": "Theatre Arts - Emphasis in Performance",
        "key": 4379670
    },
    {
        "major": "Theatre Arts - Emphasis in Youth Theatre",
        "key": 4379666
    },
    {
        "major": "Theatre Arts - Single Subject Teaching",
        "key": 4379671
    },
    {
        "major": "Theatre Arts General Program",
        "key": 4379669
    },
    {
        "major": "Women's Studies",
        "key": 4379672
    }
]