[
    {
        "major": "Aerospace Science & Engineering B.S.",
        "key": "74/31/to/89/Major/cfadc6c5-0077-4f74-8757-10be21157d4d"
    },
    {
        "major": "African American & African Studies A.B.",
        "key": "74/31/to/89/Major/db0a949e-4fbe-4dd1-b3f5-f00173204ba5"
    },
    {
        "major": "Agricultural & Environmental Education B.S.",
        "key": "74/31/to/89/Major/15a4a44b-ab21-4d20-abf2-e7cc56548008"
    },
    {
        "major": "Agricultural & Environmental Technology B.S.",
        "key": "74/31/to/89/Major/03479938-adff-49de-b832-4b6bb6adec3d"
    },
    {
        "major": "American Studies A.B.",
        "key": "74/31/to/89/Major/bf904287-4c79-4ca7-b813-eeadc875a624"
    },
    {
        "major": "Animal Biology B.S.",
        "key": "74/31/to/89/Major/16e6e3fc-d206-4731-a5f5-d6b8b4a3a3e4"
    },
    {
        "major": "Animal Science & Management B.S.",
        "key": "74/31/to/89/Major/a7dc1fe5-ae63-4c6b-9cda-6656c5b4fb36"
    },
    {
        "major": "Animal Science B.S.",
        "key": "74/31/to/89/Major/846d5b98-43f5-471b-9468-3550c7c5f804"
    },
    {
        "major": "Anthropology A.B.",
        "key": "74/31/to/89/Major/acc1f54e-d965-4258-a352-6ef16a8b2b00"
    },
    {
        "major": "Anthropology B.S.",
        "key": "74/31/to/89/Major/8d301e58-7e42-47cf-8879-42a2e1c39071"
    },
    {
        "major": "Applied Chemistry B.S.",
        "key": "74/31/to/89/Major/d0161360-0878-45d6-9098-e20cc29051d7"
    },
    {
        "major": "Applied Mathematics B.S.",
        "key": "74/31/to/89/Major/f9e4f70f-ebf0-440c-9da9-913b24e1b626"
    },
    {
        "major": "Applied Physics B.S.",
        "key": "74/31/to/89/Major/477557bb-f780-464c-a327-34bb0303d741"
    },
    {
        "major": "Art History A.B.",
        "key": "74/31/to/89/Major/4cf9fbdf-df89-4362-a172-35a0935e392d"
    },
    {
        "major": "Art Studio A.B.",
        "key": "74/31/to/89/Major/da8b4cb6-0832-40e6-a40c-c96f16af658a"
    },
    {
        "major": "Asian American Studies A.B.",
        "key": "74/31/to/89/Major/4999c84d-b221-45b2-813f-d3f4aa19ab15"
    },
    {
        "major": "Atmospheric Science B.S.",
        "key": "74/31/to/89/Major/dc547513-3fed-4695-aa34-350f94d86c1e"
    },
    {
        "major": "Biochemical Engineering B.S.",
        "key": "74/31/to/89/Major/d59118f6-d145-4089-b4f4-ba4b4a02473c"
    },
    {
        "major": "Biochemistry & Molecular Biology B.S.",
        "key": "74/31/to/89/Major/1f58a246-ad92-49b7-af10-ed91fc51bf3f"
    },
    {
        "major": "Biological Sciences A.B.",
        "key": "74/31/to/89/Major/c183300b-6390-4c4c-9251-4488596c8ef5"
    },
    {
        "major": "Biological Sciences B.S.",
        "key": "74/31/to/89/Major/ac1f940a-e104-492a-9aad-a81efa4a8418"
    },
    {
        "major": "Biological Systems Engineering B.S.",
        "key": "74/31/to/89/Major/ecc93959-85da-45f8-833c-08d95da10f4a"
    },
    {
        "major": "Biomedical Engineering B.S.",
        "key": "74/31/to/89/Major/56179146-ba34-40eb-a32e-9f3c874e1d95"
    },
    {
        "major": "Biotechnology B.S.",
        "key": "74/31/to/89/Major/95feb85c-48fd-419b-84d3-a23cd79a52eb"
    },
    {
        "major": "Cell Biology B.S.",
        "key": "74/31/to/89/Major/d0bbaea3-5bd8-4dd6-8232-06ed2bee1414"
    },
    {
        "major": "Chemical Engineering B.S.",
        "key": "74/31/to/89/Major/70a2c47f-a0e9-4e3f-a2fa-e59af4e851d9"
    },
    {
        "major": "Chemical Physics B.S.",
        "key": "74/31/to/89/Major/41704fb6-feaf-4828-89e7-31a7de210c8d"
    },
    {
        "major": "Chemistry A.B.",
        "key": "74/31/to/89/Major/6ff17a7f-3991-40b2-9d40-dd7c806708f1"
    },
    {
        "major": "Chemistry B.S.",
        "key": "74/31/to/89/Major/e0bdbd9f-0192-4ad0-9731-9ff1317d8b7f"
    },
    {
        "major": "Chicana/Chicano Studies A.B.",
        "key": "74/31/to/89/Major/657253e3-0341-4ff2-94fc-12672e9806f0"
    },
    {
        "major": "Chinese A.B.",
        "key": "74/31/to/89/Major/b172b565-ec87-4d6b-be6b-5701373d3264"
    },
    {
        "major": "Cinema & Digital Media A.B.",
        "key": "74/31/to/89/Major/2afef22a-bfeb-49a5-bd34-05c90fca4e8b"
    },
    {
        "major": "Civil Engineering B.S.",
        "key": "74/31/to/89/Major/846e6334-4212-455a-89bb-83f0dbb729de"
    },
    {
        "major": "Classical Civilization A.B.",
        "key": "74/31/to/89/Major/7478b089-a382-4058-a3e7-a2f2b9a32972"
    },
    {
        "major": "Clinical Nutrition B.S.",
        "key": "74/31/to/89/Major/7437b96b-9d85-4cda-94c7-ac9d0aad403d"
    },
    {
        "major": "Cognitive Science A.B.",
        "key": "74/31/to/89/Major/3229c25f-fad6-48ca-bf8d-5b2dea895647"
    },
    {
        "major": "Cognitive Science B.S.",
        "key": "74/31/to/89/Major/6b16d041-948c-4505-8389-d6815b7f0acf"
    },
    {
        "major": "Communication A.B.",
        "key": "74/31/to/89/Major/0e2f00fd-e608-449c-9bb9-a5bc70edfa0e"
    },
    {
        "major": "Community & Regional Development B.S.",
        "key": "74/31/to/89/Major/f1724af5-b281-486c-a95a-fcf8ca5f06bd"
    },
    {
        "major": "Comparative Literature A.B.",
        "key": "74/31/to/89/Major/f2bfd3ba-2591-4e66-a0a4-6718e749cb5c"
    },
    {
        "major": "Computer Engineering B.S.",
        "key": "74/31/to/89/Major/ee8c9197-d127-4e53-97e1-e68eeccdf683"
    },
    {
        "major": "Computer Science & Engineering B.S.",
        "key": "74/31/to/89/Major/9034e3b6-1889-4b83-aa31-42ed05015380"
    },
    {
        "major": "Computer Science B.S.",
        "key": "74/31/to/89/Major/85cb5653-0055-42c3-87c4-ab3d9fc94d41"
    },
    {
        "major": "Data Science B.S.",
        "key": "74/31/to/89/Major/2ebfe020-5f75-4bca-85b8-650fba0c238a"
    },
    {
        "major": "Design A.B.",
        "key": "74/31/to/89/Major/2fb4b515-f314-43ac-ab3b-9d877c8046a6"
    },
    {
        "major": "East Asian Studies A.B.",
        "key": "74/31/to/89/Major/a212c749-bc01-4074-b230-caa14626b90c"
    },
    {
        "major": "Economics A.B.",
        "key": "74/31/to/89/Major/aed6f62f-867e-4cbe-b330-ffb67b913f61"
    },
    {
        "major": "Electrical Engineering B.S.",
        "key": "74/31/to/89/Major/d3f04fd5-0ae0-43cb-8f01-769f7179ee85"
    },
    {
        "major": "English A.B.",
        "key": "74/31/to/89/Major/451bc3f3-5d20-46fa-a2f9-9296881fcee1"
    },
    {
        "major": "Entomology B.S.",
        "key": "74/31/to/89/Major/61cf1a4c-1277-42dd-b7d8-85c25feec32c"
    },
    {
        "major": "Environmental Engineering B.S.",
        "key": "74/31/to/89/Major/d0135b0c-9bf0-437d-81dc-9b40d614269c"
    },
    {
        "major": "Environmental Policy Analysis & Planning B.S.",
        "key": "74/31/to/89/Major/7d2a3a66-0ffb-4dae-b3cf-07b7f515e980"
    },
    {
        "major": "Environmental Science & Management B.S.",
        "key": "74/31/to/89/Major/2b1e652f-c6dc-4d66-8872-86405de4aa00"
    },
    {
        "major": "Environmental Toxicology B.S.",
        "key": "74/31/to/89/Major/9ab80744-5f36-4baf-a957-375b29e50c85"
    },
    {
        "major": "Evolution, Ecology & Biodiversity A.B.",
        "key": "74/31/to/89/Major/512b1ffe-fdb9-4652-b849-c538fdb96188"
    },
    {
        "major": "Evolution, Ecology & Biodiversity B.S.",
        "key": "74/31/to/89/Major/eae39ba2-8658-44e4-9e08-6e085d2d257b"
    },
    {
        "major": "Food Science B.S.",
        "key": "74/31/to/89/Major/2e1f7df5-27b6-416b-826e-a7b906d5d298"
    },
    {
        "major": "French A.B.",
        "key": "74/31/to/89/Major/c282ae14-2686-49f6-bc5e-cfb384e1b206"
    },
    {
        "major": "Gender, Sexuality, & Women`s Studies A.B.",
        "key": "74/31/to/89/Major/13d9c6e7-f43b-4533-a37d-a63fc87e98cc"
    },
    {
        "major": "Genetics & Genomics B.S.",
        "key": "74/31/to/89/Major/bca007c4-432e-4295-8e3d-031eb3aec7b2"
    },
    {
        "major": "Geology A.B.",
        "key": "74/31/to/89/Major/460428db-c540-44b4-a99c-5695630a7b78"
    },
    {
        "major": "Geology B.S.",
        "key": "74/31/to/89/Major/e7914ee5-bebd-4fdd-b398-0e44b7a32529"
    },
    {
        "major": "German A.B.",
        "key": "74/31/to/89/Major/0a3e1eec-575e-41f3-9788-dd111fbc799d"
    },
    {
        "major": "Global Disease Biology B.S.",
        "key": "74/31/to/89/Major/64eaaf0b-23d3-46e0-b212-1e88595a511a"
    },
    {
        "major": "History A.B.",
        "key": "74/31/to/89/Major/24236f98-e163-46ac-b188-8177d35492fd"
    },
    {
        "major": "Human Biology B.S.",
        "key": "74/31/to/89/Major/3faac03a-451c-4148-a9eb-45e9a8ec053c"
    },
    {
        "major": "Human Development B.S.",
        "key": "74/31/to/89/Major/2b45a2d2-7a8a-48b9-89c1-78918b43de25"
    },
    {
        "major": "Hydrology B.S.",
        "key": "74/31/to/89/Major/7d97cb51-b154-4052-98bf-8691c35e39ee"
    },
    {
        "major": "International Agricultural Development B.S.",
        "key": "74/31/to/89/Major/f793bc55-8786-4e77-8a2f-75b19302e0c4"
    },
    {
        "major": "International Relations A.B.",
        "key": "74/31/to/89/Major/672a1fa4-bd17-40e3-8d1f-47d85fc47758"
    },
    {
        "major": "Italian A.B.",
        "key": "74/31/to/89/Major/e5567ffe-2284-4da6-9840-545dd579e139"
    },
    {
        "major": "Japanese A.B.",
        "key": "74/31/to/89/Major/71e39a0a-34d1-4e5e-85bb-ec1758b082fc"
    },
    {
        "major": "Landscape Architecture B.S.",
        "key": "74/31/to/89/Major/ae298446-c3bd-4d02-8f75-7fbfef9184d6"
    },
    {
        "major": "Linguistics A.B.",
        "key": "74/31/to/89/Major/32f1cfbd-b901-49c4-853e-7787b9d7c73c"
    },
    {
        "major": "Managerial Economics B.S.",
        "key": "74/31/to/89/Major/a891c3ff-7892-442e-820f-4d8dee535a36"
    },
    {
        "major": "Marine & Coastal Science B.S. (Coastal Environmental Processes)",
        "key": "74/31/to/89/Major/a89c427d-cd28-4efb-8cf1-556163f58e30"
    },
    {
        "major": "Marine & Coastal Science B.S. (Marine Ecology & Organismal Biology)",
        "key": "74/31/to/89/Major/70056781-2093-44d7-9b59-0e484fc3b6ba"
    },
    {
        "major": "Marine & Coastal Science B.S. (Marine Environmental Chemistry)",
        "key": "74/31/to/89/Major/3c1f4c77-2402-4804-8fa3-1748d82195d2"
    },
    {
        "major": "Marine & Coastal Science B.S. (Oceans & the Earth System)",
        "key": "74/31/to/89/Major/0b61d9a4-b03c-452d-a966-a4e10abfec22"
    },
    {
        "major": "Materials Science & Engineering B.S.",
        "key": "74/31/to/89/Major/5367dffb-fec5-4a08-9c08-c4619baa5e50"
    },
    {
        "major": "Mathematical & Scientific Computation B.S.",
        "key": "74/31/to/89/Major/85015255-c2a7-4e07-ab84-caffa430b343"
    },
    {
        "major": "Mathematical Analytics & Operations Research, B.S.",
        "key": "74/31/to/89/Major/6a96adc5-fe38-42c7-8751-924a3681e45a"
    },
    {
        "major": "Mathematics A.B.",
        "key": "74/31/to/89/Major/168021c8-e754-4321-a1b7-1b638d518487"
    },
    {
        "major": "Mathematics B.S.",
        "key": "74/31/to/89/Major/80d80fd9-640e-463d-bd7e-923a9bea3da6"
    },
    {
        "major": "Mechanical Engineering B.S.",
        "key": "74/31/to/89/Major/59736f8d-524f-4279-8afa-23f05ac955d9"
    },
    {
        "major": "Medieval & Early Modern Studies A.B.",
        "key": "74/31/to/89/Major/4fb04ecd-5e97-4672-96a1-8391ff210b9d"
    },
    {
        "major": "Middle East/South Asia Studies A.B.",
        "key": "74/31/to/89/Major/d23be9fa-ad3d-413a-9bcb-1c6795b37839"
    },
    {
        "major": "Molecular & Medical Microbiology A.B.",
        "key": "74/31/to/89/Major/8ef5ce9b-c0a4-4880-8df7-eb7b42a3111c"
    },
    {
        "major": "Molecular & Medical Microbiology B.S.",
        "key": "74/31/to/89/Major/de5ee777-b5b1-464a-80c9-4aca960262f2"
    },
    {
        "major": "Music A.B.",
        "key": "74/31/to/89/Major/6e336e8e-08d5-4bf0-a808-56cae489bb80"
    },
    {
        "major": "Native American Studies A.B.",
        "key": "74/31/to/89/Major/1e1b9cd3-4d5e-4d43-95be-4f5671853dc9"
    },
    {
        "major": "Neurobiology, Physiology & Behavior B.S.",
        "key": "74/31/to/89/Major/55bf5ea3-b6a0-4f77-9901-d5e2dc67b0ae"
    },
    {
        "major": "Nutrition Science B.S.",
        "key": "74/31/to/89/Major/6000c24b-0356-4e1a-b9e2-c9c6c9dfe2f8"
    },
    {
        "major": "Pharmaceutical Chemistry B.S.",
        "key": "74/31/to/89/Major/9543caad-20e7-4cc2-b463-aeb4113e41df"
    },
    {
        "major": "Philosophy A.B.",
        "key": "74/31/to/89/Major/3889a616-7c0d-476d-8c77-cc09c11c50c4"
    },
    {
        "major": "Physics A.B.",
        "key": "74/31/to/89/Major/85659e46-7f0b-46fc-8ac6-2e5ed99a29de"
    },
    {
        "major": "Physics B.S.",
        "key": "74/31/to/89/Major/f2d0d3a5-b332-49b7-9f7c-d6508a74366d"
    },
    {
        "major": "Plant Biology A.B.",
        "key": "74/31/to/89/Major/9f047b1d-be81-493d-9efb-b984c5aada74"
    },
    {
        "major": "Plant Biology B.S.",
        "key": "74/31/to/89/Major/7191a3ef-b26b-476d-b1db-e016065e22ad"
    },
    {
        "major": "Plant Sciences B.S.",
        "key": "74/31/to/89/Major/d6c8f6ee-31d0-40f7-b66f-919c0bf90875"
    },
    {
        "major": "Political Science - Public Service A.B.",
        "key": "74/31/to/89/Major/4592d197-d7d9-4cd6-b7d5-56cb1a4a15a1"
    },
    {
        "major": "Political Science A.B.",
        "key": "74/31/to/89/Major/4b4f5680-e5e5-4f4e-8af1-5246f7ceaeed"
    },
    {
        "major": "Psychology A.B.",
        "key": "74/31/to/89/Major/e71a8bc8-049f-461d-8a03-33d89e772ad6"
    },
    {
        "major": "Psychology B.S.",
        "key": "74/31/to/89/Major/32444694-8709-4078-be55-b05d8d0322f2"
    },
    {
        "major": "Religious Studies A.B.",
        "key": "74/31/to/89/Major/f800125c-7d30-4d20-9e04-82f77a5e3c65"
    },
    {
        "major": "Russian A.B.",
        "key": "74/31/to/89/Major/3102f403-f65b-4983-8dd0-91c6040b3954"
    },
    {
        "major": "Science & Technology Studies A.B.",
        "key": "74/31/to/89/Major/725a74c5-0baf-4f92-b4ed-7b992bb85c47"
    },
    {
        "major": "Sociology - Organizational Studies A.B.",
        "key": "74/31/to/89/Major/9735186b-79eb-4d4a-9ea4-259b3ab99b9a"
    },
    {
        "major": "Sociology A.B.",
        "key": "74/31/to/89/Major/dcbab67b-f9b3-41c2-a4d8-80ccbbf5d4d3"
    },
    {
        "major": "Spanish A.B.",
        "key": "74/31/to/89/Major/af25579a-2a81-4f22-b0e0-d72ba3530bd6"
    },
    {
        "major": "Statistics A.B.",
        "key": "74/31/to/89/Major/d87304bc-af49-4b69-abae-26548f6e62ab"
    },
    {
        "major": "Statistics B.S.",
        "key": "74/31/to/89/Major/8614ccd0-2e83-4b30-a3a8-6558398367e5"
    },
    {
        "major": "Sustainable Agriculture & Food Systems B.S.",
        "key": "74/31/to/89/Major/e84d0244-e952-4ec8-bb2a-71cfcf8b6e73"
    },
    {
        "major": "Sustainable Environmental Design B.S.",
        "key": "74/31/to/89/Major/ef3f6548-2f22-4ae9-9c44-58c52167fbf5"
    },
    {
        "major": "Systems & Synthetic Biology B.S.",
        "key": "74/31/to/89/Major/dc78bca0-9fbc-41ea-b3a4-4815b4784d87"
    },
    {
        "major": "Theatre & Dance A.B.",
        "key": "74/31/to/89/Major/6be1c98e-97c6-4359-a375-d32afe188be9"
    },
    {
        "major": "Viticulture & Enology B.S.",
        "key": "74/31/to/89/Major/12912a5a-050a-4eb0-8fcd-a7c7f17c27e0"
    },
    {
        "major": "Wildlife, Fish & Conservation Biology B.S.",
        "key": "74/31/to/89/Major/28220061-81e1-4490-98f7-0b65b8f7dbc2"
    }
]