[
    {
        "major": "Accounting Minor: Rady School of Management",
        "key": "74/31/to/7/Major/fb722e60-b2fb-4bbc-890d-1d2327aeaab9"
    },
    {
        "major": "Anthropology B.A. with Concentration in Archaeology",
        "key": "74/31/to/7/Major/737fd154-daa1-4285-9bbe-309e734adc74"
    },
    {
        "major": "Anthropology B.A. with Concentration in Biological Anthropology",
        "key": "74/31/to/7/Major/a63ec09f-98c3-47e3-9274-904388c03274"
    },
    {
        "major": "Anthropology B.A. with Concentration in Climate Change and Human Solutions",
        "key": "74/31/to/7/Major/f48ef39e-62d2-44d6-9c7d-3dd47db456bb"
    },
    {
        "major": "Anthropology B.A. with Concentration in Sociocultural Anthropology",
        "key": "74/31/to/7/Major/8a6ab0e4-1998-40f1-84fb-a6f690765c1e"
    },
    {
        "major": "Anthropology: Biological Anthropology B.S.",
        "key": "74/31/to/7/Major/91d5c9b2-a4d6-4f8e-9a1a-c398907fc083"
    },
    {
        "major": "Art: Art History/Criticism B.A. (Visual Arts)",
        "key": "74/31/to/7/Major/add363fd-d0b4-4477-8e21-6c753b559b98"
    },
    {
        "major": "Art: Interdisciplinary Computing in the Arts Major (ICAM) B.A. (Visual Arts)",
        "key": "74/31/to/7/Major/e3f4d869-b3e9-4eba-9fca-cf050797294b"
    },
    {
        "major": "Art: Media B.A. ( Visual Arts)",
        "key": "74/31/to/7/Major/4e5b248e-4666-4c4d-a1ec-8b9205ec5a1a"
    },
    {
        "major": "Art: Speculative Design B.A. (Visual Arts)",
        "key": "74/31/to/7/Major/135ee68f-800d-4845-80b6-db7b6fa44f5d"
    },
    {
        "major": "Art: Studio B.A. (Visual Arts)",
        "key": "74/31/to/7/Major/2c3160d9-d041-44a4-af19-1692aea6109e"
    },
    {
        "major": "Astronomy and Astrophysics B.A.",
        "key": "74/31/to/7/Major/03305a21-d89e-43cb-36de-08dba98d34db"
    },
    {
        "major": "Astronomy and Astrophysics B.S.",
        "key": "74/31/to/7/Major/8542514a-2bcf-4cbd-36df-08dba98d34db"
    },
    {
        "major": "Bioengineering B.S.",
        "key": "74/31/to/7/Major/39fd431a-e070-4824-a480-51ed83c899c7"
    },
    {
        "major": "Bioengineering: BioSystems B.S.",
        "key": "74/31/to/7/Major/99156a82-20b2-4fcb-8d22-3213bb96ac4f"
    },
    {
        "major": "Bioengineering: Bioinformatics B.S.",
        "key": "74/31/to/7/Major/1a036cbb-1f68-4309-8ff9-aebda5667573"
    },
    {
        "major": "Bioengineering: Biotechnology B.S.",
        "key": "74/31/to/7/Major/a93b3ceb-0514-4666-b1f4-c2141bda26e3"
    },
    {
        "major": "Biology with a Specialization in Bioinformatics B.S.",
        "key": "74/31/to/7/Major/9407b3f6-bcdc-4d29-b715-6b1cad50cca5"
    },
    {
        "major": "Biology: Ecology, Behavior, and Evolution B.S.",
        "key": "74/31/to/7/Major/37a271a2-0542-4edf-bb6f-2a5bdcef1318"
    },
    {
        "major": "Biology: General Biology B.S.",
        "key": "74/31/to/7/Major/0ff51460-7a52-4651-94b0-a4c5fe62b5d3"
    },
    {
        "major": "Biology: Human Biology B.S.",
        "key": "74/31/to/7/Major/39a4661d-7496-4303-b7a5-7eac0ee254cb"
    },
    {
        "major": "Biology: Microbiology B.S.",
        "key": "74/31/to/7/Major/40e4fe01-98bf-49bf-8d0e-1feda7322ebb"
    },
    {
        "major": "Biology: Molecular and Cell Biology B.S.",
        "key": "74/31/to/7/Major/6dccfcd5-69bb-4e65-86da-928f18ff0a65"
    },
    {
        "major": "Biology: Neurobiology",
        "key": "74/31/to/7/Major/1333fa18-a53d-4818-8bad-107a4cf6c8f0"
    },
    {
        "major": "Black Diaspora and African American Studies B.A.",
        "key": "74/31/to/7/Major/d0d133cb-1b1c-427e-a621-dbafc6924fa7"
    },
    {
        "major": "Business Economics B.S : Rady School of Management",
        "key": "74/31/to/7/Major/3d0fa746-b428-47bd-8cfa-c1e5489015dc"
    },
    {
        "major": "Business Minor: Rady School of Management",
        "key": "74/31/to/7/Major/50c0f888-8e2f-4e2d-b902-1c29eaa90e99"
    },
    {
        "major": "CSE: Computer Engineering B.S.",
        "key": "74/31/to/7/Major/c0923b95-9e19-4775-80b3-1f92f5ab4407"
    },
    {
        "major": "CSE: Computer Science B.S.",
        "key": "74/31/to/7/Major/5d972735-7328-468d-9d11-bd7a7ef19ef0"
    },
    {
        "major": "CSE: Computer Science with a Specialization in Bioinformatics B.S.",
        "key": "74/31/to/7/Major/6e60a3a7-754f-4d59-83b5-6e711c303d5f"
    },
    {
        "major": "Chemistry and Biochemistry: Biochemistry B.S.",
        "key": "74/31/to/7/Major/de091dc8-1fd4-429e-9fb7-b899d2c79aba"
    },
    {
        "major": "Chemistry and Biochemistry: Chemistry B.S.",
        "key": "74/31/to/7/Major/590cff57-2fc0-4933-972a-b43a11895358"
    },
    {
        "major": "Chemistry and Biochemistry: Environmental Chemistry B.S.",
        "key": "74/31/to/7/Major/ce96ae9c-c1d0-482c-b8d9-97bc845f775e"
    },
    {
        "major": "Chemistry and Biochemistry: Molecular Synthesis B.S.",
        "key": "74/31/to/7/Major/c0a93f85-4f76-4119-9910-17afd8515c5f"
    },
    {
        "major": "Chemistry and Biochemistry: Pharmacological Chemistry B.S.",
        "key": "74/31/to/7/Major/38990737-7a3f-4354-a4d3-205c09057a14"
    },
    {
        "major": "Chinese Studies B.A.",
        "key": "74/31/to/7/Major/b6cff561-f2e8-42f6-9a2b-2d8f545ba737"
    },
    {
        "major": "Classical Studies B.A.",
        "key": "74/31/to/7/Major/8baa1a62-bd54-4d00-9386-e5a35650308c"
    },
    {
        "major": "Cognitive Science B.A.",
        "key": "74/31/to/7/Major/4064028e-f157-4881-b0ff-e10052c862e9"
    },
    {
        "major": "Cognitive Science B.S.",
        "key": "74/31/to/7/Major/32a927d4-1a85-438a-a88d-25467f46501b"
    },
    {
        "major": "Cognitive Science B.S. Specialization in Clin Aspcts of Cogn",
        "key": "74/31/to/7/Major/f1e65c30-b398-4f59-9649-50500259a3dd"
    },
    {
        "major": "Cognitive Science B.S. Specialization in Design and Interaction",
        "key": "74/31/to/7/Major/a448c6b7-6245-4fdc-85ec-2cb31d3decd3"
    },
    {
        "major": "Cognitive Science B.S. with Specialization in Language and Culture",
        "key": "74/31/to/7/Major/dd7e4b1c-e856-4e0b-8e7e-6bfc750d6a7e"
    },
    {
        "major": "Cognitive Science B.S. with Specialization in Machine Learning and Neural Computation",
        "key": "74/31/to/7/Major/859dbbba-e4bf-4f7a-8303-ae08d668e6ed"
    },
    {
        "major": "Cognitive Science B.S. with Specialization in Neuroscience",
        "key": "74/31/to/7/Major/5b350a10-d7bb-4b34-8f8f-6ab0bc9d2e65"
    },
    {
        "major": "Cognitive Science: Cognitive and Behavioral Neuroscience B.S.",
        "key": "74/31/to/7/Major/ed2418d3-36d8-4ca5-9745-3d9aac94bcb3"
    },
    {
        "major": "Communication B.A.",
        "key": "74/31/to/7/Major/56cd1d6f-80e8-4ce6-b431-d7f78118d5dc"
    },
    {
        "major": "Critical Gender Studies B.A.",
        "key": "74/31/to/7/Major/27278563-630b-4381-ac4f-0431426dba10"
    },
    {
        "major": "Dance B.A.",
        "key": "74/31/to/7/Major/ff6ffe0c-1f1c-46da-a965-e8413b4b612b"
    },
    {
        "major": "Data Science B.S.",
        "key": "74/31/to/7/Major/0552ce4b-cade-4720-92ee-156a34f05447"
    },
    {
        "major": "ECE: Computer Engineering B.S.",
        "key": "74/31/to/7/Major/4dde0b74-2264-4446-8315-0ed02eb432ce"
    },
    {
        "major": "ECE: Electrical Engineering B.S.",
        "key": "74/31/to/7/Major/4dd06102-8783-4df3-b634-5d7f309a4398"
    },
    {
        "major": "ECE: Electrical Engineering and Society B.A.",
        "key": "74/31/to/7/Major/c84a9cec-c5ff-46b2-843b-b90985bd373d"
    },
    {
        "major": "ECE: Engineering Physics B.S.",
        "key": "74/31/to/7/Major/929710a2-f57a-4102-b172-6591cdd0c457"
    },
    {
        "major": "Economics B.A.",
        "key": "74/31/to/7/Major/4688fdb5-569e-4a53-a5fe-3ed501f547a0"
    },
    {
        "major": "Economics: Business Economics B.S.",
        "key": "74/31/to/7/Major/a5509c25-e241-4f69-bab3-d880c7727e43"
    },
    {
        "major": "Economics: Joint Major in Mathematics and Economics B.S.",
        "key": "74/31/to/7/Major/30a53d30-f975-4579-b4bd-a8ecbbad29c4"
    },
    {
        "major": "Economics: Management Science B.S.",
        "key": "74/31/to/7/Major/6a18096f-108e-4454-8877-3d0df4870347"
    },
    {
        "major": "Education Sciences B.S.",
        "key": "74/31/to/7/Major/b80b4eea-f57a-49ef-9f24-83902c56b54f"
    },
    {
        "major": "Entrepreneurship and Innovation Minor: Rady School of Management",
        "key": "74/31/to/7/Major/7bac9cca-5435-46b2-a386-4a6440f459d4"
    },
    {
        "major": "Environmental Systems/Earth Sciences B.S.",
        "key": "74/31/to/7/Major/09fe1b6c-75a9-4227-b84e-7c0c4cbdf0c7"
    },
    {
        "major": "Environmental Systems/Ecology, Behavior, and Evolution B.S.",
        "key": "74/31/to/7/Major/f5cbd327-4e0d-4539-b94c-656f11503b08"
    },
    {
        "major": "Environmental Systems/Environmental Chemistry B.S.",
        "key": "74/31/to/7/Major/a07063d6-b98f-470c-be21-5bc5b22b6c00"
    },
    {
        "major": "Environmental Systems/Environmental Policy B.A.",
        "key": "74/31/to/7/Major/fbfc2a4c-4125-471c-87d9-ece690f7563e"
    },
    {
        "major": "Ethnic Studies B.A.",
        "key": "74/31/to/7/Major/d5b1f604-b203-4c94-8072-f9dd71ff1e8e"
    },
    {
        "major": "Finance Minor: Rady School of Management",
        "key": "74/31/to/7/Major/40ec51b4-9cf6-4543-8f51-1ab9e8c48fe5"
    },
    {
        "major": "Geosciences B.S.",
        "key": "74/31/to/7/Major/349fd61a-dd23-405c-bebd-929586289f5e"
    },
    {
        "major": "German Studies B.A.",
        "key": "74/31/to/7/Major/0a05149c-60ac-41d1-abe2-a83623959b1f"
    },
    {
        "major": "Global Health B.A.",
        "key": "74/31/to/7/Major/20c49664-5567-4df6-91e7-7ccc2a84f19e"
    },
    {
        "major": "Global Health B.S.",
        "key": "74/31/to/7/Major/0be6b194-a06e-42ce-ab62-74a72731da7a"
    },
    {
        "major": "Global South Studies (Formerly Third World Studies) B.A.",
        "key": "74/31/to/7/Major/9cfe8256-53dc-4c6d-8ded-621df36ea23d"
    },
    {
        "major": "History B.A.",
        "key": "74/31/to/7/Major/7c257c72-65c3-4ed4-92fb-c31323050a61"
    },
    {
        "major": "Human Developmental Sciences B.A.",
        "key": "74/31/to/7/Major/ab6dcf06-0fee-486b-9756-223af932d722"
    },
    {
        "major": "Human Developmental Sciences B.S.",
        "key": "74/31/to/7/Major/66d29006-ddac-46eb-a4d9-5564d160061b"
    },
    {
        "major": "Human Developmental Sciences B.S. with a Specialization in Equity & Diversity",
        "key": "74/31/to/7/Major/54720787-a5f9-415c-840e-3d067de12c2a"
    },
    {
        "major": "Human Developmental Sciences B.S. with a Specialization in Healthy Aging",
        "key": "74/31/to/7/Major/058d2ba0-a553-4bce-ad23-6822dfceb68f"
    },
    {
        "major": "International Studies - Anthropology B.A.",
        "key": "74/31/to/7/Major/bde596bf-6e8f-4bed-a111-e380d45aa360"
    },
    {
        "major": "International Studies - Economics B.A.",
        "key": "74/31/to/7/Major/cb89d44e-e1c7-4f77-8deb-f1151e062c22"
    },
    {
        "major": "International Studies - History B.A.",
        "key": "74/31/to/7/Major/31ee85cf-8b7f-4d6e-8d98-f94f9789d4e8"
    },
    {
        "major": "International Studies - International Business B.A.",
        "key": "74/31/to/7/Major/802f7491-131a-4c9b-aeea-cf9267b5d0b0"
    },
    {
        "major": "International Studies - Linguistics B.A.",
        "key": "74/31/to/7/Major/1fde1fd8-8c59-4a0c-a8c1-fd8187536e81"
    },
    {
        "major": "International Studies - Literature B.A.",
        "key": "74/31/to/7/Major/b92ec238-dad0-4423-ab24-a3fc65d6ffe1"
    },
    {
        "major": "International Studies - Philosophy B.A.",
        "key": "74/31/to/7/Major/f1e2da86-262b-45bd-87d1-41f36d885adc"
    },
    {
        "major": "International Studies - Political Science B.A.",
        "key": "74/31/to/7/Major/622016aa-2a27-4c47-91f2-57653e1fce55"
    },
    {
        "major": "International Studies - Sociology  B.A.",
        "key": "74/31/to/7/Major/fbdcb5c7-131a-4e9c-8c85-545d877cad52"
    },
    {
        "major": "Italian Studies B.A.",
        "key": "74/31/to/7/Major/4102dac7-d529-4e44-a3a9-f0445101df26"
    },
    {
        "major": "Japanese Studies B.A.",
        "key": "74/31/to/7/Major/2c923e13-37ce-4e49-b07c-d9592d68c2bb"
    },
    {
        "major": "Jewish Studies B.A.",
        "key": "74/31/to/7/Major/e1ccff59-83ae-4254-bf5d-fa9d1ff4357a"
    },
    {
        "major": "Latin American Studies B.A.",
        "key": "74/31/to/7/Major/076dca81-44d2-40ed-956c-885b5cb9f38c"
    },
    {
        "major": "Linguistics B.A.",
        "key": "74/31/to/7/Major/98f4cf46-e26b-45df-b82a-22853212a98e"
    },
    {
        "major": "Linguistics Language Program",
        "key": "74/31/to/7/Major/32f28091-4d95-4bbb-ac11-a52371f31caf"
    },
    {
        "major": "Linguistics with Specialization in Cognition and Language B.A.",
        "key": "74/31/to/7/Major/413d9edd-18e1-483c-850d-046fa828f765"
    },
    {
        "major": "Linguistics with Specialization in Language and Society B.A.",
        "key": "74/31/to/7/Major/4018a040-d760-401b-a97b-02eb57dbbab3"
    },
    {
        "major": "Linguistics with Specialization in Speech and Language Sciences B.A.",
        "key": "74/31/to/7/Major/250a5874-da61-4d9e-8d5b-583c0dff223b"
    },
    {
        "major": "Linguistics: Language Studies Specialization in one language B.A.",
        "key": "74/31/to/7/Major/a7733c6b-e21a-40e7-92ea-ff51d5c824ed"
    },
    {
        "major": "Literature/Writing B.A.",
        "key": "74/31/to/7/Major/5c819617-1197-440f-8240-155f72cf1db4"
    },
    {
        "major": "Literature: Spanish Literature B.A.",
        "key": "74/31/to/7/Major/b335d277-0e13-429b-89a5-a01d30204dc3"
    },
    {
        "major": "Literature: World Literature and Culture B.A.",
        "key": "74/31/to/7/Major/62b67ccc-4355-4933-a37b-189b82fdfcd4"
    },
    {
        "major": "Literatures in English B.A.",
        "key": "74/31/to/7/Major/1f47c64e-4797-4deb-a274-f85c375bc8b4"
    },
    {
        "major": "MAE: Aerospace Engineering B.S.",
        "key": "74/31/to/7/Major/b7a76d2d-6e57-404e-9906-8dd085f6e3f4"
    },
    {
        "major": "MAE: Mechanical Engineering B.S.",
        "key": "74/31/to/7/Major/90884cc1-f26d-4107-b95f-d2ed56bfbee5"
    },
    {
        "major": "Marine Biology B.S.",
        "key": "74/31/to/7/Major/957da125-37e4-457c-85ef-54d957580906"
    },
    {
        "major": "Marketing Minor: Rady School of Management",
        "key": "74/31/to/7/Major/4a2af4e4-9831-4085-97b2-bd14939fc031"
    },
    {
        "major": "Mathematics B.S.",
        "key": "74/31/to/7/Major/b7450311-ce5a-4cb5-906c-28bfddcee874"
    },
    {
        "major": "Mathematics/Applied Science B.S.",
        "key": "74/31/to/7/Major/b3c2cd93-2aa8-4830-a12a-50ebc0952f2f"
    },
    {
        "major": "Mathematics/Computer Science B.S.",
        "key": "74/31/to/7/Major/a0a03240-e216-4f5c-9aeb-436cef7e3977"
    },
    {
        "major": "Mathematics/Secondary Education B.A.",
        "key": "74/31/to/7/Major/9d0f6f42-b99c-481a-8778-04cc985b132b"
    },
    {
        "major": "Mathematics: Applied Mathematics B.S.",
        "key": "74/31/to/7/Major/b2164783-291d-47d5-ae09-ac928b46ea80"
    },
    {
        "major": "Mathematics: Joint Major in Mathematics and Economics B.S.",
        "key": "74/31/to/7/Major/2380a77e-9b74-4570-8ede-68cba31aa54e"
    },
    {
        "major": "Mathematics: Mathematical Biology",
        "key": "74/31/to/7/Major/94cb8f11-d253-4082-6ab2-08db9ab8605a"
    },
    {
        "major": "Mathematics: Probability and Statistics B.S.",
        "key": "74/31/to/7/Major/12574b3a-8d62-4aa2-98e3-b1ccc5efedab"
    },
    {
        "major": "Music B.A.",
        "key": "74/31/to/7/Major/5e88500c-a022-48dd-be34-9e6a4cf4ef18"
    },
    {
        "major": "Music/Humanities Major B.A.",
        "key": "74/31/to/7/Major/a2702286-abea-4436-8e26-5efb855a3f41"
    },
    {
        "major": "Music: Interdisciplinary Computing in the Arts Major (ICAM) B.A.",
        "key": "74/31/to/7/Major/b31eae46-38b3-41dd-8bf8-4945c6df9570"
    },
    {
        "major": "NANO: Chemical Engineering B.S.",
        "key": "74/31/to/7/Major/e98d83bb-8a56-467f-9d82-33cf0f42d220"
    },
    {
        "major": "NANO: NanoEngineering B.S.",
        "key": "74/31/to/7/Major/6fdafae7-5818-4113-8a7d-e44003717dda"
    },
    {
        "major": "Oceanic and Atmospheric Sciences B.S.",
        "key": "74/31/to/7/Major/4106e72a-c857-4782-9870-db5d1b7c0a1d"
    },
    {
        "major": "Philosophy B.A.",
        "key": "74/31/to/7/Major/b2adaf4a-a3aa-4c31-ab95-7df3cd9101e0"
    },
    {
        "major": "Political Science B.A.",
        "key": "74/31/to/7/Major/c58ab0f9-f9da-447d-b7dc-559cd955a1a4"
    },
    {
        "major": "Political Science/American Politics B.A.",
        "key": "74/31/to/7/Major/469636e0-bd64-4529-87fe-6f51e1c74cd7"
    },
    {
        "major": "Political Science/Comparative Politics B.A.",
        "key": "74/31/to/7/Major/3fdf59ff-1bb7-4eea-a113-0bfd3beb52f9"
    },
    {
        "major": "Political Science/Data Analytics B.S.",
        "key": "74/31/to/7/Major/e2c403a1-2a71-4a1b-94f1-a452a8f1c7cb"
    },
    {
        "major": "Political Science/International Relations B.A.",
        "key": "74/31/to/7/Major/af3eb2a4-d64a-423e-8048-ef823e2d91b9"
    },
    {
        "major": "Political Science/Political Theory B.A.",
        "key": "74/31/to/7/Major/3a38b0a7-6e29-4737-a3f3-b453ea60e7bb"
    },
    {
        "major": "Political Science/Public Law B.A.",
        "key": "74/31/to/7/Major/fbadafae-d5f9-46f2-b368-67f73d72b78c"
    },
    {
        "major": "Political Science/Public Policy B.A.",
        "key": "74/31/to/7/Major/113da009-1e2a-47ff-a7d6-946527507ea6"
    },
    {
        "major": "Political Science/Race, Ethnicity, and Politics B.A.",
        "key": "74/31/to/7/Major/08c89f06-4966-4e51-9ce0-38000bdcfd71"
    },
    {
        "major": "Psychology B.A.",
        "key": "74/31/to/7/Major/8c8e89d8-2e90-47e1-a5d5-70e23b34625d"
    },
    {
        "major": "Psychology B.S.",
        "key": "74/31/to/7/Major/787daeef-60af-47cc-b496-ce04cbeefc9d"
    },
    {
        "major": "Psychology B.S. with a Specialization in Clinical Psychology",
        "key": "74/31/to/7/Major/6231f22d-00bc-4c4d-9d51-e1a2a753bef5"
    },
    {
        "major": "Psychology B.S. with a Specialization in Cognitive Psychology",
        "key": "74/31/to/7/Major/d650d142-5e0b-4343-aa4c-0a657eca1a8b"
    },
    {
        "major": "Psychology B.S. with a Specialization in Developmental Psychology",
        "key": "74/31/to/7/Major/c4f7b3be-e2e3-4818-97d8-94a31f039594"
    },
    {
        "major": "Psychology B.S. with a Specialization in Human Health",
        "key": "74/31/to/7/Major/5f91128b-e5e7-4b14-a37c-77b40525c7bb"
    },
    {
        "major": "Psychology B.S. with a Specialization in Sensation and Perception",
        "key": "74/31/to/7/Major/f0a6cc5c-4dcd-42df-97f3-1de4689f18fe"
    },
    {
        "major": "Psychology B.S. with a Specialization in Social Psychology",
        "key": "74/31/to/7/Major/aeb59172-a663-4256-9158-d19f0e14fbeb"
    },
    {
        "major": "Psychology: Business Psychology B.S.",
        "key": "74/31/to/7/Major/2cc1c1eb-55f1-42da-a377-3aee3ae2b71a"
    },
    {
        "major": "Psychology: Cognitive and Behavioral Neuroscience B.S.",
        "key": "74/31/to/7/Major/87cbaff2-c9cf-46ee-8844-a39c6e2e42d8"
    },
    {
        "major": "Public Health B.S.",
        "key": "74/31/to/7/Major/62a1d96a-50ea-4d19-a91c-587f70793e86"
    },
    {
        "major": "Public Health with Concentration in Biostatistics B.S.",
        "key": "74/31/to/7/Major/7f80c671-a426-4a15-bd72-b6122c556645"
    },
    {
        "major": "Public Health with Concentration in Climate and Environmental Sciences B.S.",
        "key": "74/31/to/7/Major/680e26d4-f096-4a87-a131-c9b757fda3f3"
    },
    {
        "major": "Public Health with Concentration in Community Health Sciences B.S.",
        "key": "74/31/to/7/Major/cce7a5e4-f2bd-4619-8e4a-cc3422945766"
    },
    {
        "major": "Public Health with Concentration in Epidemiology B.S.",
        "key": "74/31/to/7/Major/c8c8ad79-0c07-4d50-b3dc-7930ce307721"
    },
    {
        "major": "Public Health with Concentration in Health Policy and Management Sciences B.S.",
        "key": "74/31/to/7/Major/3881a978-ba3b-4bef-af74-3c6f571f441d"
    },
    {
        "major": "Public Health with Concentration in Medicine Sciences B.S.",
        "key": "74/31/to/7/Major/c30f5623-9c68-4582-8968-2c2ec98201cf"
    },
    {
        "major": "Real Estate and Development B.S.",
        "key": "74/31/to/7/Major/d6fa142d-952b-447d-a2ee-dec826ada706"
    },
    {
        "major": "Religion, Study of B.A.",
        "key": "74/31/to/7/Major/0bb89f2c-004f-4239-a3f0-fe5fa688bac9"
    },
    {
        "major": "Russian, East European, and Eurasian Studies B.A.",
        "key": "74/31/to/7/Major/93d31c1a-4dd5-461f-b4ea-f522ad5a4043"
    },
    {
        "major": "Sociology B.A.",
        "key": "74/31/to/7/Major/241e558f-b03d-4f76-ab86-49bfb1adf7e7"
    },
    {
        "major": "Sociology/American Studies B.A.",
        "key": "74/31/to/7/Major/9b3fd15a-5675-4ad3-991d-6e5801a16ba3"
    },
    {
        "major": "Sociology/Culture and Communication B.A.",
        "key": "74/31/to/7/Major/07f92578-403f-4596-ae0f-cf7d6c6578ad"
    },
    {
        "major": "Sociology/Economy and Society B.A.",
        "key": "74/31/to/7/Major/08fd11ff-7548-4b56-b7ad-7b306c155f71"
    },
    {
        "major": "Sociology/International Studies B.A.",
        "key": "74/31/to/7/Major/1f486a81-be18-4974-873a-593304416dc5"
    },
    {
        "major": "Sociology/Law and Society B.A.",
        "key": "74/31/to/7/Major/798b5f4e-022e-46dd-9984-595d1e10883e"
    },
    {
        "major": "Sociology/Science and Medicine B.A.",
        "key": "74/31/to/7/Major/4a8e127e-5a2c-4099-be5f-005d5a3e9f0b"
    },
    {
        "major": "Sociology/Social Inequalities B.A.",
        "key": "74/31/to/7/Major/abc3d7c6-4f53-46c9-bdc2-18e1ee7e3767"
    },
    {
        "major": "Structural Engineering B.S.",
        "key": "74/31/to/7/Major/5ae02bba-a5c6-4a9e-a5d2-ac5beecea72b"
    },
    {
        "major": "Technology, Innovation and Supply Chain Minor: Rady School of Management",
        "key": "74/31/to/7/Major/502e1d67-f402-4c0d-a73c-7bde39b53912"
    },
    {
        "major": "Theatre B.A.",
        "key": "74/31/to/7/Major/419850b0-01eb-4771-8b62-3384f46e13d4"
    },
    {
        "major": "Theatre and Dance B.A.",
        "key": "74/31/to/7/Major/0b096cb5-3493-4da4-8922-0e0cf8705f43"
    },
    {
        "major": "Urban Studies and Planning B.A.",
        "key": "74/31/to/7/Major/e7f7dfca-464b-45de-8099-230e0bc8ba62"
    }
]