[
    {
        "major": "Advanced Manufacturing and Applied Robotics B.S.",
        "key": 26743239
    },
    {
        "major": "Agricultural Business B.S.",
        "key": 26743237
    },
    {
        "major": "Agricultural Science B.S. - Agricultural Communication and Leadership Option",
        "key": 26743238
    },
    {
        "major": "Agricultural Science B.S. - Agricultural Science and Education Option",
        "key": 26743240
    },
    {
        "major": "Animal Science B.S.",
        "key": 26743241
    },
    {
        "major": "Anthropology B.A.",
        "key": 26743242
    },
    {
        "major": "Art B.A. - Art Education Option",
        "key": 26743243
    },
    {
        "major": "Art B.A. - Art History Option",
        "key": 26743244
    },
    {
        "major": "Art B.A. - Art Studio Option",
        "key": 26743246
    },
    {
        "major": "Art B.F.A. - Art Studio Option",
        "key": 26743245
    },
    {
        "major": "Art B.F.A. - Interior Architecture Option",
        "key": 26743248
    },
    {
        "major": "Asian Studies B.A.",
        "key": 26743247
    },
    {
        "major": "Biochemistry B.S.",
        "key": 26743249
    },
    {
        "major": "Biological Sciences B.A.",
        "key": 26743250
    },
    {
        "major": "Biological Sciences B.S. - Cellular and Molecular Biology Option",
        "key": 26743252
    },
    {
        "major": "Biological Sciences B.S. - Ecological, Evolutionary, and Organismal Biology Option",
        "key": 26743251
    },
    {
        "major": "Biological Sciences B.S. - Plant Biology Option",
        "key": 26743253
    },
    {
        "major": "Business Administration B.S. - Accounting Option",
        "key": 26743254
    },
    {
        "major": "Business Administration B.S. - Entrepreneurship and Small Business Management Option",
        "key": 26743255
    },
    {
        "major": "Business Administration B.S. - Finance Option",
        "key": 26743256
    },
    {
        "major": "Business Administration B.S. - Human Resource Management Option",
        "key": 26743257
    },
    {
        "major": "Business Administration B.S. - Management Option",
        "key": 26743259
    },
    {
        "major": "Business Administration B.S. - Marketing Option",
        "key": 26743258
    },
    {
        "major": "Business Administration B.S. - Project Management Option",
        "key": 26743260
    },
    {
        "major": "Business Administration B.S. Online Degree Completion",
        "key": 26743262
    },
    {
        "major": "Business Information Systems B.S. - Business Analytics Option",
        "key": 26743261
    },
    {
        "major": "Business Information Systems B.S. - Management Information Systems Option",
        "key": 26743264
    },
    {
        "major": "Business Information Systems B.S. - Operations and Supply Chain Management Option",
        "key": 26743263
    },
    {
        "major": "Chemistry B.A.",
        "key": 26743266
    },
    {
        "major": "Chemistry B.S.",
        "key": 26743265
    },
    {
        "major": "Child Development B.A.",
        "key": 26743267
    },
    {
        "major": "Civil Engineering B.S. - Environmental and Water Resources Engineering",
        "key": 26743268
    },
    {
        "major": "Civil Engineering B.S. - General Civil Engineering",
        "key": 26743269
    },
    {
        "major": "Civil Engineering B.S.- Structural Engineering",
        "key": 26743270
    },
    {
        "major": "Communication Design B.F.A",
        "key": 26743272
    },
    {
        "major": "Communication Sciences and Disorders B.S.",
        "key": 26743277
    },
    {
        "major": "Communication Studies B.A. - Communication and Public Affairs Option",
        "key": 26743271
    },
    {
        "major": "Communication Studies B.A. - Organizational Communication Option",
        "key": 26743273
    },
    {
        "major": "Computer Animation and Game Development B.S. - Animation Production Option",
        "key": 26743274
    },
    {
        "major": "Computer Animation and Game Development B.S. - Game Development Option",
        "key": 26743275
    },
    {
        "major": "Computer Engineering B.S.",
        "key": 26743276
    },
    {
        "major": "Computer Information Systems B.S.",
        "key": 26743278
    },
    {
        "major": "Computer Science B.S.",
        "key": 26743279
    },
    {
        "major": "Concrete Industry Management B.S.",
        "key": 26743823
    },
    {
        "major": "Construction Management B.S.",
        "key": 26743827
    },
    {
        "major": "Criminal Justice B.A.",
        "key": 26743824
    },
    {
        "major": "Economics B.A.",
        "key": 26743825
    },
    {
        "major": "Electrical/Electronic Engineering B.S.",
        "key": 26743829
    },
    {
        "major": "English B.A. - English Education Option",
        "key": 26743830
    },
    {
        "major": "English B.A. - English Studies Option",
        "key": 26743826
    },
    {
        "major": "English B.A. - Literature Option",
        "key": 26743828
    },
    {
        "major": "Environmental Science B.S. - Applied Ecology Option",
        "key": 26743831
    },
    {
        "major": "Environmental Science B.S. - Atmosphere and Climate Option",
        "key": 26743832
    },
    {
        "major": "Environmental Science B.S. - Energy and Earth Resources Option",
        "key": 26743833
    },
    {
        "major": "Environmental Science B.S. - Hydrology Option",
        "key": 26743836
    },
    {
        "major": "Exercise Physiology B.S. ",
        "key": 26743839
    },
    {
        "major": "French B.A.",
        "key": 26743834
    },
    {
        "major": "Geography B.A. - Human Geography and Planning Option",
        "key": 26743837
    },
    {
        "major": "Geography B.A. - Physical and Environmental Geography Option",
        "key": 26743838
    },
    {
        "major": "Geology B.S.",
        "key": 26743835
    },
    {
        "major": "Geosciences B.S. - Physical Science Education Option",
        "key": 26743883
    },
    {
        "major": "Geosciences B.S. - Science Education Option: Geosciences Concentration",
        "key": 26743881
    },
    {
        "major": "German B.A. ",
        "key": 26743879
    },
    {
        "major": "Health Services Administration B.S.",
        "key": 26743880
    },
    {
        "major": "History B.A. - General History Option",
        "key": 26743884
    },
    {
        "major": "History B.A. - Social Science Pre-Credential Option",
        "key": 26743882
    },
    {
        "major": "Humanities B.A.",
        "key": 26743885
    },
    {
        "major": "International Relations B.A. ",
        "key": 26743889
    },
    {
        "major": "Intersectional Chicanx/Latinx Studies B.A.",
        "key": 26743888
    },
    {
        "major": "Journalism B.A. - News Option",
        "key": 26743886
    },
    {
        "major": "Journalism B.A. - Public Relations Option",
        "key": 26743887
    },
    {
        "major": "Kinesiology B.A. - Movement Studies Option",
        "key": 26743892
    },
    {
        "major": "Kinesiology B.A. - Outdoor Education Option",
        "key": 26743891
    },
    {
        "major": "Kinesiology B.A. - Physical Education Teacher Education (PETE) Option",
        "key": 26743904
    },
    {
        "major": "Latin American Studies B.A.",
        "key": 26743897
    },
    {
        "major": "Liberal Studies B.A. - Bilingual/Cross-Cultural Option",
        "key": 26743898
    },
    {
        "major": "Liberal Studies B.A. - General Option",
        "key": 26743899
    },
    {
        "major": "Liberal Studies B.A. - General Option (Online Degree Completion)",
        "key": 26743900
    },
    {
        "major": "Liberal Studies B.A. - Liberal Arts Option",
        "key": 26743901
    },
    {
        "major": "Linguistics B.A.",
        "key": 26743905
    },
    {
        "major": "Mathematics B.S. - Applied Mathematics Option",
        "key": 26743903
    },
    {
        "major": "Mathematics B.S. - Foundational Mathematics Education Option",
        "key": 26743907
    },
    {
        "major": "Mathematics B.S. - General Option in Mathematics",
        "key": 26743911
    },
    {
        "major": "Mathematics B.S. - Mathematics Education Option",
        "key": 26743902
    },
    {
        "major": "Mathematics B.S. - Statistics Option",
        "key": 26743908
    },
    {
        "major": "Mechanical Engineering B.S.",
        "key": 26743910
    },
    {
        "major": "Mechatronic Engineering B.S.",
        "key": 26743909
    },
    {
        "major": "Media Arts B.A. - Criticism Option",
        "key": 26743906
    },
    {
        "major": "Media Arts B.A. - Production Option",
        "key": 26743912
    },
    {
        "major": "Microbiology B.S. - Clinical Laboratory Science Option",
        "key": 26743913
    },
    {
        "major": "Microbiology B.S. - General Microbiology Option",
        "key": 26743914
    },
    {
        "major": "Multicultural and Gender Studies B.A. - General Option",
        "key": 26743916
    },
    {
        "major": "Multicultural and Gender Studies B.A. - Women's Studies Option",
        "key": 26743917
    },
    {
        "major": "Music B.A. - General Music Option",
        "key": 26743922
    },
    {
        "major": "Music B.A. - Music Education Option",
        "key": 26743915
    },
    {
        "major": "Music B.A. - Music Industry Option",
        "key": 26743923
    },
    {
        "major": "Music B.A. - Recording Arts Option",
        "key": 26743919
    },
    {
        "major": "Musical Theatre B.F.A.",
        "key": 26743918
    },
    {
        "major": "Natural Sciences B.S. - Science Education Option",
        "key": 26743920
    },
    {
        "major": "Nursing B.S. - General Option",
        "key": 26743921
    },
    {
        "major": "Nutrition and Food Sciences B.S. - Food and Nutrition Communication Option",
        "key": 26743929
    },
    {
        "major": "Nutrition and Food Sciences B.S. - General Dietetics Option",
        "key": 26743926
    },
    {
        "major": "Nutrition and Food Sciences B.S. - Nutrition Management Option",
        "key": 26743924
    },
    {
        "major": "Philosophy B.A.",
        "key": 26743931
    },
    {
        "major": "Physics B.S. - General Physics Option",
        "key": 26743930
    },
    {
        "major": "Physics B.S. - Professional Physics Option",
        "key": 26743925
    },
    {
        "major": "Plant and Soil Science B.S. - Crops and Horticulture Option",
        "key": 26743932
    },
    {
        "major": "Plant and Soil Science B.S. - Land and Soil Resource Management Option",
        "key": 26743933
    },
    {
        "major": "Political Science B.A. - Legal Studies Option",
        "key": 26743927
    },
    {
        "major": "Political Science B.A. - U.S. Politics Option",
        "key": 26743928
    },
    {
        "major": "Psychology B.A.",
        "key": 26743934
    },
    {
        "major": "Public Administration B.A.",
        "key": 26743935
    },
    {
        "major": "Public Health B.S.",
        "key": 26743936
    },
    {
        "major": "Recreation, Hospitality, and Parks Management B.S. - Event Management Option",
        "key": 26743937
    },
    {
        "major": "Recreation, Hospitality, and Parks Management B.S. - Parks and Recreation Management Option",
        "key": 26743939
    },
    {
        "major": "Recreation, Hospitality, and Parks Management B.S. - Recreation Therapy Option",
        "key": 26743938
    },
    {
        "major": "Recreation, Hospitality, and Parks Management B.S. - Resort and Lodging Management Option",
        "key": 26743941
    },
    {
        "major": "Religious Studies B.A.",
        "key": 26743940
    },
    {
        "major": "Social Science B.A. - Multidisciplinary Studies Option",
        "key": 26743942
    },
    {
        "major": "Social Work B.A.",
        "key": 26743943
    },
    {
        "major": "Sociology B.A.",
        "key": 26743944
    },
    {
        "major": "Spanish B.A.",
        "key": 26743945
    },
    {
        "major": "Theatre Arts B.A.",
        "key": 26743946
    }
]