[
    {
        "major": "Agricultural Plant and Soil Sciences, B.S.",
        "key": "74/45/to/12/Major/c9be8849-383b-4418-8fef-6219db4f19ff"
    },
    {
        "major": "Biology B.S., Ecology, Evolution and Organismal Biology Concentration",
        "key": "74/45/to/12/Major/9683dcaa-c4bb-4d2b-8fa1-5af119666bd2"
    },
    {
        "major": "Biology B.S., Molecular Biology Concentration",
        "key": "74/45/to/12/Major/12b67912-bfcc-425e-9af4-e12e27fa1b4e"
    },
    {
        "major": "Biology B.S., Teacher Preparation Concentration",
        "key": "74/45/to/12/Major/30279001-c86b-4984-8f5a-8ffbf5a4a81d"
    },
    {
        "major": "Business Administration B.S. Agribusiness Concentration",
        "key": "74/45/to/12/Major/e18976eb-886c-4071-a2a9-e8f84563f607"
    },
    {
        "major": "Business Administration B.S., Accounting Concentration",
        "key": "74/45/to/12/Major/0f58296b-6c63-4c7f-8da4-d227a423877f"
    },
    {
        "major": "Business Administration B.S., Entrepreneurship Concentration",
        "key": "74/45/to/12/Major/127e9d47-361b-40bc-af42-c84750c78b5b"
    },
    {
        "major": "Business Administration B.S., Information Systems Concentration",
        "key": "74/45/to/12/Major/d4125e1b-89e4-46ec-a024-40db56464f1a"
    },
    {
        "major": "Business Administration B.S., Management & International Business Concentration",
        "key": "74/45/to/12/Major/ec69b5d6-e502-4143-b89c-e013c61012fa"
    },
    {
        "major": "Business Administration B.S., Marketing Concentration",
        "key": "74/45/to/12/Major/4b014b17-1d69-4788-98e0-3698c2275c57"
    },
    {
        "major": "Cinematic Arts & Technology B.A.",
        "key": "74/45/to/12/Major/d2312dea-c62a-42c4-8f96-b3abae735378"
    },
    {
        "major": "Collaborative Health & Human Services B.S.",
        "key": "74/45/to/12/Major/dc4c24a0-5bee-40ac-9c2e-17a99350ce05"
    },
    {
        "major": "Communication Design B.S.",
        "key": "74/45/to/12/Major/64a132e4-f8ff-4453-8914-6f322cabac4d"
    },
    {
        "major": "Computer Science B.S.",
        "key": "74/45/to/12/Major/5e1e20ee-83ca-4de1-944d-142b72242b13"
    },
    {
        "major": "Environmental Science, Technology & Policy B.S.",
        "key": "74/45/to/12/Major/645993f5-82c4-4c2e-bbb0-53e68cd5e67c"
    },
    {
        "major": "Environmental Studies B.A.",
        "key": "74/45/to/12/Major/a76c9948-6f46-47a1-a62e-b9a2c1304559"
    },
    {
        "major": "Ethnic and Gender Studies, B.A.",
        "key": "74/45/to/12/Major/8fc68329-d9cc-4cc6-ad4a-10d361395fdc"
    },
    {
        "major": "Global Studies B.A.",
        "key": "74/45/to/12/Major/4285c29c-47e7-440f-a7ae-169befa84d95"
    },
    {
        "major": "Human Development and Family Sciences, B.S.",
        "key": "74/45/to/12/Major/7a9ca61f-8c93-48df-a0b6-aafbf085b443"
    },
    {
        "major": "Humanities & Communication, B.A. Communication Studies Concentration",
        "key": "74/45/to/12/Major/7759ce9b-a5ad-4b88-9e96-7bcecb8b5332"
    },
    {
        "major": "Humanities & Communication, B.A., Creative Writing & Social Action Concentration",
        "key": "74/45/to/12/Major/bfff21f7-f104-4428-bc1d-b71d1d7fdec6"
    },
    {
        "major": "Humanities & Communication, B.A., English Studies Concentration",
        "key": "74/45/to/12/Major/abb5b470-d860-4dcf-a8ec-da3506f69d3f"
    },
    {
        "major": "Humanities & Communication, B.A., English Subject Matter Prep Concentration",
        "key": "74/45/to/12/Major/ae81e99d-4f32-4d20-bc76-f23bf4d684c4"
    },
    {
        "major": "Humanities & Communication, B.A., Historical Studies Concentration",
        "key": "74/45/to/12/Major/836907b4-c4b5-415d-b73a-218f501ff91a"
    },
    {
        "major": "Humanities & Communication, B.A., Journalism & Media Studies Concentration",
        "key": "74/45/to/12/Major/db1e890f-a27b-4bac-814b-697a0f92bff3"
    },
    {
        "major": "Humanities & Communication, B.A., Legal Studies Concentration",
        "key": "74/45/to/12/Major/ee6f62dc-b66b-41b0-97ed-0411c05f038c"
    },
    {
        "major": "Humanities & Communication, B.A., Philosophy & Applied Ethics Concentration",
        "key": "74/45/to/12/Major/2120a7e6-cb43-44b7-bb74-7776bf22c244"
    },
    {
        "major": "Japanese Language and Culture B.A.",
        "key": "74/45/to/12/Major/635dcc9f-6d5a-4b54-aa5e-3849247404d2"
    },
    {
        "major": "Kinesiology B.S.",
        "key": "74/45/to/12/Major/289caf38-354b-4e0a-9aa5-294f10c6a26c"
    },
    {
        "major": "Liberal Studies B.A.",
        "key": "74/45/to/12/Major/fb0a65da-6fd5-40f5-8bf9-1c22c4bd7a53"
    },
    {
        "major": "Marine Science B.S.",
        "key": "74/45/to/12/Major/9e07105c-ace7-440c-8abd-8ea3686eab6f"
    },
    {
        "major": "Mathematics B.S.",
        "key": "74/45/to/12/Major/3721b5a1-1c96-4d0c-be35-cba057dbb79c"
    },
    {
        "major": "Music, B.A.",
        "key": "74/45/to/12/Major/4487657f-5a71-4b39-8e6e-a89145c4a8e2"
    },
    {
        "major": "Nursing B.S.N.",
        "key": "74/45/to/12/Major/8a3aff6b-70ec-4ba3-b5fa-ecb65b5442cf"
    },
    {
        "major": "Psychology B.A.",
        "key": "74/45/to/12/Major/8d5f5689-9917-4c03-809e-70d3c1c0b3f9"
    },
    {
        "major": "Social and Behavioral Sciences B.A., Anthropology Concentration",
        "key": "74/45/to/12/Major/a797d59b-6fbc-4d75-9c99-2498f3804e8b"
    },
    {
        "major": "Social and Behavioral Sciences B.A., Geographic Information Systems Concentration",
        "key": "74/45/to/12/Major/6c179ea0-3de6-4829-9bb1-ec3fb222c60e"
    },
    {
        "major": "Social and Behavioral Sciences B.A., Native American Studies Concentration",
        "key": "74/45/to/12/Major/6bbffb5e-f3c9-4115-b4e1-9c5dc039355b"
    },
    {
        "major": "Social and Behavioral Sciences B.A., Political Economy Concentration              ",
        "key": "74/45/to/12/Major/8eea3913-f0d0-4737-96c4-8ba4767adf3b"
    },
    {
        "major": "Social and Behavioral Sciences B.A., Social History Concentration",
        "key": "74/45/to/12/Major/d0d18994-f322-403b-aae0-640fab72e35b"
    },
    {
        "major": "Social and Behavioral Sciences B.A., Sociology Concentration",
        "key": "74/45/to/12/Major/aafa1453-b332-4401-b40f-7bd2717ff094"
    },
    {
        "major": "Spanish Language & Hispanic Cultures B.A.",
        "key": "74/45/to/12/Major/397eab0e-eecb-4813-aa93-8a24d7b24a9b"
    },
    {
        "major": "Statistics B.S.",
        "key": "74/45/to/12/Major/36d14de0-36a3-4753-8552-0cd53af58a9f"
    },
    {
        "major": "Sustainable Hospitality Management B.S.",
        "key": "74/45/to/12/Major/163b58df-e1f5-4a71-9724-20e7b7c6c16d"
    },
    {
        "major": "Visual and Public Art B.A.",
        "key": "74/45/to/12/Major/46f3af08-ac90-4f9b-a44f-9676c2c27d8c"
    }
]