[
    {
        "major": "Anthropology, BA - Archaeology and Biological Anthropology",
        "key": "74/45/to/60/Major/6a787df3-5d6e-4d62-36e5-08dba98d34db"
    },
    {
        "major": "Anthropology, BA - Culture, Language and Society",
        "key": "74/45/to/60/Major/a9030283-adfa-44d5-36e6-08dba98d34db"
    },
    {
        "major": "Anthropology, BA - General Anthropology",
        "key": "74/45/to/60/Major/e2852c57-c690-4390-97d8-123b491832a2"
    },
    {
        "major": "Art History, BA",
        "key": "74/45/to/60/Major/1c537526-3575-44bd-8a31-612d5a4b14d6"
    },
    {
        "major": "Art Studies, BA",
        "key": "74/45/to/60/Major/3cf155da-7750-4a7b-9d7f-b79bede7610b"
    },
    {
        "major": "Art, BA",
        "key": "74/45/to/60/Major/4aac6faa-48e1-4a24-a794-e313fd8b5089"
    },
    {
        "major": "Art, BFA - Studio Art",
        "key": "74/45/to/60/Major/64f9058e-a7ba-4264-af9f-caaf22dffaa2"
    },
    {
        "major": "Asian Studies, BA",
        "key": "74/45/to/60/Major/0c44624f-7921-43dc-a8de-71da5dc772d5"
    },
    {
        "major": "Biochemistry, BS",
        "key": "74/45/to/60/Major/7d6b7572-b344-4d7d-a23e-e522d476ac45"
    },
    {
        "major": "Biological Sciences, BA",
        "key": "74/45/to/60/Major/cb241700-2d6b-4528-81d9-87b258fe73d5"
    },
    {
        "major": "Biological Sciences, BS - Biomedical Sciences",
        "key": "74/45/to/60/Major/e37d9486-e4aa-4a62-9e56-d0b5252cfde5"
    },
    {
        "major": "Biological Sciences, BS - Cell and Molecular Biology",
        "key": "74/45/to/60/Major/f424718c-dd46-452e-a2cb-7e2d94fe8633"
    },
    {
        "major": "Biological Sciences, BS - Clinical Laboratory Sciences",
        "key": "74/45/to/60/Major/ab753e55-2621-43ba-bd7c-fcffc01917db"
    },
    {
        "major": "Biological Sciences, BS - Evolution, Ecology, and Conservation",
        "key": "74/45/to/60/Major/a54071a4-e4a3-48d7-8a4d-89467927aae5"
    },
    {
        "major": "Biological Sciences, BS - General Biology",
        "key": "74/45/to/60/Major/abb6ed33-be7a-4317-b730-da3f5cfea757"
    },
    {
        "major": "Biological Sciences, BS - Microbiology",
        "key": "74/45/to/60/Major/43d065f9-20ab-4fc6-976d-b20cd82475f0"
    },
    {
        "major": "Business Administration, BS - Accountancy",
        "key": "74/45/to/60/Major/0a08418b-75d0-4c11-a950-36f5886691b9"
    },
    {
        "major": "Business Administration, BS - Business Analytics",
        "key": "74/45/to/60/Major/00066788-bb5c-48e5-5730-08dbcb636fbd"
    },
    {
        "major": "Business Administration, BS - Entrepreneurship",
        "key": "74/45/to/60/Major/a42529bd-71f7-4510-5731-08dbcb636fbd"
    },
    {
        "major": "Business Administration, BS - Finance",
        "key": "74/45/to/60/Major/aec529bc-1831-48b8-5732-08dbcb636fbd"
    },
    {
        "major": "Business Administration, BS - General Management",
        "key": "74/45/to/60/Major/2df70b44-60e9-4cc2-5733-08dbcb636fbd"
    },
    {
        "major": "Business Administration, BS - International Business",
        "key": "74/45/to/60/Major/91546b98-c0fb-41d0-5735-08dbcb636fbd"
    },
    {
        "major": "Business Administration, BS - Management Information Systems",
        "key": "74/45/to/60/Major/ed616a9e-188b-4b9d-5736-08dbcb636fbd"
    },
    {
        "major": "Business Administration, BS - Management of Human Resources and Organizational Behavior",
        "key": "74/45/to/60/Major/fcfe284a-5521-4a3a-5734-08dbcb636fbd"
    },
    {
        "major": "Business Administration, BS - Marketing",
        "key": "74/45/to/60/Major/4e4cea96-735a-4bf5-5737-08dbcb636fbd"
    },
    {
        "major": "Business Administration, BS - Supply Chain Management",
        "key": "74/45/to/60/Major/aea4e000-af85-4920-5738-08dbcb636fbd"
    },
    {
        "major": "Chemistry, BA",
        "key": "74/45/to/60/Major/48dbe513-6bf0-43a4-a685-66e60d2dc145"
    },
    {
        "major": "Chemistry, BA - Biochemistry",
        "key": "74/45/to/60/Major/79fd95d9-89af-4bbe-a9a1-a2d4272e27fc"
    },
    {
        "major": "Chemistry, BA - Forensic Chemistry",
        "key": "74/45/to/60/Major/6fd8475a-c38c-4b38-b111-6fffd23386d2"
    },
    {
        "major": "Chemistry, BS",
        "key": "74/45/to/60/Major/14de0bc2-c783-4e84-9a48-4dfe2e4744eb"
    },
    {
        "major": "Child and Adolescent Development, BA - Early Development, Care, and Education",
        "key": "74/45/to/60/Major/f05e7468-98ac-4fb1-5739-08dbcb636fbd"
    },
    {
        "major": "Child and Adolescent Development, BA - Educational Contexts",
        "key": "74/45/to/60/Major/6939aa1e-880e-4af0-a191-26fd9db57997"
    },
    {
        "major": "Child and Adolescent Development, BA - Social and Community Contexts",
        "key": "74/45/to/60/Major/e28c02c1-dbc0-44a8-b2a1-ea97eb5ba654"
    },
    {
        "major": "Civil Engineering, BS",
        "key": "74/45/to/60/Major/9bdbf1ec-f4d0-4d44-bd59-6f22f77edfe5"
    },
    {
        "major": "Communication Sciences & Disorders, BS",
        "key": "74/45/to/60/Major/f3a82bb8-8f27-471f-8705-9b668a450163"
    },
    {
        "major": "Communication Studies, BA",
        "key": "74/45/to/60/Major/ad456867-c8bb-499f-81d1-9a36049e3399"
    },
    {
        "major": "Computer Engineering, BS",
        "key": "74/45/to/60/Major/3911ad19-a9a5-4933-922b-df3f9341f800"
    },
    {
        "major": "Computer Science, BS",
        "key": "74/45/to/60/Major/ebdda9f8-1b67-459a-92a0-0a1d82f3b5ce"
    },
    {
        "major": "Construction Management, BS",
        "key": "74/45/to/60/Major/ff495ab3-572c-4adf-ab4f-520752288d50"
    },
    {
        "major": "Criminal Justice, BS",
        "key": "74/45/to/60/Major/2a1d24df-95bc-4b87-b13c-c26ce217bf9c"
    },
    {
        "major": "Dance, BA",
        "key": "74/45/to/60/Major/0bf21ce3-9d91-405e-b05a-45ea5bc46e55"
    },
    {
        "major": "Deaf Studies, BA",
        "key": "74/45/to/60/Major/58a9e81a-56e8-4a6d-a932-1b15db39b2b5"
    },
    {
        "major": "Design Studies, BA",
        "key": "74/45/to/60/Major/38eff4e5-0a6c-4a8e-94de-7a96ca501fe2"
    },
    {
        "major": "Earth Science, BA",
        "key": "74/45/to/60/Major/28831351-04d0-45dc-8c18-0c691441dfa3"
    },
    {
        "major": "Economics, BA",
        "key": "74/45/to/60/Major/f9bd510d-b235-4403-92f1-56e6d8a0db95"
    },
    {
        "major": "Electrical and Electronic Engineering, BS",
        "key": "74/45/to/60/Major/afa68531-28f7-443a-8598-03b393e6bd69"
    },
    {
        "major": "English, BA",
        "key": "74/45/to/60/Major/854174e2-eb85-4638-930d-74ad8a1d1389"
    },
    {
        "major": "Environmental Studies, BA",
        "key": "74/45/to/60/Major/671b946d-0754-4154-8dfe-265d1e3f7f84"
    },
    {
        "major": "Environmental Studies, BS",
        "key": "74/45/to/60/Major/42b34740-667f-4433-06e1-08dbdfe94f52"
    },
    {
        "major": "Ethnic Studies, BA",
        "key": "74/45/to/60/Major/22b736c4-e0cd-4f64-b506-a854881bb62e"
    },
    {
        "major": "Ethnic Studies, BA - Asian American Studies",
        "key": "74/45/to/60/Major/29ed3832-fe44-4107-e6bf-08dbfaa88829"
    },
    {
        "major": "Ethnic Studies, BA - Chicanx/Latinx Studies",
        "key": "74/45/to/60/Major/7a2d8676-59ea-490a-e6c0-08dbfaa88829"
    },
    {
        "major": "Ethnic Studies, BA - Native-American Studies",
        "key": "74/45/to/60/Major/a99443e8-df09-4180-e6c1-08dbfaa88829"
    },
    {
        "major": "Ethnic Studies, BA - Pan African Studies",
        "key": "74/45/to/60/Major/1def1885-8cd0-400c-e6c2-08dbfaa88829"
    },
    {
        "major": "Ethnic Studies, BA - Teachers in Bilingual Education",
        "key": "74/45/to/60/Major/d5050c8f-ba55-4f82-e6c3-08dbfaa88829"
    },
    {
        "major": "Ethnic Studies, BA - Teachers in Urban Settings",
        "key": "74/45/to/60/Major/dd7d11ac-7f10-490b-e6c4-08dbfaa88829"
    },
    {
        "major": "Exercise Science, BS - Clinical Exercise & Rehabilitation Specialist",
        "key": "74/45/to/60/Major/aeeca1dc-d1cb-4477-8386-1c929df8db63"
    },
    {
        "major": "Exercise Science, BS - Health Fitness/Strength Conditioning Specialist",
        "key": "74/45/to/60/Major/55b1a954-e68c-44dd-06e2-08dbdfe94f52"
    },
    {
        "major": "Family & Consumer Sciences, BS - Single Subject Matter Program",
        "key": "74/45/to/60/Major/5b30f250-aea5-448c-862e-b80da3d0d870"
    },
    {
        "major": "Family Studies and Human Development, BS",
        "key": "74/45/to/60/Major/f1775a77-6017-43ef-b50e-6a7c2fcef05a"
    },
    {
        "major": "Fashion Merchandising and Management, BS",
        "key": "74/45/to/60/Major/0ed0c7fb-b45e-4889-a9a1-e99fde0c0ef5"
    },
    {
        "major": "Film, BA - Digital Film/Video Production",
        "key": "74/45/to/60/Major/105f4a69-0117-4baf-91c8-3d87b6c4641d"
    },
    {
        "major": "Film, BA - Film Studies",
        "key": "74/45/to/60/Major/76478d38-ffe5-468d-4f83-08dbef978b9c"
    },
    {
        "major": "French, BA",
        "key": "74/45/to/60/Major/09401266-3316-47f0-e6be-08dbfaa88829"
    },
    {
        "major": "Geography, BA - Geographic Information Science",
        "key": "74/45/to/60/Major/24938a6a-15e7-4250-80f5-825aae72661e"
    },
    {
        "major": "Geography, BS - Human Geography",
        "key": "74/45/to/60/Major/b5c90cc5-06cd-48cd-4f84-08dbef978b9c"
    },
    {
        "major": "Geography, BS - Metropolitan Area Planning",
        "key": "74/45/to/60/Major/dcf31b96-6466-460f-4f86-08dbef978b9c"
    },
    {
        "major": "Geography, BS - Physical Geography",
        "key": "74/45/to/60/Major/d8ab3484-e1e7-4491-4f85-08dbef978b9c"
    },
    {
        "major": "Geology, BA",
        "key": "74/45/to/60/Major/84cf2dec-5bda-4961-b98c-05431df60be8"
    },
    {
        "major": "Geology, BS",
        "key": "74/45/to/60/Major/2d0253a3-695c-4c89-8541-8a2e279fd678"
    },
    {
        "major": "Geology, BS - Hydrogeology",
        "key": "74/45/to/60/Major/713eadfa-6a12-45e3-a1b0-bd868369303f"
    },
    {
        "major": "Graphic Design, BFA",
        "key": "74/45/to/60/Major/c07a0e68-1b67-43c1-9a6d-4b534690922b"
    },
    {
        "major": "Health Science, BS",
        "key": "74/45/to/60/Major/3905083c-3f49-4848-afbd-d2c7c9ebfe88"
    },
    {
        "major": "History, BA",
        "key": "74/45/to/60/Major/b9e47322-2d26-4cb2-965b-93b865519e56"
    },
    {
        "major": "Hospitality and Tourism Management, BS",
        "key": "74/45/to/60/Major/9f8ca3b5-d94e-483d-bc1b-3b878f4af6b3"
    },
    {
        "major": "Humanities, BA",
        "key": "74/45/to/60/Major/63e5fb44-a155-483d-9bc6-a08fac952fa9"
    },
    {
        "major": "Humanities, BA - Religious Studies",
        "key": "74/45/to/60/Major/67964e06-109f-4f84-a2ef-e2ba45a0b466"
    },
    {
        "major": "Interior Architecture, BFA",
        "key": "74/45/to/60/Major/fef66b3f-c3e3-4977-b528-d69bcd5349fc"
    },
    {
        "major": "International Relations, BA",
        "key": "74/45/to/60/Major/eceded8d-9f6e-40df-b30c-6fdcbdb384a5"
    },
    {
        "major": "Journalism, BA",
        "key": "74/45/to/60/Major/580178cc-c903-468d-b792-457caa2cdda2"
    },
    {
        "major": "Kinesiology, BS - Athletic Administration",
        "key": "74/45/to/60/Major/4e69adfb-dfa0-4a4b-a51a-2c60caf4f16f"
    },
    {
        "major": "Kinesiology, BS - Athletic Care",
        "key": "74/45/to/60/Major/c3a7453b-8732-4144-ae19-439b41ccc995"
    },
    {
        "major": "Kinesiology, BS - Athletic Coaching Education",
        "key": "74/45/to/60/Major/63b1d0b8-02fb-4f5c-b952-76b543bc1af5"
    },
    {
        "major": "Kinesiology, BS - Physical Activity and Wellness",
        "key": "74/45/to/60/Major/9785992a-4cbb-463d-ad6b-a88ff3c5cd11"
    },
    {
        "major": "Kinesiology, BS - Physical Education Teacher Education",
        "key": "74/45/to/60/Major/4b7c08ff-b040-4cbf-a3e4-4e81ed966509"
    },
    {
        "major": "Liberal Studies, BA",
        "key": "74/45/to/60/Major/b659be16-27c7-4aaf-a1aa-a45d3eeda08c"
    },
    {
        "major": "Mathematics, BA",
        "key": "74/45/to/60/Major/c233e48a-87d1-40c9-be00-989c674b9339"
    },
    {
        "major": "Mechanical Engineering, BS",
        "key": "74/45/to/60/Major/51f77e3b-afec-4843-9afe-0836ffa2c259"
    },
    {
        "major": "Music, BA",
        "key": "74/45/to/60/Major/7ed853e3-e893-43c9-a7bc-285ad32c2b3f"
    },
    {
        "major": "Music, BM - Instrumental",
        "key": "74/45/to/60/Major/19a7f44c-057c-4bbe-a72d-353b96827422"
    },
    {
        "major": "Music, BM - Jazz Studies",
        "key": "74/45/to/60/Major/830aba0f-1416-44c7-e6b9-08dbfaa88829"
    },
    {
        "major": "Music, BM - Keyboard",
        "key": "74/45/to/60/Major/cf76a6c5-0add-4ff8-e6ba-08dbfaa88829"
    },
    {
        "major": "Music, BM - Music Education",
        "key": "74/45/to/60/Major/4e9c4535-b841-462c-e6bb-08dbfaa88829"
    },
    {
        "major": "Music, BM - Theory/Composition",
        "key": "74/45/to/60/Major/337cc1d1-c302-4839-e6bc-08dbfaa88829"
    },
    {
        "major": "Music, BM - Voice",
        "key": "74/45/to/60/Major/87a417cd-5aa1-4b63-e6bd-08dbfaa88829"
    },
    {
        "major": "Nursing, BSN",
        "key": "74/45/to/60/Major/f18bd912-952b-4675-9955-323cc29d279e"
    },
    {
        "major": "Nutrition and Food, BS",
        "key": "74/45/to/60/Major/f5b339c1-b2f2-4d19-8f0b-670554a3681b"
    },
    {
        "major": "Nutrition and Food, BS - Dietetics",
        "key": "74/45/to/60/Major/d104240b-783c-4c3d-8400-3052ea4e1bcc"
    },
    {
        "major": "Philosophy, BA",
        "key": "74/45/to/60/Major/76486657-5260-4a47-9ed8-4eb6d256afe2"
    },
    {
        "major": "Philosophy, BA - Ethics, Politics, and Law",
        "key": "74/45/to/60/Major/ed45881b-d239-4a84-0894-08dbfdcea4ee"
    },
    {
        "major": "Philosophy, BA - Science, Reason, and Values",
        "key": "74/45/to/60/Major/e1ebaeed-3a60-4790-0893-08dbfdcea4ee"
    },
    {
        "major": "Photography, BFA",
        "key": "74/45/to/60/Major/cb226dca-fcc6-471c-9ae8-5909004d2ced"
    },
    {
        "major": "Physics, BA",
        "key": "74/45/to/60/Major/2ed67725-7e93-4601-b1b2-fb475c4761ad"
    },
    {
        "major": "Physics, BA - Teacher Preparation",
        "key": "74/45/to/60/Major/a10eba5f-fb85-43b6-b773-657754e78189"
    },
    {
        "major": "Physics, BS",
        "key": "74/45/to/60/Major/491c45f9-5551-469c-a776-f2b190398afc"
    },
    {
        "major": "Physics, BS - Applied Physics",
        "key": "74/45/to/60/Major/572a3611-34e5-4857-ae0f-1d67dbd439e2"
    },
    {
        "major": "Political Science and Journalism, BA",
        "key": "74/45/to/60/Major/4f9e9e39-0212-4acd-b9b6-767bbb21536f"
    },
    {
        "major": "Political Science, BA",
        "key": "74/45/to/60/Major/da6fe7c3-930f-4955-aa8f-fd58a6a246d7"
    },
    {
        "major": "Psychology, BA",
        "key": "74/45/to/60/Major/ac0af03c-0402-4e07-953c-18753cc4102c"
    },
    {
        "major": "Public Health, BS - Community Health Education",
        "key": "74/45/to/60/Major/cc7b190f-a238-4ba5-b4ce-df931ffc553b"
    },
    {
        "major": "Public Health, BS - Health Care Administration",
        "key": "74/45/to/60/Major/b2773cdd-7810-481e-8316-fb751d5a74b6"
    },
    {
        "major": "Public Health, BS - Occupational Health and Safety",
        "key": "74/45/to/60/Major/c52701fe-c488-4b93-a74c-a0d9d6a88a63"
    },
    {
        "major": "Public Relations, BA",
        "key": "74/45/to/60/Major/95997e1e-dab9-4c4d-8f9f-3476e8b037c2"
    },
    {
        "major": "Recreation Administration, BS",
        "key": "74/45/to/60/Major/bf78893d-2fc1-46c6-9338-2e9754dfb7a1"
    },
    {
        "major": "Recreation Therapy, BS",
        "key": "74/45/to/60/Major/4fa90b46-683a-43e5-bb2f-d240bb9949aa"
    },
    {
        "major": "Social Science, BA",
        "key": "74/45/to/60/Major/38666fca-f00a-490f-94b8-8454b671b9eb"
    },
    {
        "major": "Social Work, BA",
        "key": "74/45/to/60/Major/5556dfc6-be12-4ec3-8830-5e5e91266eea"
    },
    {
        "major": "Sociology, BA",
        "key": "74/45/to/60/Major/7dfbc6df-8ac8-4528-abbd-9081432cd898"
    },
    {
        "major": "Spanish, BA",
        "key": "74/45/to/60/Major/769fc99d-fc44-4f15-0898-08dbfdcea4ee"
    },
    {
        "major": "Theatre, BA",
        "key": "74/45/to/60/Major/6da761b3-ddc3-46d9-8f16-7c19cca00a29"
    },
    {
        "major": "Women's and Gender Studies, BA",
        "key": "74/45/to/60/Major/233a78b4-e496-4521-8680-b21e707b3618"
    },
    {
        "major": "World Languages & Literatures",
        "key": "74/45/to/60/Major/79a48a5d-1977-4cfc-84b7-5be68cd51a64"
    }
]