[
    {
        "major": "American Indian Studies",
        "key": 26894960
    },
    {
        "major": "Anthropology",
        "key": 26894959
    },
    {
        "major": "Applied Physics - Applied Electronics Option",
        "key": 26894961
    },
    {
        "major": "Applied Physics - General Option",
        "key": 26894962
    },
    {
        "major": "Art, Media, and Design, Art and Visual Culture Option",
        "key": 26894964
    },
    {
        "major": "Art, Media, and Design, Digital and Media Arts Option",
        "key": 26894963
    },
    {
        "major": "Biochemistry",
        "key": 26894966
    },
    {
        "major": "Biological Sciences",
        "key": 26894965
    },
    {
        "major": "Biotechnology",
        "key": 26894968
    },
    {
        "major": "Business Administration - All Options",
        "key": 26894967
    },
    {
        "major": "Chemistry, Chemistry Education Option",
        "key": 26894969
    },
    {
        "major": "Chemistry, General Chemistry Option",
        "key": 26894970
    },
    {
        "major": "Child and Adolescent Development, B.A.",
        "key": 26894971
    },
    {
        "major": "Communication",
        "key": 26894972
    },
    {
        "major": "Computer Science - CIS Option",
        "key": 26894973
    },
    {
        "major": "Computer Science - CS Option",
        "key": 26894978
    },
    {
        "major": "Criminology and Justice Studies",
        "key": 26894974
    },
    {
        "major": "Economics",
        "key": 26894975
    },
    {
        "major": "Electrical Engineering",
        "key": 26894976
    },
    {
        "major": "Environmental Studies",
        "key": 26894979
    },
    {
        "major": "Ethnic Studies",
        "key": 26894977
    },
    {
        "major": "Geography",
        "key": 26894981
    },
    {
        "major": "Global Studies",
        "key": 26894980
    },
    {
        "major": "History",
        "key": 26894982
    },
    {
        "major": "History Single-Subject Preparation for Teaching Option",
        "key": 26894984
    },
    {
        "major": "Human Development, All Options",
        "key": 26894983
    },
    {
        "major": "Kinesiology - Health Science Option",
        "key": 26894986
    },
    {
        "major": "Kinesiology - Movement Science Option",
        "key": 26894985
    },
    {
        "major": "Liberal Studies, Integrated Teacher Education Program Option (ITEP)",
        "key": 26894988
    },
    {
        "major": "Liberal Studies, Teaching - Elementary Subject Matter Preparation",
        "key": 26894990
    },
    {
        "major": "Linguistics",
        "key": 26894987
    },
    {
        "major": "Literature and Writing Studies",
        "key": 26894989
    },
    {
        "major": "Mathematics",
        "key": 26894991
    },
    {
        "major": "Media Studies",
        "key": 26894992
    },
    {
        "major": "Music ",
        "key": 26894994
    },
    {
        "major": "Nursing, All Options",
        "key": 26894996
    },
    {
        "major": "Political Science",
        "key": 26894993
    },
    {
        "major": "Psychological Science",
        "key": 26894995
    },
    {
        "major": "Social Sciences",
        "key": 26895004
    },
    {
        "major": "Sociology, Aging and the Life Course Concentration",
        "key": 26894997
    },
    {
        "major": "Sociology, Children, Youth, and Families Concentration",
        "key": 26894998
    },
    {
        "major": "Sociology, Critical Race Studies Concentration",
        "key": 26894999
    },
    {
        "major": "Sociology, Health, Education, and Welfare Concentration",
        "key": 26895000
    },
    {
        "major": "Sociology, Standard Concentration",
        "key": 26895001
    },
    {
        "major": "Spanish",
        "key": 26895003
    },
    {
        "major": "Theatre",
        "key": 26895002
    },
    {
        "major": "Women's, Gender, and Sexuality Studies",
        "key": 26895005
    }
]