[
    {
        "major": "Anthropology B.A.",
        "key": 26829147
    },
    {
        "major": "Art B.A. - Art Education Concentration",
        "key": 26829155
    },
    {
        "major": "Art B.A. - Art History & Museum Studies Concentration",
        "key": 26829181
    },
    {
        "major": "Art B.A. - Art Studio Concentration",
        "key": 26829171
    },
    {
        "major": "Art B.F.A. - Fine Arts ",
        "key": 26828396
    },
    {
        "major": "Biology B.S. - Cellular/Molecular Biology Concentration",
        "key": 26829173
    },
    {
        "major": "Biology B.S. - Ecology Concentration",
        "key": 26828615
    },
    {
        "major": "Biology B.S. - General Biology Concentration",
        "key": 26829175
    },
    {
        "major": "Biology B.S. - Marine Biology Concentration",
        "key": 26829176
    },
    {
        "major": "Biology B.S. - Microbiology Concentration",
        "key": 26829178
    },
    {
        "major": "Biology B.S. - Science Education Concentration",
        "key": 26829179
    },
    {
        "major": "Botany B.S.",
        "key": 26829172
    },
    {
        "major": "Business Administration B.S. - Accounting Concentration",
        "key": 26829165
    },
    {
        "major": "Business Administration B.S. - Economics Concentration",
        "key": 26829167
    },
    {
        "major": "Business Administration B.S. - Finance Concentration",
        "key": 26829425
    },
    {
        "major": "Business Administration B.S. - Marketing Concentration",
        "key": 26829428
    },
    {
        "major": "Business Administration B.S. - New Venture Management Concentration",
        "key": 26829458
    },
    {
        "major": "Chemistry B.A.",
        "key": 26829445
    },
    {
        "major": "Chemistry B.S.",
        "key": 26829449
    },
    {
        "major": "Chemistry B.S. - Biochemistry Concentration",
        "key": 26829451
    },
    {
        "major": "Child Development & Family Relations B.A. - Child & Family Services Concentration",
        "key": 26829465
    },
    {
        "major": "Child Development & Family Relations B.A. - Specialized Studies Concentration",
        "key": 26829462
    },
    {
        "major": "Child Development & Family Relations B.A. - Teaching Concentration",
        "key": 26829464
    },
    {
        "major": "Communication B.A.",
        "key": 26828240
    },
    {
        "major": "Computer Science B.S.",
        "key": 26828239
    },
    {
        "major": "Criminology and Justice Studies B.A.",
        "key": 26828241
    },
    {
        "major": "Critical Race, Gender & Sexuality Studies B.A.",
        "key": 26828243
    },
    {
        "major": "Dance Studies [Interdisciplinary Studies B.A - Dance Studies Concentration]",
        "key": 26829471
    },
    {
        "major": "Economics B.A.",
        "key": 26829466
    },
    {
        "major": "English B.A.",
        "key": 26829483
    },
    {
        "major": "English B.A. - English Education Concentration",
        "key": 26829480
    },
    {
        "major": "Environmental Resource Engineering B.S.",
        "key": 26828242
    },
    {
        "major": "Environmental Science & Management - Ecological Restoration",
        "key": 26828397
    },
    {
        "major": "Environmental Science & Management - Energy & Climate",
        "key": 26828398
    },
    {
        "major": "Environmental Science & Management - Environmental Education & Interpretation",
        "key": 26829456
    },
    {
        "major": "Environmental Science & Management - Environmental Planning & Policy",
        "key": 26829457
    },
    {
        "major": "Environmental Science & Management - Geospatial Science",
        "key": 26829459
    },
    {
        "major": "Environmental Studies B.A.",
        "key": 26828245
    },
    {
        "major": "Film B.A.",
        "key": 26828247
    },
    {
        "major": "Fisheries Biology B.S. - Aquaculture Concentration",
        "key": 26829463
    },
    {
        "major": "Fisheries Biology B.S. - Freshwater Fisheries Concentration",
        "key": 26828244
    },
    {
        "major": "Fisheries Biology B.S. - Marine Fisheries Concentration",
        "key": 26828248
    },
    {
        "major": "Forestry B.S. - Forest Hydrology Concentration",
        "key": 26828246
    },
    {
        "major": "Forestry B.S. - Forest Operations Concentration",
        "key": 26829527
    },
    {
        "major": "Forestry B.S. - Forest Restoration Concentration",
        "key": 26829460
    },
    {
        "major": "Forestry B.S. - Forest Soils Concentration",
        "key": 26828252
    },
    {
        "major": "Forestry B.S. - Tribal Forestry Concentration",
        "key": 26829461
    },
    {
        "major": "Forestry B.S. - Wildland Fire Management Concentration",
        "key": 26828250
    },
    {
        "major": "French & Francophone Studies B.A.",
        "key": 26828249
    },
    {
        "major": "Geography B.A.",
        "key": 26828251
    },
    {
        "major": "Geology B.A. - Geosciences Concentration",
        "key": 26828254
    },
    {
        "major": "Geology B.S.",
        "key": 26828256
    },
    {
        "major": "History B.A.",
        "key": 26828253
    },
    {
        "major": "History B.A. - History Education Concentration",
        "key": 26828255
    },
    {
        "major": "International Studies B.A. - Chinese Studies Concentration",
        "key": 26828257
    },
    {
        "major": "International Studies B.A. - Development Studies Concentration",
        "key": 26829473
    },
    {
        "major": "International Studies B.A. - European Studies Concentration",
        "key": 26828258
    },
    {
        "major": "International Studies B.A. - Global Cultural Studies Concentration",
        "key": 26828261
    },
    {
        "major": "International Studies B.A. - Latin American Studies Concentration",
        "key": 26828264
    },
    {
        "major": "Journalism B.A. - News Concentration",
        "key": 26828263
    },
    {
        "major": "Journalism B.A. - Public Relations Concentration",
        "key": 26828259
    },
    {
        "major": "Kinesiology B.S. - Exercise Science Concentration",
        "key": 26829474
    },
    {
        "major": "Kinesiology B.S. - Health Promotion Concentration",
        "key": 26829476
    },
    {
        "major": "Kinesiology B.S. - Physical Education Teaching Concentration",
        "key": 26828260
    },
    {
        "major": "Kinesiology B.S. - Pre-Health Professions Concentration",
        "key": 26829477
    },
    {
        "major": "Leadership Studies [Interdisciplinary Studies B.A. - Leadership Studies Concentration]",
        "key": 26829475
    },
    {
        "major": "Liberal Studies B.A. - Child Development/Elementary Education Concentration",
        "key": 26829478
    },
    {
        "major": "Liberal Studies B.A. - Elementary Education Concentration",
        "key": 26828265
    },
    {
        "major": "Mathematics B.A.",
        "key": 26828262
    },
    {
        "major": "Music B.A. - Composition Concentration",
        "key": 26828279
    },
    {
        "major": "Music B.A. - Music Education Concentration",
        "key": 26828283
    },
    {
        "major": "Music B.A. - Music Studies Concentration",
        "key": 26828399
    },
    {
        "major": "Music B.A. - Performance Concentration",
        "key": 26828401
    },
    {
        "major": "Native American Studies B.A.",
        "key": 26828400
    },
    {
        "major": "Nursing B.S.N. (RN-BSN)",
        "key": 26829479
    },
    {
        "major": "Oceanography B.S.",
        "key": 26828402
    },
    {
        "major": "Philosophy B.A.",
        "key": 26828389
    },
    {
        "major": "Physical Science B.A.",
        "key": 26829467
    },
    {
        "major": "Physics B.S.",
        "key": 26828390
    },
    {
        "major": "Physics B.S. - Astronomy Concentration",
        "key": 26828391
    },
    {
        "major": "Political Science B.A. - Global Politics Concentration",
        "key": 26829472
    },
    {
        "major": "Political Science B.A. - Law & Policy Concentration",
        "key": 26829468
    },
    {
        "major": "Political Science B.A. - Politics of Environment & Sustainability Concentration",
        "key": 26829469
    },
    {
        "major": "Political Science B.A. - Traditional Concentration",
        "key": 26829470
    },
    {
        "major": "Psychology B.A.",
        "key": 26829450
    },
    {
        "major": "Rangeland Resource Science B.S.",
        "key": 26829452
    },
    {
        "major": "Rangeland Resource Science B.S. - Wildland Soil Science Concentration",
        "key": 26829453
    },
    {
        "major": "Recreation Administration B.A.",
        "key": 26829454
    },
    {
        "major": "Religious Studies B.A.",
        "key": 26829455
    },
    {
        "major": "Social Work B.A.",
        "key": 26829220
    },
    {
        "major": "Sociology B.A.",
        "key": 26829219
    },
    {
        "major": "Spanish B.A.",
        "key": 26829224
    },
    {
        "major": "Theatre Arts B.A.",
        "key": 26829228
    },
    {
        "major": "Wildlife B.S. - Conservation Biology/Applied Vertebrate Ecology Concentration",
        "key": 26828441
    },
    {
        "major": "Wildlife B.S. - Wildlife Management & Conservation Concentration",
        "key": 26828442
    },
    {
        "major": "Zoology B.S.",
        "key": 26828443
    }
]