[
    {
        "major": "Aerospace Engineering",
        "key": 26938097
    },
    {
        "major": "Africana Studies",
        "key": 26938115
    },
    {
        "major": "American Indian Studies",
        "key": 26938214
    },
    {
        "major": "Anthropology",
        "key": 26938206
    },
    {
        "major": "Art - Emphasis in Applied Design",
        "key": 26939271
    },
    {
        "major": "Art - Emphasis in Art History",
        "key": 26939262
    },
    {
        "major": "Art - Emphasis in Interior Architecture",
        "key": 26939280
    },
    {
        "major": "Art - Emphasis in Painting and Printmaking",
        "key": 26939288
    },
    {
        "major": "Art - Emphasis in Sculpture",
        "key": 26939297
    },
    {
        "major": "Art - Emphasis in Studio Arts",
        "key": 26939307
    },
    {
        "major": "Art -- Emphasis in Graphic Design",
        "key": 26936175
    },
    {
        "major": "Asian Studies",
        "key": 26939343
    },
    {
        "major": "Astronomy",
        "key": 26939352
    },
    {
        "major": "Biology",
        "key": 26936183
    },
    {
        "major": "Business Administration - Emphasis in Accounting",
        "key": 26915256
    },
    {
        "major": "Business Administration - Emphasis in Finance",
        "key": 26915246
    },
    {
        "major": "Business Administration - Emphasis in Financial Services",
        "key": 26939325
    },
    {
        "major": "Business Administration - Emphasis in General Business",
        "key": 26915220
    },
    {
        "major": "Business Administration - Emphasis in Management",
        "key": 26915237
    },
    {
        "major": "Business Administration - Emphasis in Marketing",
        "key": 26915229
    },
    {
        "major": "Chemical Physics",
        "key": 26939828
    },
    {
        "major": "Chicana and Chicano Studies",
        "key": 26939937
    },
    {
        "major": "Child Development",
        "key": 26936193
    },
    {
        "major": "Civil Engineering",
        "key": 26939316
    },
    {
        "major": "Classics - Emphasis in Classical Humanities or in Classical Language",
        "key": 26939838
    },
    {
        "major": "Communication",
        "key": 26915282
    },
    {
        "major": "Comparative International Studies",
        "key": 26939847
    },
    {
        "major": "Comparative Literature",
        "key": 26939856
    },
    {
        "major": "Computer Engineering",
        "key": 26939865
    },
    {
        "major": "Computer Science",
        "key": 26915353
    },
    {
        "major": "Construction Engineering",
        "key": 26939874
    },
    {
        "major": "Construction Management, B.S.",
        "key": 26940929
    },
    {
        "major": "Criminal Justice",
        "key": 26915272
    },
    {
        "major": "Dance, B.A.",
        "key": 26939882
    },
    {
        "major": "Economics",
        "key": 26915344
    },
    {
        "major": "English -- Single Subject Teaching",
        "key": 26936219
    },
    {
        "major": "English, B.A. Liberal Arts",
        "key": 26936210
    },
    {
        "major": "English, B.A. in Applied Arts and Sciences (Open only to AA-T/TMC)",
        "key": 26936202
    },
    {
        "major": "Environmental Engineering",
        "key": 26939895
    },
    {
        "major": "Geography - General Geography",
        "key": 26939333
    },
    {
        "major": "Health Communication",
        "key": 26938195
    },
    {
        "major": "History",
        "key": 26938088
    },
    {
        "major": "International Business - Emphasis in Arabic & Middle East/North Africa",
        "key": 26938222
    },
    {
        "major": "Islamic and Arabic Studies",
        "key": 26939945
    },
    {
        "major": "Journalism",
        "key": 26938186
    },
    {
        "major": "Kinesiology - Emphasis in Fitness Specialist",
        "key": 26915290
    },
    {
        "major": "Kinesiology-Emphasis in Prephysical Therapy",
        "key": 26915300
    },
    {
        "major": "Lesbian, Gay, Bisexual, Transgender, Queer, and Plus (LGBTQ+) Studies",
        "key": 26939929
    },
    {
        "major": "Liberal Studies - Emphasis in Elementary Education",
        "key": 26944508
    },
    {
        "major": "Liberal Studies - Emphasis in Mathematics",
        "key": 26944500
    },
    {
        "major": "Liberal Studies - Emphasis in Science",
        "key": 26944518
    },
    {
        "major": "Mechanical Engineering",
        "key": 26915318
    },
    {
        "major": "Microbiology",
        "key": 26939920
    },
    {
        "major": "Philosophy",
        "key": 26938169
    },
    {
        "major": "Physics - B.A.",
        "key": 26939908
    },
    {
        "major": "Political Science",
        "key": 26915326
    },
    {
        "major": "Psychology - B.A. Liberal",
        "key": 26915206
    },
    {
        "major": "Psychology, B.A. in Applied Arts and Sciences",
        "key": 27006194
    },
    {
        "major": "Public Administration",
        "key": 26938177
    },
    {
        "major": "Public Health",
        "key": 26915336
    },
    {
        "major": "Rhetoric and Writing Studies",
        "key": 26939898
    },
    {
        "major": "Social Work",
        "key": 26938105
    },
    {
        "major": "Sociology",
        "key": 26915308
    },
    {
        "major": "Spanish",
        "key": 26938159
    },
    {
        "major": "Speech, Language, and Hearing Sciences",
        "key": 26938150
    },
    {
        "major": "Statistics",
        "key": 26938141
    },
    {
        "major": "Sustainability",
        "key": 26938071
    },
    {
        "major": "Urban Studies",
        "key": 26938133
    },
    {
        "major": "Women's Studies",
        "key": 26938123
    }
]