[
    {
        "major": "Aerospace Engineering, Lower Division B.S.",
        "key": "74/45/to/79/Major/e290ed77-a036-4a8f-b631-ad586b26f603"
    },
    {
        "major": "African American Studies, Lower Division B.A.",
        "key": "74/45/to/79/Major/b318e9a4-b4d7-474c-8158-6e69b071ad4b"
    },
    {
        "major": "American Studies, Lower Division B.A.",
        "key": "74/45/to/79/Major/8f646db6-fe9f-40e8-b52e-c0cef263df3c"
    },
    {
        "major": "Ancient Greek and Roman Civilizations, Lower Division B.A.",
        "key": "74/45/to/79/Major/7338a13c-04b4-4bee-9667-759dcf389767"
    },
    {
        "major": "Anthropology, Lower Division B.A.",
        "key": "74/45/to/79/Major/36c5d045-faa2-4097-81e3-e97841d43e2e"
    },
    {
        "major": "Architecture, Lower Division B.A.",
        "key": "74/45/to/79/Major/7a2addda-f560-4310-9b2b-3c930b604212"
    },
    {
        "major": "Art (Practice of), Lower Division B.A.",
        "key": "74/45/to/79/Major/b7dc9359-3730-4801-a4e9-51cfc5b44671"
    },
    {
        "major": "Asian American and Asian Diaspora Studies, Lower Division B.A.",
        "key": "74/45/to/79/Major/a2c47441-e9f5-4883-be11-00d6cb0112de"
    },
    {
        "major": "Astrophysics, Lower Division B.A.",
        "key": "74/45/to/79/Major/18d1e302-09c3-4841-b929-0975c99a77de"
    },
    {
        "major": "Atmospheric Science, Lower Division B.A.",
        "key": "74/45/to/79/Major/6de9caf6-40df-4bba-ad53-5b6ff92d047f"
    },
    {
        "major": "Bioengineering, Lower Division B.S.",
        "key": "74/45/to/79/Major/e6a0145c-a626-4745-a9c7-c1fa80ca6fd0"
    },
    {
        "major": "Business Administration, Lower Division B.S.",
        "key": "74/45/to/79/Major/27baaa7b-ef32-4191-a7bb-e6e346d8d0f4"
    },
    {
        "major": "Celtic Studies, Lower Division B.A.",
        "key": "74/45/to/79/Major/8ed0b3ac-e34c-4593-8b33-247958a6196c"
    },
    {
        "major": "Chemical Biology, Lower Division B.S.",
        "key": "74/45/to/79/Major/0256fa62-9521-47af-a724-5b11bc3f57e8"
    },
    {
        "major": "Chemical Engineering, Lower Division B.S.",
        "key": "74/45/to/79/Major/78eb2e42-fa25-4755-b45d-58c1ffd21705"
    },
    {
        "major": "Chemistry, Lower Division B.A. and B.S.",
        "key": "74/45/to/79/Major/8fd831b8-05e8-4ec0-95bb-c80023b46ac3"
    },
    {
        "major": "Chicana/o and Latina/o Studies, Lower Division B.A.",
        "key": "74/45/to/79/Major/22950f33-2f0c-4245-b9cf-c8463f43bdb4"
    },
    {
        "major": "Chinese (East Asian Languages), Lower Division B.A.",
        "key": "74/45/to/79/Major/5c573576-8e8a-4eef-ba98-482a47e01fc9"
    },
    {
        "major": "Civil Engineering, Lower Division B.S.",
        "key": "74/45/to/79/Major/69bfd1b8-02e4-4b0f-afc3-445fda6bb756"
    },
    {
        "major": "Cognitive Science, Lower Division B.A.",
        "key": "74/45/to/79/Major/96401c15-a020-491d-8fda-188e03dbd926"
    },
    {
        "major": "Comparative Literature, Lower Division B.A.",
        "key": "74/45/to/79/Major/c22263a8-fa9e-464b-9d34-eb86de24838f"
    },
    {
        "major": "Computer Science, Lower Division B.A.",
        "key": "74/45/to/79/Major/5f4dcf0f-2f74-466d-a7a8-c3e58311929e"
    },
    {
        "major": "Conservation and Resource Studies, Lower Division B.S.",
        "key": "74/45/to/79/Major/127d7b1f-6c7b-4dbd-a247-996e0dbee0a2"
    },
    {
        "major": "Dance and Performance Studies, Lower Division B.A.",
        "key": "74/45/to/79/Major/d60880be-4dd0-4b35-9d72-f0354e33058d"
    },
    {
        "major": "Data Science, Lower Division B.A.",
        "key": "74/45/to/79/Major/179659bd-0d11-42d8-baa1-2fc1a0d6aae0"
    },
    {
        "major": "Dutch Studies, Lower Division B.A.",
        "key": "74/45/to/79/Major/93979705-4eb5-4973-b7c1-ac2321af6564"
    },
    {
        "major": "East Asian Religion, Thought, and Culture, Lower Division B.A.",
        "key": "74/45/to/79/Major/e1c151a0-f77e-4a36-9962-581a79ba741b"
    },
    {
        "major": "Economics, Lower Division B.A.",
        "key": "74/45/to/79/Major/630cc050-f7d2-4946-9c5a-d9ce400b1c9f"
    },
    {
        "major": "Ecosystem Management & Forestry, Lower Division B.S.",
        "key": "74/45/to/79/Major/0a850f45-d88a-4d1b-9a8c-02c9ec2fc911"
    },
    {
        "major": "Educational Sciences, B.S.",
        "key": "74/45/to/79/Major/0daeb555-b138-4bda-36e7-08dba98d34db"
    },
    {
        "major": "Electrical Engineering & Computer Sciences, Lower Division B.S.",
        "key": "74/45/to/79/Major/9df99d8d-2540-4677-891f-a559d4801840"
    },
    {
        "major": "Energy Engineering, Lower Division B.S.",
        "key": "74/45/to/79/Major/272f7abb-a48a-405e-a2c6-5132eb3f417e"
    },
    {
        "major": "Engineering Mathematics and Statistics, Lower Division B.S.",
        "key": "74/45/to/79/Major/2d6f9d92-9d9f-474f-8811-7617ea476b4d"
    },
    {
        "major": "Engineering Physics, Lower Division B.S.",
        "key": "74/45/to/79/Major/0015e42e-bb2e-4ec3-97a1-4b7af882c326"
    },
    {
        "major": "English, Lower Division B.A.",
        "key": "74/45/to/79/Major/e28e0f5a-5260-4544-b209-0d22598936fc"
    },
    {
        "major": "Environmental Earth Science, Lower Division B.A.",
        "key": "74/45/to/79/Major/a1dc0412-3de2-4b4f-8217-35e21593c302"
    },
    {
        "major": "Environmental Economics and Policy, Lower Division B.S.",
        "key": "74/45/to/79/Major/e4fa06a4-f563-4207-a1c6-c0aae49357c5"
    },
    {
        "major": "Environmental Engineering Science, Lower Division B.S.",
        "key": "74/45/to/79/Major/152b6054-1ffb-4279-91b1-efe7d9afaea4"
    },
    {
        "major": "Environmental Sciences, Lower Division B.S.",
        "key": "74/45/to/79/Major/938ab360-aba3-42fb-88f0-2bfd47f8750d"
    },
    {
        "major": "Ethnic Studies, Lower Division B.A.",
        "key": "74/45/to/79/Major/67d2b464-a248-4e71-a2b2-9e28b2fdd871"
    },
    {
        "major": "Film & Media, Lower Division B.A.",
        "key": "74/45/to/79/Major/eadb994c-023f-4d7b-a261-de7ef4ee253f"
    },
    {
        "major": "French, Lower Division B.A.",
        "key": "74/45/to/79/Major/3db020b2-ff42-4eef-9dfa-189654d0a8d1"
    },
    {
        "major": "Gender and Women's Studies, Lower Division B.A.",
        "key": "74/45/to/79/Major/9a68a3b3-b55c-4d5b-83ac-9620ffe37493"
    },
    {
        "major": "Genetics and Plant Biology, Lower Division B.S.",
        "key": "74/45/to/79/Major/96024e65-9ab0-48a9-a9a5-5d25d5e8357a"
    },
    {
        "major": "Geography, Lower Division B.A.",
        "key": "74/45/to/79/Major/20e30cd3-79a3-47c3-a94f-3f2e3967c268"
    },
    {
        "major": "Geology, Lower Division B.A.",
        "key": "74/45/to/79/Major/660a1bb6-c92e-4697-b8f3-f4d6cdc82ce1"
    },
    {
        "major": "Geophysics, Lower Division B.A.",
        "key": "74/45/to/79/Major/bda12d83-bcbf-4997-9b12-daec1a846a9b"
    },
    {
        "major": "German, Lower Division B.A.",
        "key": "74/45/to/79/Major/65ef521a-4dab-4fa0-b41f-58aa1dac450e"
    },
    {
        "major": "Global Studies, Lower Division B.A.",
        "key": "74/45/to/79/Major/5cab62d2-2f4e-40af-b7ce-f96bfecb7cb0"
    },
    {
        "major": "Greek and Latin, Lower Division B.A.",
        "key": "74/45/to/79/Major/cc660ca9-fe05-4948-8a55-a6c49f42dcb2"
    },
    {
        "major": "Greek, Lower Division B.A.",
        "key": "74/45/to/79/Major/3f8a1cb4-8820-447f-a90f-b53d72e21334"
    },
    {
        "major": "History of Art, Lower Division B.A.",
        "key": "74/45/to/79/Major/b0894459-3976-4014-9bd1-116c77a2c332"
    },
    {
        "major": "History, Lower Division B.A.",
        "key": "74/45/to/79/Major/395b8b5c-4f70-4cdf-b623-7ec7a77b581a"
    },
    {
        "major": "Industrial Engineering & Operations Research, Lower Division B.S.",
        "key": "74/45/to/79/Major/4e3d15c3-57bc-4b78-8918-80170ba58c46"
    },
    {
        "major": "Integrative Biology, Lower Division B.A.",
        "key": "74/45/to/79/Major/8240f3ad-d8f7-425b-8e0e-db8e5b13a803"
    },
    {
        "major": "Interdisciplinary Studies Field Major, Lower Division B.A.",
        "key": "74/45/to/79/Major/4c4bb363-5fb9-4e5d-bb89-007ec6f27bd3"
    },
    {
        "major": "Italian Studies, Lower Division B.A.",
        "key": "74/45/to/79/Major/8570ab8d-052f-496d-934e-ff92cbe0792c"
    },
    {
        "major": "Japanese (East Asian Languages), Lower Division B.A.",
        "key": "74/45/to/79/Major/116fcbd3-4356-4b65-85ee-259ca0e37224"
    },
    {
        "major": "Landscape Architecture, Lower Division B.A.",
        "key": "74/45/to/79/Major/30eda659-fed5-478d-905f-be5cb977a563"
    },
    {
        "major": "Latin, Lower Division B.A.",
        "key": "74/45/to/79/Major/94f428e9-7c62-4dd7-8e62-bd4d1222f25d"
    },
    {
        "major": "Legal Studies, Lower Division B.A.",
        "key": "74/45/to/79/Major/90f7a3c4-cc0a-47b9-8b3c-8a26c3f364b4"
    },
    {
        "major": "Linguistics, Lower Division B.A.",
        "key": "74/45/to/79/Major/f89da91b-3eb8-4e42-8806-189b7221407c"
    },
    {
        "major": "Marine Science, Lower Division B.A.",
        "key": "74/45/to/79/Major/cdfea1d3-4e88-400a-9dc3-95c7e205f9f7"
    },
    {
        "major": "Materials Science and Engineering, Lower Division B.S.",
        "key": "74/45/to/79/Major/b70338e2-dfc6-4ae4-8610-dba7a9d1a0d6"
    },
    {
        "major": "Mathematics/Applied Mathematics, Lower Division B.A.",
        "key": "74/45/to/79/Major/5abf42b2-86c7-4178-8ed6-8eb27649f8a1"
    },
    {
        "major": "Mechanical Engineering, Lower Division B.S.",
        "key": "74/45/to/79/Major/7d377f8a-287c-4aa7-875a-19747b30089b"
    },
    {
        "major": "Media Studies, Lower Division B.A.",
        "key": "74/45/to/79/Major/93b67e31-6a0e-4601-9ad2-4c45f70c8eec"
    },
    {
        "major": "Microbial Biology, Lower Division B.S.",
        "key": "74/45/to/79/Major/b8add796-b7d8-4588-8a27-a33191f2009a"
    },
    {
        "major": "Middle Eastern Languages and Cultures, Lower Division B.A. ",
        "key": "74/45/to/79/Major/04535c0b-23ac-4e80-9188-5c83cec0a6e0"
    },
    {
        "major": "Molecular Environmental Biology, Lower Division B.S.",
        "key": "74/45/to/79/Major/e54b2d7e-da9c-4462-be71-fdfe5e317527"
    },
    {
        "major": "Molecular and Cell Biology, Lower Division B.A.",
        "key": "74/45/to/79/Major/9413af78-b241-4c19-9741-89516ad16076"
    },
    {
        "major": "Music, Lower Division B.A.",
        "key": "74/45/to/79/Major/386d3016-c1a7-4601-a11c-3c95edccd3b4"
    },
    {
        "major": "Native American Studies, Lower Division B.A.",
        "key": "74/45/to/79/Major/95bd3c8e-0431-424e-be23-e9d07452c343"
    },
    {
        "major": "Nuclear Engineering, Lower Division B.S.",
        "key": "74/45/to/79/Major/74c357a7-22ef-4f74-b3b0-d69ef396ce4d"
    },
    {
        "major": "Nutritional Science, Lower Division B.S.",
        "key": "74/45/to/79/Major/6a7c3e3c-302a-4d26-be9e-9430410deda7"
    },
    {
        "major": "Operations Research and Management Science, Lower Division B.A.",
        "key": "74/45/to/79/Major/792c926d-33a1-4307-a066-82f53538301b"
    },
    {
        "major": "Philosophy, Lower Division B.A.",
        "key": "74/45/to/79/Major/dd1d2605-06a6-4c91-96cb-45e3381c3d15"
    },
    {
        "major": "Physics, Lower Division B.A.",
        "key": "74/45/to/79/Major/6b3e0a9c-fcbe-44c7-a684-bd8d0d09b689"
    },
    {
        "major": "Planetary Science, Lower Division B.A.",
        "key": "74/45/to/79/Major/9d375069-3c3b-4bdc-800a-294ed46ca3ba"
    },
    {
        "major": "Political Economy, Lower Division B.A.",
        "key": "74/45/to/79/Major/9e40f3be-10f6-446f-8f83-a33bf571edd1"
    },
    {
        "major": "Political Science, Lower Division B.A.",
        "key": "74/45/to/79/Major/cc5ef4f8-a26e-4db0-8cb0-33c3bf45745a"
    },
    {
        "major": "Psychology, Lower Division B.A.",
        "key": "74/45/to/79/Major/7a915ffe-4e4b-4cb9-a9ae-b9fdb8315515"
    },
    {
        "major": "Public Health, Lower Division B.A.",
        "key": "74/45/to/79/Major/801f44ee-92f0-4cd3-957c-d0fd421e5218"
    },
    {
        "major": "Rhetoric, Lower Division B.A.",
        "key": "74/45/to/79/Major/4e45c9e5-4a70-4dbe-b615-deff2af738ab"
    },
    {
        "major": "Scandinavian, Lower Division B.A.",
        "key": "74/45/to/79/Major/590a669e-dcfe-443c-ab15-d13502c25afa"
    },
    {
        "major": "Slavic Languages and Literatures, Lower Division B.A.",
        "key": "74/45/to/79/Major/f80c4758-036c-439f-9d33-17fb3d337307"
    },
    {
        "major": "Social Welfare, Lower Division B.A.",
        "key": "74/45/to/79/Major/13ac72a7-536f-43dd-a1ea-c2ace10c5638"
    },
    {
        "major": "Society and Environment, Lower Division B.S",
        "key": "74/45/to/79/Major/ffa2b415-13cc-49c7-885b-19f3ad577703"
    },
    {
        "major": "Sociology, Lower Division B.A.",
        "key": "74/45/to/79/Major/1aa1f128-5355-4ad6-a3ab-636f655a4890"
    },
    {
        "major": "South and Southeast Asian Studies, Lower Division B.A.",
        "key": "74/45/to/79/Major/a6a2f7ee-1b0c-47f2-a21c-359a4350a4d8"
    },
    {
        "major": "Spanish and Portuguese, Lower Division B.A.",
        "key": "74/45/to/79/Major/ac14b808-4bf1-455a-a7a9-0a86697ff9cf"
    },
    {
        "major": "Statistics, Lower Division B.A.",
        "key": "74/45/to/79/Major/61ec3cb7-515b-403f-ab2c-14376155f73d"
    },
    {
        "major": "Sustainable Environmental Design, Lower Division B.A.",
        "key": "74/45/to/79/Major/e6ee9907-7b13-4d74-9794-69ba8082d729"
    },
    {
        "major": "Theater and Performance Studies, Lower Division B.A.",
        "key": "74/45/to/79/Major/2a99f47e-0638-4e17-b0ac-44f953196fec"
    },
    {
        "major": "Urban Studies, Lower Division B.A.",
        "key": "74/45/to/79/Major/3b465ee4-6f31-4535-8ffa-0882e1ec9d61"
    }
]