[
    {
        "major": "Advertising and Public Relations, B.A.",
        "key": "74/114/to/50/Major/dde155d8-4e3f-4dbf-a940-8092c7d2f024"
    },
    {
        "major": "Africana Studies B.A., Cultural Studies Concentration",
        "key": "74/114/to/50/Major/5d6a0fde-7ed8-4fb8-99be-3ee0bc931c22"
    },
    {
        "major": "Africana Studies B.A., Social Sciences Concentration",
        "key": "74/114/to/50/Major/e458306b-07f4-4e75-ba8e-00067461152d"
    },
    {
        "major": "Anthropology B.A, Applied Concentration",
        "key": "74/114/to/50/Major/f3f9a01b-8570-479a-b1dc-7d9735a70ffb"
    },
    {
        "major": "Anthropology B.A, Archaeology Concentration",
        "key": "74/114/to/50/Major/b7ff8594-1517-46e0-9503-9bd7848f6174"
    },
    {
        "major": "Anthropology B.A, Biological Concentration",
        "key": "74/114/to/50/Major/300ed07c-3092-4a15-ac22-a3ad97fe5123"
    },
    {
        "major": "Anthropology B.A, General Concentration",
        "key": "74/114/to/50/Major/253206a7-9033-4c95-b9b5-edad32cd0278"
    },
    {
        "major": "Art B.A.",
        "key": "74/114/to/50/Major/cda45d03-5f1e-4ad4-914a-43f82eb58a57"
    },
    {
        "major": "Art History B.A.",
        "key": "74/114/to/50/Major/a0a7a667-2674-4485-acad-5d70bf1a9c42"
    },
    {
        "major": "Asian Pacific Studies B.A.",
        "key": "74/114/to/50/Major/fd910993-ae23-4ab4-8bfd-ca0471d0312f"
    },
    {
        "major": "Audio Engineering, B.A.",
        "key": "74/114/to/50/Major/0d7f6a72-10d4-4040-84ea-f4935cedf8b0"
    },
    {
        "major": "Behavioral Science B.A,",
        "key": "74/114/to/50/Major/a4858bd2-e0f5-45f8-8694-ad597c337631"
    },
    {
        "major": "Biochemistry B.S.",
        "key": "74/114/to/50/Major/39769796-7dee-4291-b187-78a61a3ced56"
    },
    {
        "major": "Biology B.A.",
        "key": "74/114/to/50/Major/bdd916d4-36ad-4d41-be7d-2dfdcebe6568"
    },
    {
        "major": "Biology B.S. Cellular & Molecular Biology Option",
        "key": "74/114/to/50/Major/cc01c682-694f-4c1e-9aed-77ae1ac1e347"
    },
    {
        "major": "Biology B.S. Ecology and Environmental Biology Option",
        "key": "74/114/to/50/Major/3415ee83-8095-47af-8db7-a9a3081092d4"
    },
    {
        "major": "Biology B.S. Microbiology Option",
        "key": "74/114/to/50/Major/375f15f5-b634-4bcf-aabc-f6d943de13ce"
    },
    {
        "major": "Business Administration B.S.  Entrepreneurship Concentration ",
        "key": "74/114/to/50/Major/9a035b31-cce2-4df2-06de-08dbdfe94f52"
    },
    {
        "major": "Business Administration B.S. Accounting Concentration",
        "key": "74/114/to/50/Major/352a4a14-d134-4f04-9856-879324db20d2"
    },
    {
        "major": "Business Administration B.S. Business Analytics Concentration",
        "key": "74/114/to/50/Major/dfa5da41-7ae1-4d7c-8d42-77cab6fb6ad3"
    },
    {
        "major": "Business Administration B.S. Finance Concentration",
        "key": "74/114/to/50/Major/4ea1bc32-99e7-4362-a90f-b9f831003c86"
    },
    {
        "major": "Business Administration B.S. General Business Concentration",
        "key": "74/114/to/50/Major/a7a196ca-055d-45bb-8e6d-ccb319daf054"
    },
    {
        "major": "Business Administration B.S. Global Supply Chain Management Concentration",
        "key": "74/114/to/50/Major/9eade45a-3e0f-4ba0-8cc6-24d89bc8eaaf"
    },
    {
        "major": "Business Administration B.S. Information Systems Concentration",
        "key": "74/114/to/50/Major/be5b8f0b-b99d-4973-81b9-7517f0472576"
    },
    {
        "major": "Business Administration B.S. Information Systems Security Concentration",
        "key": "74/114/to/50/Major/43ae8fc4-3419-4668-b083-50e3619f84cd"
    },
    {
        "major": "Business Administration B.S. International Business Concentration",
        "key": "74/114/to/50/Major/cadf9b5d-1691-4fb6-a73e-5c14cabc7a41"
    },
    {
        "major": "Business Administration B.S. Management and Human Resources Concentration",
        "key": "74/114/to/50/Major/54b3abaf-d6a3-46e2-b359-1af41adaf551"
    },
    {
        "major": "Business Administration B.S. Marketing Concentration",
        "key": "74/114/to/50/Major/81e4368c-4e7e-4a02-83d1-ef5574e685c5"
    },
    {
        "major": "Business Administration B.S. Sports, Entertainment and Hospitality Concentration",
        "key": "74/114/to/50/Major/94d88f3c-d923-45f3-a671-e4650c79cc2c"
    },
    {
        "major": "Chemistry B.A. Biochemistry Option",
        "key": "74/114/to/50/Major/b3841f22-2389-4eb4-bc15-ba7bc4a29e9f"
    },
    {
        "major": "Chemistry B.A. General Chemistry Option",
        "key": "74/114/to/50/Major/4c09ab7c-f06a-4cfd-b68f-80e12f976a17"
    },
    {
        "major": "Chemistry B.S. ",
        "key": "74/114/to/50/Major/9b71c736-92fe-4cd2-a61d-ba04c4c511c4"
    },
    {
        "major": "Chicana/Chicano Studies B.A.",
        "key": "74/114/to/50/Major/c17b1b04-84e6-4747-b5c2-5378e661b05c"
    },
    {
        "major": "Child Development B.S.",
        "key": "74/114/to/50/Major/e3e5ad42-2eaf-4f2b-a1f3-4c95ddb16ff8"
    },
    {
        "major": "Clinical Science B.S. Cytotechnology Option",
        "key": "74/114/to/50/Major/f45f8b27-e5a5-4fd4-be0e-b17af59d2758"
    },
    {
        "major": "Clinical Science B.S. Medical Technology Option",
        "key": "74/114/to/50/Major/0fd95d6d-c09c-4435-9946-aa475f08939e"
    },
    {
        "major": "Computer Science B.S.",
        "key": "74/114/to/50/Major/6fba7b41-7094-4dcb-a433-3fe5ff861d12"
    },
    {
        "major": "Computer Technology B.A. General Track",
        "key": "74/114/to/50/Major/e837e5e0-da88-4e94-916b-0b643f17976c"
    },
    {
        "major": "Computer Technology B.A. Homeland Security Track",
        "key": "74/114/to/50/Major/20f48ba9-25a3-4eb0-9220-84a430fb67ee"
    },
    {
        "major": "Computer Technology B.A. Professional Track",
        "key": "74/114/to/50/Major/134978d8-3df1-4ff2-a786-12ad90bb9921"
    },
    {
        "major": "Criminal Justice Administration, B.S.",
        "key": "74/114/to/50/Major/b0ff2e07-ad9e-4e1d-be4c-1856aa16941d"
    },
    {
        "major": "Dance B.A.",
        "key": "74/114/to/50/Major/8dba7b74-7036-4fcd-beb3-93ccba31a074"
    },
    {
        "major": "Design B.A.",
        "key": "74/114/to/50/Major/7a3e7874-38cd-476d-8f4f-16bb41b6e3ea"
    },
    {
        "major": "Earth Science B.S.",
        "key": "74/114/to/50/Major/658f1a89-5627-4559-a05c-ec4e551d32ef"
    },
    {
        "major": "English B.A. English Education Option",
        "key": "74/114/to/50/Major/8f85a81c-375c-404f-9647-2086e5edbd6c"
    },
    {
        "major": "English B.A. Language and Linguistics Option",
        "key": "74/114/to/50/Major/98696080-b589-47e2-94f2-7163d225549f"
    },
    {
        "major": "English B.A. Literature Option",
        "key": "74/114/to/50/Major/cbd567c1-12db-4687-b0da-162158c9399e"
    },
    {
        "major": "Film and Television Production B.A.",
        "key": "74/114/to/50/Major/f8fc3356-0317-4b5b-8f1d-e970c558c168"
    },
    {
        "major": "Film, Television and Media, B.A",
        "key": "74/114/to/50/Major/dd97cb4d-1ea2-4f09-8e5f-75589035cb69"
    },
    {
        "major": "Geography B.A.",
        "key": "74/114/to/50/Major/ee1248b1-98bc-444e-a491-9b22adbe3e09"
    },
    {
        "major": "Health Science B.S. Community Health Option",
        "key": "74/114/to/50/Major/c578118a-d982-4c75-a0b4-da2007f06489"
    },
    {
        "major": "Health Science B.S. Health Care Management Option",
        "key": "74/114/to/50/Major/80553cbb-303a-474a-8a3c-a8424bdb8479"
    },
    {
        "major": "Health Science B.S. Radiologic Technology Option",
        "key": "74/114/to/50/Major/ad7c3bb9-2e67-44e5-a997-44a2396253ca"
    },
    {
        "major": "History B.A.",
        "key": "74/114/to/50/Major/134ff761-71af-4e17-83dc-089e7fb10d2b"
    },
    {
        "major": "History B.A. History/Social Science Education Option",
        "key": "74/114/to/50/Major/0b9f1007-9a9d-4009-bfd2-08c6d01e7132"
    },
    {
        "major": "Human Services B.A.",
        "key": "74/114/to/50/Major/105ef027-1564-481c-bb20-1af15e4693cd"
    },
    {
        "major": "Human Services B.A. Mental Health Recovery Option",
        "key": "74/114/to/50/Major/f9524916-d57c-41b9-ab23-265392b21433"
    },
    {
        "major": "Information Technology B.S. ",
        "key": "74/114/to/50/Major/f5f1f3f9-a66b-4bf6-bc78-ae09fea197b7"
    },
    {
        "major": "Interdisciplinary Studies B.A. American Studies Concentration",
        "key": "74/114/to/50/Major/0e45631d-e2db-499f-b4a6-6b5462e43f7b"
    },
    {
        "major": "Interdisciplinary Studies B.A. Environmental Studies Concentration",
        "key": "74/114/to/50/Major/67fd91b5-d6b0-4166-8efb-6fe1886750cf"
    },
    {
        "major": "Interdisciplinary Studies B.A. Global Studies Concentration",
        "key": "74/114/to/50/Major/2ab7114a-6621-479d-9362-2ff636f05f61"
    },
    {
        "major": "Interdisciplinary Studies B.A.Comparative Cultures Concentration",
        "key": "74/114/to/50/Major/90add7b6-358f-4c44-b6d8-52b2180a6edc"
    },
    {
        "major": "Journalism, B.A.",
        "key": "74/114/to/50/Major/f6cb9f38-43b3-4bb2-813c-83a6b39c944a"
    },
    {
        "major": "Labor Studies B.A.",
        "key": "74/114/to/50/Major/9b50fe79-f612-4a4b-a6aa-d4e1a178e1a1"
    },
    {
        "major": "Liberal Studies B.A. Anthropology Option",
        "key": "74/114/to/50/Major/e5a5ffcf-e474-4558-8c8e-87a10b83726d"
    },
    {
        "major": "Liberal Studies B.A. Art Option",
        "key": "74/114/to/50/Major/5a02416b-4a17-4c5b-85b3-bc642ac0a92f"
    },
    {
        "major": "Liberal Studies B.A. Dance Option",
        "key": "74/114/to/50/Major/57ffe208-b683-4643-8228-b201025a755d"
    },
    {
        "major": "Liberal Studies B.A. Early Teaching and Learning Option",
        "key": "74/114/to/50/Major/dbc1035f-334c-443d-93f7-2120fec02dd5"
    },
    {
        "major": "Liberal Studies B.A. Educating Children with Disabilities Option",
        "key": "74/114/to/50/Major/923b6611-1a7f-463b-a6e1-8248cca2cb9c"
    },
    {
        "major": "Liberal Studies B.A. English Language and Linguistics Option",
        "key": "74/114/to/50/Major/4eaf6fee-654f-4e1f-b519-b5449a829d90"
    },
    {
        "major": "Liberal Studies B.A. English Literature Option",
        "key": "74/114/to/50/Major/adc2b04b-52df-43b3-864a-23100d53bf37"
    },
    {
        "major": "Liberal Studies B.A. General Studies Option",
        "key": "74/114/to/50/Major/3bdd1c8f-82fd-4639-8f7d-32324d0e65f5"
    },
    {
        "major": "Liberal Studies B.A. Human Development Option",
        "key": "74/114/to/50/Major/36dfe8e3-5acd-45f8-8bda-aee3a803f7d0"
    },
    {
        "major": "Liberal Studies B.A. Mathematics Option",
        "key": "74/114/to/50/Major/8fdf0acb-3660-45bd-a765-d083abd7c815"
    },
    {
        "major": "Liberal Studies B.A. Natural Science Option",
        "key": "74/114/to/50/Major/eeb4f293-20c6-47a7-8833-9efda4d78972"
    },
    {
        "major": "Liberal Studies B.A. Physical Education Option",
        "key": "74/114/to/50/Major/092264b1-5a86-46e9-aa1b-1864bd000a07"
    },
    {
        "major": "Liberal Studies B.A. Spanish Option",
        "key": "74/114/to/50/Major/29e705bf-5919-4cee-9869-956a26e692e5"
    },
    {
        "major": "Liberal Studies B.A. Special Option",
        "key": "74/114/to/50/Major/b3892b1b-367a-4d1e-86c7-c941ff015599"
    },
    {
        "major": "Liberal Studies B.A. Theatre Arts Option",
        "key": "74/114/to/50/Major/95ca97c6-4fe7-422d-9246-5f3c644d3dd8"
    },
    {
        "major": "Mathematics B.S. Mathematics Education Option",
        "key": "74/114/to/50/Major/2b49656b-d287-42da-bbe1-d6e9ca1fb8df"
    },
    {
        "major": "Mathematics B.S. Mathematics Option",
        "key": "74/114/to/50/Major/d418b521-f1ea-4020-a255-dd41008f4d49"
    },
    {
        "major": "Music B.A. General Music Option",
        "key": "74/114/to/50/Major/fa7f5913-f029-46e6-9a06-d3fdb2376d28"
    },
    {
        "major": "Music B.A. Music Education Option",
        "key": "74/114/to/50/Major/0831905a-ea42-401f-8d45-3e50c3a66b22"
    },
    {
        "major": "Music B.A. Performance Option",
        "key": "74/114/to/50/Major/5e946da8-cf0e-4d3c-ae11-47874f991846"
    },
    {
        "major": "Negotiation, Conflict Resolution, And Peacebuilding B.A. ",
        "key": "74/114/to/50/Major/aa7a01d4-1166-45d5-a51e-74943f81bb4b"
    },
    {
        "major": "Nursing B.S. ",
        "key": "74/114/to/50/Major/c24484ec-8184-490d-bf30-54dec5ddcfa6"
    },
    {
        "major": "Organizational Leadership Studies B.S.",
        "key": "74/114/to/50/Major/b42f9fbe-3395-4426-b4ff-f8440e4e4fc2"
    },
    {
        "major": "Philosophy B.A. Philosophy Option",
        "key": "74/114/to/50/Major/4f97ddcd-c63b-4b7e-928a-c5fa422d3b93"
    },
    {
        "major": "Philosophy B.A. Religious Thought Option",
        "key": "74/114/to/50/Major/644b27e2-946a-4eb3-b560-538fc22bb53c"
    },
    {
        "major": "Physical Education B.A. Fitness Director Option",
        "key": "74/114/to/50/Major/b89e288e-9d07-4d4a-9ddc-f9330a484ee2"
    },
    {
        "major": "Physical Education B.A. Pre-Physical Therapy Option",
        "key": "74/114/to/50/Major/7e19577d-3e70-4c74-b978-eee4a0a3945a"
    },
    {
        "major": "Physical Education B.A. Teaching Option",
        "key": "74/114/to/50/Major/543e2951-82f8-428c-8a2c-4175d8d3cac7"
    },
    {
        "major": "Physics B.S. Electrical Engineering Option",
        "key": "74/114/to/50/Major/1f6486b1-7103-43ab-bcaf-b730192d3834"
    },
    {
        "major": "Physics B.S. General Physics Option",
        "key": "74/114/to/50/Major/63826a2b-01f1-488e-b71c-d69339ade473"
    },
    {
        "major": "Physics B.S. Physical Science Option",
        "key": "74/114/to/50/Major/9a5a9535-92a0-4d13-83f7-30b904004837"
    },
    {
        "major": "Political Science B.A. All Concentrations",
        "key": "74/114/to/50/Major/0321ca69-8f8d-4e8f-96d9-32fff9238ea0"
    },
    {
        "major": "Psychology B.A. ",
        "key": "74/114/to/50/Major/1ac48cc6-5359-43a4-80cd-5e4f8e86e9e0"
    },
    {
        "major": "Public Administration B.S. Criminal Justice Administration Concentration",
        "key": "74/114/to/50/Major/5fb66bb3-4b31-4326-866d-22b0aedcae36"
    },
    {
        "major": "Public Administration B.S. Health Services Administration Concentration",
        "key": "74/114/to/50/Major/72228e4b-3d7f-4a4a-8769-776f53414181"
    },
    {
        "major": "Public Administration B.S. Public Financial Management Concentration",
        "key": "74/114/to/50/Major/f6587d61-8523-41cf-804f-1aaa9c75b50e"
    },
    {
        "major": "Public Administration B.S. Public Management Concentration",
        "key": "74/114/to/50/Major/fee4cb96-50ff-4108-8a7d-ef9a52716fc5"
    },
    {
        "major": "Public Administration B.S. Public Personnel Administration Concentration",
        "key": "74/114/to/50/Major/0beb7a2e-ba97-4a10-9197-2d70d339dd23"
    },
    {
        "major": "Sociology B.A. ",
        "key": "74/114/to/50/Major/6d98aafc-4d27-4e14-9ccf-2d47ceadcb49"
    },
    {
        "major": "Spanish B.A. Linguistics Option",
        "key": "74/114/to/50/Major/e5d09b06-706d-4162-abec-3969586ed167"
    },
    {
        "major": "Spanish B.A. Literature Option",
        "key": "74/114/to/50/Major/42331992-882a-4d4f-a806-8560225db6cc"
    },
    {
        "major": "Theatre Arts B.A. ",
        "key": "74/114/to/50/Major/99c0b0ca-57a0-4d85-88f1-72e45857dd79"
    },
    {
        "major": "Woman's Studies B.A.",
        "key": "74/114/to/50/Major/6ce2ebca-9632-400c-a3aa-c34f1a5705ee"
    }
]