[
    {
        "major": "Anthropology, B.A.: Archaeology and Biological Anthropology Concentration",
        "key": "74/114/to/21/Major/21371b28-952f-4bd0-857e-fe53397fe1b0"
    },
    {
        "major": "Anthropology, B.A.: Culture, Discourse, and Society Concentration",
        "key": "74/114/to/21/Major/f2e7ce28-6068-4512-898a-3ea6d062c2c2"
    },
    {
        "major": "Art, B.A.:  Art & Design Concentration",
        "key": "74/114/to/21/Major/b788aa9f-e2ef-4c2e-a82c-8d3a020edd7e"
    },
    {
        "major": "Art, B.A.: Art History and Visual Studies Concentration",
        "key": "74/114/to/21/Major/aa3bc7c8-6610-4ea3-80ac-4f0b7b588ec4"
    },
    {
        "major": "Art, B.F.A.: Fine Arts Practice Concentration",
        "key": "74/114/to/21/Major/06c85db5-3d1b-4043-a5ee-3892fc740888"
    },
    {
        "major": "Art, B.F.A.: Graphic Design Concentration",
        "key": "74/114/to/21/Major/ac4b4382-d59d-4ed5-8df5-865284ee5445"
    },
    {
        "major": "Art, B.F.A.: Illustration Concentration",
        "key": "74/114/to/21/Major/b4f57e7f-1d61-4469-ac50-f5dd9ee0557f"
    },
    {
        "major": "Art, B.F.A.: Interaction & Game Design Concentration",
        "key": "74/114/to/21/Major/f51d8a44-f108-4a23-b516-dfcbf98ee854"
    },
    {
        "major": "Art, B.F.A.: Photography Concentration",
        "key": "74/114/to/21/Major/76fa6b30-be6f-4cd4-8775-3095eb5f0119"
    },
    {
        "major": "Art, B.F.A.: Transdisciplinary Arts Concentration",
        "key": "74/114/to/21/Major/69233d43-d863-4c4b-b170-8c223c172cc0"
    },
    {
        "major": "Art, B.F.A.: Video & Animation Concentration",
        "key": "74/114/to/21/Major/b94a8119-94b2-4c4f-92ae-773df44883c7"
    },
    {
        "major": "BIOCHEMISTRY, B.A. QUARTER COLLEGE",
        "key": "74/114/to/21/Major/5742a978-29a4-41ee-e6c5-08dbfaa88829"
    },
    {
        "major": "BIOCHEMISTRY, B.S. QUARTER COLLEGE",
        "key": "74/114/to/21/Major/accce30c-98cf-443b-e6c6-08dbfaa88829"
    },
    {
        "major": "BIOLOGICAL SCIENCES, B.A.: QUARTER COLLEGE",
        "key": "74/114/to/21/Major/0c5b665e-1f4d-47ef-e6c7-08dbfaa88829"
    },
    {
        "major": "BIOLOGICAL SCIENCES, B.S.: QUARTER COLLEGE",
        "key": "74/114/to/21/Major/979e6347-31b3-41d4-e6c8-08dbfaa88829"
    },
    {
        "major": "Biochemistry, B.A.",
        "key": "74/114/to/21/Major/6178317a-69f7-42d4-953c-148c9a0733b7"
    },
    {
        "major": "Biochemistry, B.A.: Chemistry Education Concentration",
        "key": "74/114/to/21/Major/c49a09cb-9152-4d4f-b615-5979ebf73cda"
    },
    {
        "major": "Biochemistry, B.S.",
        "key": "74/114/to/21/Major/19b18d1d-8f6d-4299-9bb3-95ee182613de"
    },
    {
        "major": "Biological Sciences, B.A.: Biology Education Concentration",
        "key": "74/114/to/21/Major/2537d560-9497-4c20-8242-b8943e0c2c6e"
    },
    {
        "major": "Biological Sciences, B.S.: Cell and Molecular Biology Concentration",
        "key": "74/114/to/21/Major/feb132ce-5f15-4d0f-bc34-f21906c59e89"
    },
    {
        "major": "Biological Sciences, B.S.: Ecology and Evolutionary Biology Concentration",
        "key": "74/114/to/21/Major/701b89ca-8d62-430d-b5eb-383171f47254"
    },
    {
        "major": "Biological Sciences, B.S.: Forensic Science Concentration",
        "key": "74/114/to/21/Major/da8a8f60-5ddc-49db-b4e6-cef762d47e64"
    },
    {
        "major": "Biological Sciences, B.S.: Microbiology and Biomedical Lab Sciences Concentration",
        "key": "74/114/to/21/Major/cc76bebc-0c05-44ea-8a1f-db9fb625ea27"
    },
    {
        "major": "Biological Sciences, B.S.: Physiology Concentration",
        "key": "74/114/to/21/Major/e4c0f447-7268-4351-b7d7-4d74cc63b12a"
    },
    {
        "major": "Business Administration, B.S.: Accounting Concentration",
        "key": "74/114/to/21/Major/81731367-15d0-42f7-9de4-1b805d640133"
    },
    {
        "major": "Business Administration, B.S.: Business Economics Concentration",
        "key": "74/114/to/21/Major/3cad85a7-7cb2-41d0-a9b5-3beb7339c3aa"
    },
    {
        "major": "Business Administration, B.S.: Entrepreneurship Concentration",
        "key": "74/114/to/21/Major/4a65d815-063f-485b-aa49-5892aab4433c"
    },
    {
        "major": "Business Administration, B.S.: Finance Concentration",
        "key": "74/114/to/21/Major/75f2e252-9111-4185-a3d6-18b260e67563"
    },
    {
        "major": "Business Administration, B.S.: General Management Concentration",
        "key": "74/114/to/21/Major/4604372e-0ba5-4674-b624-80ab330775d6"
    },
    {
        "major": "Business Administration, B.S.: Human Resources Management & Organizational Behavior Concentration",
        "key": "74/114/to/21/Major/6b9a4838-d731-4b44-bc77-4ea961158918"
    },
    {
        "major": "Business Administration, B.S.: Information Technology Management Concentration",
        "key": "74/114/to/21/Major/421ca8dd-56f6-4af3-aa21-9bd4e96c2762"
    },
    {
        "major": "Business Administration, B.S.: Marketing Management Concentration",
        "key": "74/114/to/21/Major/aa1c37da-0355-442f-a6cf-a6035c724870"
    },
    {
        "major": "Business Administration, B.S.: Operations and Supply Chain Management Concentration",
        "key": "74/114/to/21/Major/49799618-2ad8-41b1-a872-d6179ca17d59"
    },
    {
        "major": "CHEMISTRY B.A. QUARTER COLLEGE",
        "key": "74/114/to/21/Major/7670fdcf-dbf7-4f73-e6c9-08dbfaa88829"
    },
    {
        "major": "CHEMISTRY, B.S. QUARTER COLLEGE",
        "key": "74/114/to/21/Major/d6e68439-7f43-42c2-e6ca-08dbfaa88829"
    },
    {
        "major": "Chemistry B.A.",
        "key": "74/114/to/21/Major/4e3b6a22-b173-4900-bc24-be2db8a95037"
    },
    {
        "major": "Chemistry, B.A.: Chemistry Education Concentration",
        "key": "74/114/to/21/Major/efee11c3-9a51-40fe-a0b4-eb2a04006eb1"
    },
    {
        "major": "Chemistry, B.S.",
        "key": "74/114/to/21/Major/6ab90d51-35a2-45fc-aeba-958989c71cdb"
    },
    {
        "major": "Chemistry, B.S.: Bioanalytical and Forensics Concentration",
        "key": "74/114/to/21/Major/53a78225-4ad4-462b-8deb-58e9018e8d7b"
    },
    {
        "major": "Civil Engineering, B.S.",
        "key": "74/114/to/21/Major/b84649dc-781a-4f16-b9e2-e9a66d7b1d0c"
    },
    {
        "major": "Communication, B.A.: Communication and Media Studies Concentration",
        "key": "74/114/to/21/Major/6ddfdd73-b0cb-431c-bd24-60df9f17e8c7"
    },
    {
        "major": "Communication, B.A.: Media Production Concentration",
        "key": "74/114/to/21/Major/f4a3bc69-8bc0-4047-b657-e48f7f9486f9"
    },
    {
        "major": "Communication, B.A.: Strategic Communication Concentration",
        "key": "74/114/to/21/Major/ebd150dc-84c6-4b4d-b541-079f35263107"
    },
    {
        "major": "Computer Engineering, B.S.",
        "key": "74/114/to/21/Major/4c6ba93a-a22f-4b41-af8b-385bba355b2b"
    },
    {
        "major": "Computer Science, B.S.",
        "key": "74/114/to/21/Major/93e48271-d250-49e5-b6d2-d7e28f8b2384"
    },
    {
        "major": "Construction Management, B.S.",
        "key": "74/114/to/21/Major/51f8a64c-9af1-4564-ab31-824407993239"
    },
    {
        "major": "Criminal Justice, B.S.",
        "key": "74/114/to/21/Major/b519722d-bbc2-4aa8-ac9b-06f16f32d507"
    },
    {
        "major": "ENVIRONMENTAL SCIENCE, B.S. QUARTER COLLEGE",
        "key": "74/114/to/21/Major/f3676aad-924e-401a-e6cb-08dbfaa88829"
    },
    {
        "major": "Economics, B.S.",
        "key": "74/114/to/21/Major/62657077-8cec-47ef-95d0-96afad5a1004"
    },
    {
        "major": "English, B.A.: British and American Literature Concentration",
        "key": "74/114/to/21/Major/b6daa17c-1521-44a6-b83a-10212c0df294"
    },
    {
        "major": "English, B.A.: Creative Writing Concentration",
        "key": "74/114/to/21/Major/5478f306-9b01-47fb-8582-dddb21bb57cc"
    },
    {
        "major": "English, B.A.: English Language and Literacies Concentration",
        "key": "74/114/to/21/Major/62b861e9-5af8-47e2-9ec2-69f85e05cc0c"
    },
    {
        "major": "Environmental Science, B.S.",
        "key": "74/114/to/21/Major/621c619f-5c5a-453e-849f-568441be684a"
    },
    {
        "major": "Environmental Science, B.S.: Environmental Health Concentration",
        "key": "74/114/to/21/Major/249128cf-1042-498a-9463-dceb68a121ce"
    },
    {
        "major": "Environmental Studies, B.A.",
        "key": "74/114/to/21/Major/ee0a8aa2-f446-4c85-9b4e-99a6b980b07d"
    },
    {
        "major": "Ethnic Studies, B.A.: American Indian Studies Concentration",
        "key": "74/114/to/21/Major/43ebb44c-7abc-46b0-9178-d87e2dd7432f"
    },
    {
        "major": "Ethnic Studies, B.A.: Asian American Studies Concentration",
        "key": "74/114/to/21/Major/3be404b6-b508-49e0-8fa3-e26d8c3aa03d"
    },
    {
        "major": "Ethnic Studies, B.A.: Chicanx and Latinx Studies Concentration",
        "key": "74/114/to/21/Major/1da4ee26-95b4-4c96-b502-2aaf88b97403"
    },
    {
        "major": "Ethnic Studies, B.A.: Comparative Ethnic Studies Concentration",
        "key": "74/114/to/21/Major/ecebfad5-7995-46c3-9b74-13ff0f73d4d6"
    },
    {
        "major": "Ethnic Studies, B.A.: Genders and Sexualities in Communities of Color Concentration",
        "key": "74/114/to/21/Major/c8eff699-2f15-43c2-9c38-09c98a91ccb4"
    },
    {
        "major": "Ethnic Studies, B.A.:Black Studies Concentration",
        "key": "74/114/to/21/Major/fb0d217c-437d-4774-9fd6-303d419f1382"
    },
    {
        "major": "French, B.A.",
        "key": "74/114/to/21/Major/502f72d8-209c-4069-b3d9-c373bb7d81ad"
    },
    {
        "major": "GEOLOGY,  B.S. QUARTER COLLEGE",
        "key": "74/114/to/21/Major/ccc68ff8-340a-4222-e6cc-08dbfaa88829"
    },
    {
        "major": "GEOLOGY, B.A. QUARTER COLLEGE",
        "key": "74/114/to/21/Major/eaf19acc-67ad-4f68-e6cd-08dbfaa88829"
    },
    {
        "major": "Geography, B.S.",
        "key": "74/114/to/21/Major/ad3bf82d-2838-4a17-9a5e-0e99d85ad95d"
    },
    {
        "major": "Geography, B.S.: Regions and Cultures Concentration",
        "key": "74/114/to/21/Major/181c5858-72ca-4dd2-ba89-9538d5cda251"
    },
    {
        "major": "Geography, B.S.: Resources and Sustainability Concentration",
        "key": "74/114/to/21/Major/196d8ac0-d7d2-4b37-80e7-c7de591dcc94"
    },
    {
        "major": "Geography, B.S.: Spatial Techniques Concentration",
        "key": "74/114/to/21/Major/82f5dec4-0c62-40f1-9ea5-d20e32fc33a7"
    },
    {
        "major": "Geology B.S.",
        "key": "74/114/to/21/Major/027e363a-b83e-49ea-be71-ace0979f53c2"
    },
    {
        "major": "Geology, B.A.",
        "key": "74/114/to/21/Major/1e20d563-8cef-47f8-934d-38bb26dc21bf"
    },
    {
        "major": "Geology, B.A.: Geoscience Education Concentration",
        "key": "74/114/to/21/Major/e676627f-2afa-4ae8-955b-8cbf14423ba6"
    },
    {
        "major": "Global Studies, B.A.",
        "key": "74/114/to/21/Major/e65854eb-8f48-4c06-8c72-240fd7b5b961"
    },
    {
        "major": "Health Sciences, B.S.",
        "key": "74/114/to/21/Major/84083378-d476-45ab-b310-99b68863612a"
    },
    {
        "major": "Health Sciences, B.S.: Health Policy Concentration",
        "key": "74/114/to/21/Major/5c9f4cf1-7bed-4d30-8723-249e16ec33ac"
    },
    {
        "major": "History, B.A.: Migration and Globalization Concentration",
        "key": "74/114/to/21/Major/6f55e1f1-8a35-4332-8ab6-5593edca98c5"
    },
    {
        "major": "History, B.A.: Social Justice and Citizenships Concentration",
        "key": "74/114/to/21/Major/d86217e3-cedd-4d46-817a-b82b40af8e34"
    },
    {
        "major": "History, B.A.: Sustainability and Modernization Concentration",
        "key": "74/114/to/21/Major/3bbbb8f5-0670-424e-a5d2-fe6a4c00c730"
    },
    {
        "major": "Hospitality and Tourism, B.S. (Online)",
        "key": "74/114/to/21/Major/4ed6a70d-8886-4086-a954-fa657dc7b916"
    },
    {
        "major": "Human Development, B.A.: Adolescent Development Concentration",
        "key": "74/114/to/21/Major/e4e6a1c1-13c1-4966-9d9b-45b0e419035d"
    },
    {
        "major": "Human Development, B.A.: Adult Development and Gerontology Concentration",
        "key": "74/114/to/21/Major/e203b574-844f-4826-97c5-12dc1eda4aa9"
    },
    {
        "major": "Human Development, B.A.: Childhood Development Concentration",
        "key": "74/114/to/21/Major/0d47e4b5-82b7-4696-bcff-3dfcf333fcce"
    },
    {
        "major": "Human Development, B.A.: Early Childhood Development Concentration",
        "key": "74/114/to/21/Major/96aa9533-ca10-4159-b7c4-eb533cc9b88f"
    },
    {
        "major": "Human Development, B.A.: Women's Development Concentration",
        "key": "74/114/to/21/Major/eae3304a-15e9-4695-9f7c-70b11411ba38"
    },
    {
        "major": "Industrial Engineering, B.S.",
        "key": "74/114/to/21/Major/2608dc9e-2988-449a-beff-f5ac66997314"
    },
    {
        "major": "Interdisciplinary Studies B.A.",
        "key": "74/114/to/21/Major/bef114af-c16c-4e52-b567-19b7e68b9fe8"
    },
    {
        "major": "Interdisciplinary Studies, B.S.",
        "key": "74/114/to/21/Major/44c9ae73-71e4-4bde-b72c-03ff618f2f43"
    },
    {
        "major": "Kinesiology, B.S.",
        "key": "74/114/to/21/Major/c08ba711-e9d0-4f0a-8cff-30608429d756"
    },
    {
        "major": "Liberal Studies, B.A.: Early Childhood Education Concentration",
        "key": "74/114/to/21/Major/f854eced-29be-46c2-856e-0d932ebdab03"
    },
    {
        "major": "Liberal Studies, B.A.: Liberal Arts Concentration",
        "key": "74/114/to/21/Major/4e4ef3e4-4471-4f23-b713-2815fd310b17"
    },
    {
        "major": "Liberal Studies, B.A.: Teacher Preparation Concentration",
        "key": "74/114/to/21/Major/7fa305f4-28f8-43e6-b995-a4a014fbbddb"
    },
    {
        "major": "Mathematics, B.S.",
        "key": "74/114/to/21/Major/416d31fe-2228-4503-b7de-23c61bf83409"
    },
    {
        "major": "Music, B.A.",
        "key": "74/114/to/21/Major/c19752da-d3a7-4891-94f7-4e6aeb496001"
    },
    {
        "major": "Nursing, B.S.: Post-Licensure Concentration",
        "key": "74/114/to/21/Major/41f7a52a-1bff-47a7-b9de-3ff1c7ab2ecb"
    },
    {
        "major": "Nursing, B.S.: Pre-Licensure Concentration",
        "key": "74/114/to/21/Major/cc68d32c-8efe-4480-a58f-cb584e3c70e0"
    },
    {
        "major": "PHYSICS, B.A. QUARTER COLLEGE",
        "key": "74/114/to/21/Major/37cb7d0f-f4c2-42e1-e6ce-08dbfaa88829"
    },
    {
        "major": "Philosophy, B.A.: Philosophy Concentration",
        "key": "74/114/to/21/Major/3e4b6ebb-5ea5-4adc-8047-1ebc8df31a3a"
    },
    {
        "major": "Philosophy, B.A.: Religious Studies Concentration",
        "key": "74/114/to/21/Major/b3fbf6f6-b1c8-4cd1-80c9-c0030b6ba681"
    },
    {
        "major": "Physics, B.A.",
        "key": "74/114/to/21/Major/3f4786ee-904e-4ffc-8438-04a796ae662c"
    },
    {
        "major": "Physics, B.S.",
        "key": "74/114/to/21/Major/f8e46e43-2720-45d1-9319-83cb1ace5d7b"
    },
    {
        "major": "Political Science, B.A.: Pre-Law Concentration",
        "key": "74/114/to/21/Major/638a5181-d1f8-463c-ab0a-df34fd186b0d"
    },
    {
        "major": "Political Science, B.A.: Public Affairs and Administration Concentration",
        "key": "74/114/to/21/Major/46cb415e-0717-434a-b556-78f88e2a0ff6"
    },
    {
        "major": "Political Science, B.A.: Traditional Political Science Concentration",
        "key": "74/114/to/21/Major/c1c5dbbc-d574-4f26-bc32-8ee4a33a6722"
    },
    {
        "major": "Psychology, B.A.",
        "key": "74/114/to/21/Major/7fd9e787-d8b7-469b-9c6a-50c19a4c4c9f"
    },
    {
        "major": "Psychology, B.S.: Ergonomics and Human Factors Concentration",
        "key": "74/114/to/21/Major/838f9b26-e0cc-462a-be87-9a192913f14d"
    },
    {
        "major": "Psychology, B.S.: Industrial/Organizational Psychology Concentration",
        "key": "74/114/to/21/Major/a669c649-283f-4a4a-b650-fa26a0f3a51c"
    },
    {
        "major": "Public Health, B.S.",
        "key": "74/114/to/21/Major/d35c1f70-734a-4a38-b0fd-cdeadbdd1015"
    },
    {
        "major": "Recreation, B.S.",
        "key": "74/114/to/21/Major/a8f3afff-bd36-4e1d-9810-673ac9b6866b"
    },
    {
        "major": "Recreation, B.S.: Recreation Therapy Concentration ",
        "key": "74/114/to/21/Major/708eb972-bdb8-4490-870a-fa8fe4fd89b1"
    },
    {
        "major": "Recreation, B.S.: Sustainability Concentration ",
        "key": "74/114/to/21/Major/80cc0902-435a-4283-a655-5bacb70981b7"
    },
    {
        "major": "Recreation, B.S.: Youth Development Programming Concentration",
        "key": "74/114/to/21/Major/4c055807-0e0c-4ab3-be59-0a5ecfd9abec"
    },
    {
        "major": "Sociology, B.A.",
        "key": "74/114/to/21/Major/245992d5-d952-4963-ae0c-413f328cbdec"
    },
    {
        "major": "Spanish, B.A.",
        "key": "74/114/to/21/Major/fd9f13ec-1a8d-4d30-836d-4d0ea85b2137"
    },
    {
        "major": "Speech Pathology and Audiology, B.S.",
        "key": "74/114/to/21/Major/7feff89f-8940-4d9e-812b-de7c6e3044ce"
    },
    {
        "major": "Statistics, B.S.",
        "key": "74/114/to/21/Major/f4b6d8ad-f2e8-4657-9405-585f82cd079f"
    },
    {
        "major": "Statistics, B.S.: Data Science Concentration",
        "key": "74/114/to/21/Major/99bb6be6-1fce-41a3-b6b7-765438aaf47a"
    },
    {
        "major": "Theatre Arts, B.A.: Cross-disciplinary Performance Concentration",
        "key": "74/114/to/21/Major/cb3b8cb0-033f-4b68-93c5-08dbf50bcc7d"
    },
    {
        "major": "Theatre Arts, B.A.: Dance and Inclusive Performance Concentration",
        "key": "74/114/to/21/Major/c381104a-8b79-4687-b805-5cb6690bed25"
    },
    {
        "major": "Theatre Arts, B.A.: Stage Technology and Design Concentration",
        "key": "74/114/to/21/Major/4b87d34a-03ee-4134-ab05-a8cd907c48db"
    },
    {
        "major": "Theatre Arts, B.A.: Theatre Performance: Acting and Musical Theatre Concentration",
        "key": "74/114/to/21/Major/97bed037-cb35-4189-8377-abe05725d616"
    }
]