[
    {
        "major": "American Indian Studies",
        "key": 25855902
    },
    {
        "major": "Anthropology",
        "key": 25855848
    },
    {
        "major": "Applied Physics - Applied Electronics Option",
        "key": 25855899
    },
    {
        "major": "Applied Physics - General Option",
        "key": 25855967
    },
    {
        "major": "Art, Media, and Design, Art and Visual Culture Option",
        "key": 25855978
    },
    {
        "major": "Art, Media, and Design, Digital and Media Arts Option",
        "key": 25855973
    },
    {
        "major": "Biochemistry",
        "key": 25855851
    },
    {
        "major": "Biological Sciences",
        "key": 25855854
    },
    {
        "major": "Biotechnology",
        "key": 25855858
    },
    {
        "major": "Business Administration - All Options",
        "key": 25855964
    },
    {
        "major": "Chemistry, Chemistry Education Option",
        "key": 25855862
    },
    {
        "major": "Chemistry, General Chemistry Option",
        "key": 25855865
    },
    {
        "major": "Child and Adolescent Development, B.A.",
        "key": 25855869
    },
    {
        "major": "Communication",
        "key": 25855872
    },
    {
        "major": "Computer Science - CIS Option",
        "key": 25855937
    },
    {
        "major": "Computer Science - CS Option",
        "key": 25855896
    },
    {
        "major": "Criminology and Justice Studies",
        "key": 25855873
    },
    {
        "major": "Economics",
        "key": 25855876
    },
    {
        "major": "Electrical Engineering",
        "key": 25855961
    },
    {
        "major": "Environmental Studies",
        "key": 25855940
    },
    {
        "major": "Ethnic Studies",
        "key": 25855905
    },
    {
        "major": "Geography",
        "key": 25855988
    },
    {
        "major": "Global Studies",
        "key": 25855878
    },
    {
        "major": "History",
        "key": 25855881
    },
    {
        "major": "History Single-Subject Preparation for Teaching Option",
        "key": 25855908
    },
    {
        "major": "Human Development, All Options",
        "key": 25855971
    },
    {
        "major": "Kinesiology - Health Science Option",
        "key": 25855932
    },
    {
        "major": "Kinesiology - Movement Science Option",
        "key": 25855929
    },
    {
        "major": "Liberal Studies, Integrated Teacher Education Program Option (ITEP)",
        "key": 25855984
    },
    {
        "major": "Liberal Studies, Teaching - Elementary Subject Matter Preparation",
        "key": 25855982
    },
    {
        "major": "Literature and Writing Studies",
        "key": 25855884
    },
    {
        "major": "Mathematics",
        "key": 25855887
    },
    {
        "major": "Media Studies",
        "key": 25855910
    },
    {
        "major": "Music ",
        "key": 25855913
    },
    {
        "major": "Nursing, All Options",
        "key": 25855945
    },
    {
        "major": "Political Science",
        "key": 25855889
    },
    {
        "major": "Psychological Science",
        "key": 25855916
    },
    {
        "major": "Social Sciences",
        "key": 25855920
    },
    {
        "major": "Sociology, Aging and the Life Course Concentration",
        "key": 25855958
    },
    {
        "major": "Sociology, Children, Youth, and Families Concentration",
        "key": 25855956
    },
    {
        "major": "Sociology, Critical Race Studies Concentration",
        "key": 25855953
    },
    {
        "major": "Sociology, Health, Education, and Welfare Concentration",
        "key": 25855950
    },
    {
        "major": "Sociology, Standard Concentration",
        "key": 25855947
    },
    {
        "major": "Software Engineering",
        "key": 25855925
    },
    {
        "major": "Spanish",
        "key": 25855892
    },
    {
        "major": "Theatre",
        "key": 25855985
    },
    {
        "major": "Women's, Gender, and Sexuality Studies",
        "key": 25855980
    }
]