[
    {
        "major": "Anthropology B.A.",
        "key": 26890280
    },
    {
        "major": "Art B.A. - Art Education Concentration",
        "key": 26890289
    },
    {
        "major": "Art B.A. - Art History & Museum Studies Concentration",
        "key": 26890379
    },
    {
        "major": "Art B.A. - Art Studio Concentration",
        "key": 26890310
    },
    {
        "major": "Art B.F.A. - Fine Arts ",
        "key": 26890354
    },
    {
        "major": "Biology B.S. - Cellular/Molecular Biology Concentration",
        "key": 26890313
    },
    {
        "major": "Biology B.S. - Ecology Concentration",
        "key": 26890361
    },
    {
        "major": "Biology B.S. - General Biology Concentration",
        "key": 26890312
    },
    {
        "major": "Biology B.S. - Marine Biology Concentration",
        "key": 26890315
    },
    {
        "major": "Biology B.S. - Microbiology Concentration",
        "key": 26890314
    },
    {
        "major": "Biology B.S. - Science Education Concentration",
        "key": 26890316
    },
    {
        "major": "Botany B.S.",
        "key": 26890311
    },
    {
        "major": "Business Administration B.S. - Accounting Concentration",
        "key": 26890287
    },
    {
        "major": "Business Administration B.S. - Economics Concentration",
        "key": 26890293
    },
    {
        "major": "Business Administration B.S. - Finance Concentration",
        "key": 26890292
    },
    {
        "major": "Business Administration B.S. - Marketing Concentration",
        "key": 26890295
    },
    {
        "major": "Business Administration B.S. - New Venture Management Concentration",
        "key": 26890360
    },
    {
        "major": "Chemistry B.A.",
        "key": 26890317
    },
    {
        "major": "Chemistry B.S.",
        "key": 26890319
    },
    {
        "major": "Chemistry B.S. - Biochemistry Concentration",
        "key": 26890318
    },
    {
        "major": "Child Development & Family Relations B.A. - Child & Family Services Concentration",
        "key": 26890367
    },
    {
        "major": "Child Development & Family Relations B.A. - Specialized Studies Concentration",
        "key": 26890364
    },
    {
        "major": "Child Development & Family Relations B.A. - Teaching Concentration",
        "key": 26890365
    },
    {
        "major": "Communication B.A.",
        "key": 26890321
    },
    {
        "major": "Computer Science B.S.",
        "key": 26890323
    },
    {
        "major": "Criminology and Justice Studies B.A.",
        "key": 26890320
    },
    {
        "major": "Critical Race, Gender & Sexuality Studies B.A.",
        "key": 26890322
    },
    {
        "major": "Dance Studies [Interdisciplinary Studies B.A - Dance Studies Concentration]",
        "key": 26890368
    },
    {
        "major": "Economics B.A.",
        "key": 26890366
    },
    {
        "major": "English B.A.",
        "key": 26890377
    },
    {
        "major": "English B.A. - English Education Concentration",
        "key": 26890374
    },
    {
        "major": "Environmental Resource Engineering B.S.",
        "key": 26890325
    },
    {
        "major": "Environmental Science & Management - Ecological Restoration",
        "key": 26890353
    },
    {
        "major": "Environmental Science & Management - Energy & Climate",
        "key": 26890355
    },
    {
        "major": "Environmental Science & Management - Environmental Education & Interpretation",
        "key": 26890356
    },
    {
        "major": "Environmental Science & Management - Environmental Planning & Policy",
        "key": 26890357
    },
    {
        "major": "Environmental Science & Management - Geospatial Science",
        "key": 26890358
    },
    {
        "major": "Environmental Studies B.A.",
        "key": 26890327
    },
    {
        "major": "Film B.A.",
        "key": 26890324
    },
    {
        "major": "Fisheries Biology B.S. - Aquaculture Concentration",
        "key": 26890362
    },
    {
        "major": "Fisheries Biology B.S. - Freshwater Fisheries Concentration",
        "key": 26890326
    },
    {
        "major": "Fisheries Biology B.S. - Marine Fisheries Concentration",
        "key": 26890328
    },
    {
        "major": "Forestry B.S. - Forest Hydrology Concentration",
        "key": 26890330
    },
    {
        "major": "Forestry B.S. - Forest Operations Concentration",
        "key": 26890329
    },
    {
        "major": "Forestry B.S. - Forest Restoration Concentration",
        "key": 26890359
    },
    {
        "major": "Forestry B.S. - Forest Soils Concentration",
        "key": 26890331
    },
    {
        "major": "Forestry B.S. - Tribal Forestry Concentration",
        "key": 26890363
    },
    {
        "major": "Forestry B.S. - Wildland Fire Management Concentration",
        "key": 26890333
    },
    {
        "major": "French & Francophone Studies B.A.",
        "key": 26890332
    },
    {
        "major": "Geography B.A.",
        "key": 26890334
    },
    {
        "major": "Geology B.A. - Geosciences Concentration",
        "key": 26890335
    },
    {
        "major": "Geology B.S.",
        "key": 26890336
    },
    {
        "major": "History B.A.",
        "key": 26890337
    },
    {
        "major": "History B.A. - History Education Concentration",
        "key": 26890338
    },
    {
        "major": "International Studies B.A. - Chinese Studies Concentration",
        "key": 26890339
    },
    {
        "major": "International Studies B.A. - Development Studies Concentration",
        "key": 26890369
    },
    {
        "major": "International Studies B.A. - European Studies Concentration",
        "key": 26890340
    },
    {
        "major": "International Studies B.A. - Global Cultural Studies Concentration",
        "key": 26890341
    },
    {
        "major": "International Studies B.A. - Latin American Studies Concentration",
        "key": 26890343
    },
    {
        "major": "Journalism B.A. - News Concentration",
        "key": 26890342
    },
    {
        "major": "Journalism B.A. - Public Relations Concentration",
        "key": 26890344
    },
    {
        "major": "Kinesiology B.S. - Exercise Science Concentration",
        "key": 26890370
    },
    {
        "major": "Kinesiology B.S. - Health Promotion Concentration",
        "key": 26890371
    },
    {
        "major": "Kinesiology B.S. - Physical Education Teaching Concentration",
        "key": 26890345
    },
    {
        "major": "Kinesiology B.S. - Pre-Health Professions Concentration",
        "key": 26890373
    },
    {
        "major": "Leadership Studies [Interdisciplinary Studies B.A. - Leadership Studies Concentration]",
        "key": 26890372
    },
    {
        "major": "Liberal Studies B.A. - Child Development/Elementary Education Concentration",
        "key": 26890375
    },
    {
        "major": "Liberal Studies B.A. - Elementary Education Concentration",
        "key": 26890346
    },
    {
        "major": "Mathematics B.A.",
        "key": 26890347
    },
    {
        "major": "Music B.A. - Composition Concentration",
        "key": 26890349
    },
    {
        "major": "Music B.A. - Music Education Concentration",
        "key": 26890348
    },
    {
        "major": "Music B.A. - Music Studies Concentration",
        "key": 26890352
    },
    {
        "major": "Music B.A. - Performance Concentration",
        "key": 26890351
    },
    {
        "major": "Native American Studies B.A.",
        "key": 26890350
    },
    {
        "major": "Nursing B.S.N. (RN-BSN)",
        "key": 26890703
    },
    {
        "major": "Oceanography B.S.",
        "key": 26890666
    },
    {
        "major": "Philosophy B.A.",
        "key": 26890665
    },
    {
        "major": "Physical Science B.A.",
        "key": 26890696
    },
    {
        "major": "Physics B.S.",
        "key": 26890668
    },
    {
        "major": "Physics B.S. - Astronomy Concentration",
        "key": 26890669
    },
    {
        "major": "Political Science B.A. - Global Politics Concentration",
        "key": 26890699
    },
    {
        "major": "Political Science B.A. - Law & Policy Concentration",
        "key": 26890697
    },
    {
        "major": "Political Science B.A. - Politics of Environment & Sustainability Concentration",
        "key": 26890698
    },
    {
        "major": "Political Science B.A. - Traditional Concentration",
        "key": 26890700
    },
    {
        "major": "Psychology B.A.",
        "key": 26890667
    },
    {
        "major": "Rangeland Resource Science B.S.",
        "key": 26890670
    },
    {
        "major": "Rangeland Resource Science B.S. - Wildland Soil Science Concentration",
        "key": 26890672
    },
    {
        "major": "Recreation Administration B.A.",
        "key": 26890674
    },
    {
        "major": "Religious Studies B.A.",
        "key": 26890671
    },
    {
        "major": "Social Work B.A.",
        "key": 26890675
    },
    {
        "major": "Sociology B.A.",
        "key": 26890673
    },
    {
        "major": "Spanish B.A.",
        "key": 26890676
    },
    {
        "major": "Theatre Arts B.A.",
        "key": 26890677
    },
    {
        "major": "Wildlife B.S. - Conservation Biology/Applied Vertebrate Ecology Concentration",
        "key": 26890678
    },
    {
        "major": "Wildlife B.S. - Wildlife Management & Conservation Concentration",
        "key": 26890679
    },
    {
        "major": "Zoology B.S.",
        "key": 26890680
    }
]