[
    {
        "major": "Advanced Manufacturing and Applied Robotics B.S.",
        "key": 26755999
    },
    {
        "major": "Agricultural Business B.S.",
        "key": 26756000
    },
    {
        "major": "Agricultural Science B.S. - Agricultural Communication and Leadership Option",
        "key": 26756002
    },
    {
        "major": "Agricultural Science B.S. - Agricultural Science and Education Option",
        "key": 26756001
    },
    {
        "major": "Animal Science B.S.",
        "key": 26756003
    },
    {
        "major": "Anthropology B.A.",
        "key": 26756004
    },
    {
        "major": "Art B.A. - Art Education Option",
        "key": 26756005
    },
    {
        "major": "Art B.A. - Art History Option",
        "key": 26756006
    },
    {
        "major": "Art B.A. - Art Studio Option",
        "key": 26756007
    },
    {
        "major": "Art B.F.A. - Art Studio Option",
        "key": 26756009
    },
    {
        "major": "Art B.F.A. - Interior Architecture Option",
        "key": 26756008
    },
    {
        "major": "Asian Studies B.A.",
        "key": 26756010
    },
    {
        "major": "Biochemistry B.S.",
        "key": 26756011
    },
    {
        "major": "Biological Sciences B.A.",
        "key": 26756012
    },
    {
        "major": "Biological Sciences B.S. - Cellular and Molecular Biology Option",
        "key": 26756013
    },
    {
        "major": "Biological Sciences B.S. - Ecological, Evolutionary, and Organismal Biology Option",
        "key": 26756014
    },
    {
        "major": "Biological Sciences B.S. - Plant Biology Option",
        "key": 26756015
    },
    {
        "major": "Business Administration B.S. - Accounting Option",
        "key": 26756016
    },
    {
        "major": "Business Administration B.S. - Entrepreneurship and Small Business Management Option",
        "key": 26756018
    },
    {
        "major": "Business Administration B.S. - Finance Option",
        "key": 26756017
    },
    {
        "major": "Business Administration B.S. - Human Resource Management Option",
        "key": 26756019
    },
    {
        "major": "Business Administration B.S. - Management Option",
        "key": 26756020
    },
    {
        "major": "Business Administration B.S. - Marketing Option",
        "key": 26756021
    },
    {
        "major": "Business Administration B.S. - Project Management Option",
        "key": 26756022
    },
    {
        "major": "Business Administration B.S. Online Degree Completion",
        "key": 26756023
    },
    {
        "major": "Business Information Systems B.S. - Business Analytics Option",
        "key": 26756024
    },
    {
        "major": "Business Information Systems B.S. - Management Information Systems Option",
        "key": 26756025
    },
    {
        "major": "Business Information Systems B.S. - Operations and Supply Chain Management Option",
        "key": 26756026
    },
    {
        "major": "Chemistry B.A.",
        "key": 26756027
    },
    {
        "major": "Chemistry B.S.",
        "key": 26756028
    },
    {
        "major": "Child Development B.A.",
        "key": 26756029
    },
    {
        "major": "Civil Engineering B.S. - Environmental and Water Resources Engineering",
        "key": 26756030
    },
    {
        "major": "Civil Engineering B.S. - General Civil Engineering",
        "key": 26756031
    },
    {
        "major": "Civil Engineering B.S.- Structural Engineering",
        "key": 26756032
    },
    {
        "major": "Communication Design B.F.A",
        "key": 26756034
    },
    {
        "major": "Communication Sciences and Disorders B.S.",
        "key": 26756033
    },
    {
        "major": "Communication Studies B.A. - Communication and Public Affairs Option",
        "key": 26756036
    },
    {
        "major": "Communication Studies B.A. - Organizational Communication Option",
        "key": 26756035
    },
    {
        "major": "Computer Animation and Game Development B.S. - Animation Production Option",
        "key": 26756037
    },
    {
        "major": "Computer Animation and Game Development B.S. - Game Development Option",
        "key": 26756038
    },
    {
        "major": "Computer Engineering B.S.",
        "key": 26756179
    },
    {
        "major": "Computer Information Systems B.S.",
        "key": 26756180
    },
    {
        "major": "Computer Science B.S.",
        "key": 26756181
    },
    {
        "major": "Concrete Industry Management B.S.",
        "key": 26756182
    },
    {
        "major": "Construction Management B.S.",
        "key": 26756184
    },
    {
        "major": "Criminal Justice B.A.",
        "key": 26756183
    },
    {
        "major": "Economics B.A.",
        "key": 26756185
    },
    {
        "major": "Electrical/Electronic Engineering B.S.",
        "key": 26756186
    },
    {
        "major": "English B.A. - English Education Option",
        "key": 26756188
    },
    {
        "major": "English B.A. - English Studies Option",
        "key": 26756187
    },
    {
        "major": "English B.A. - Literature Option",
        "key": 26756189
    },
    {
        "major": "Environmental Science B.S. - Applied Ecology Option",
        "key": 26756191
    },
    {
        "major": "Environmental Science B.S. - Atmosphere and Climate Option",
        "key": 26756190
    },
    {
        "major": "Environmental Science B.S. - Energy and Earth Resources Option",
        "key": 26756193
    },
    {
        "major": "Environmental Science B.S. - Hydrology Option",
        "key": 26756192
    },
    {
        "major": "Exercise Physiology B.S. ",
        "key": 26756195
    },
    {
        "major": "French B.A.",
        "key": 26756194
    },
    {
        "major": "Geography B.A. - Human Geography and Planning Option",
        "key": 26756196
    },
    {
        "major": "Geography B.A. - Physical and Environmental Geography Option",
        "key": 26756197
    },
    {
        "major": "Geology B.S.",
        "key": 26756198
    },
    {
        "major": "Geosciences B.S. - Physical Science Education Option",
        "key": 26756200
    },
    {
        "major": "Geosciences B.S. - Science Education Option: Geosciences Concentration",
        "key": 26756199
    },
    {
        "major": "German B.A. ",
        "key": 26756201
    },
    {
        "major": "Health Services Administration B.S.",
        "key": 26756202
    },
    {
        "major": "History B.A. - General History Option",
        "key": 26756203
    },
    {
        "major": "History B.A. - Social Science Pre-Credential Option",
        "key": 26756204
    },
    {
        "major": "Humanities B.A.",
        "key": 26756205
    },
    {
        "major": "International Relations B.A. ",
        "key": 26756207
    },
    {
        "major": "Intersectional Chicanx/Latinx Studies B.A.",
        "key": 26756206
    },
    {
        "major": "Journalism B.A. - News Option",
        "key": 26756209
    },
    {
        "major": "Journalism B.A. - Public Relations Option",
        "key": 26756208
    },
    {
        "major": "Kinesiology B.A. - Movement Studies Option",
        "key": 26756211
    },
    {
        "major": "Kinesiology B.A. - Outdoor Education Option",
        "key": 26756210
    },
    {
        "major": "Kinesiology B.A. - Physical Education Teacher Education (PETE) Option",
        "key": 26756212
    },
    {
        "major": "Latin American Studies B.A.",
        "key": 26756213
    },
    {
        "major": "Liberal Studies B.A. - Bilingual/Cross-Cultural Option",
        "key": 26756214
    },
    {
        "major": "Liberal Studies B.A. - General Option",
        "key": 26756216
    },
    {
        "major": "Liberal Studies B.A. - General Option (Online Degree Completion)",
        "key": 26756215
    },
    {
        "major": "Liberal Studies B.A. - Liberal Arts Option",
        "key": 26756218
    },
    {
        "major": "Linguistics B.A.",
        "key": 26756217
    },
    {
        "major": "Mathematics B.S. - Applied Mathematics Option",
        "key": 26756219
    },
    {
        "major": "Mathematics B.S. - Foundational Mathematics Education Option",
        "key": 26756220
    },
    {
        "major": "Mathematics B.S. - General Option in Mathematics",
        "key": 26756221
    },
    {
        "major": "Mathematics B.S. - Mathematics Education Option",
        "key": 26756222
    },
    {
        "major": "Mathematics B.S. - Statistics Option",
        "key": 26756223
    },
    {
        "major": "Mechanical Engineering B.S.",
        "key": 26756224
    },
    {
        "major": "Mechatronic Engineering B.S.",
        "key": 26756225
    },
    {
        "major": "Media Arts B.A. - Criticism Option",
        "key": 26756226
    },
    {
        "major": "Media Arts B.A. - Production Option",
        "key": 26756227
    },
    {
        "major": "Microbiology B.S. - Clinical Laboratory Science Option",
        "key": 26756228
    },
    {
        "major": "Microbiology B.S. - General Microbiology Option",
        "key": 26756229
    },
    {
        "major": "Multicultural and Gender Studies B.A. - General Option",
        "key": 26756230
    },
    {
        "major": "Multicultural and Gender Studies B.A. - Women's Studies Option",
        "key": 26756231
    },
    {
        "major": "Music B.A. - General Music Option",
        "key": 26756233
    },
    {
        "major": "Music B.A. - Music Education Option",
        "key": 26756232
    },
    {
        "major": "Music B.A. - Music Industry Option",
        "key": 26756235
    },
    {
        "major": "Music B.A. - Recording Arts Option",
        "key": 26756234
    },
    {
        "major": "Musical Theatre B.F.A.",
        "key": 26756236
    },
    {
        "major": "Natural Sciences B.S. - Science Education Option",
        "key": 26756237
    },
    {
        "major": "Nursing B.S. - General Option",
        "key": 26756238
    },
    {
        "major": "Nutrition and Food Sciences B.S. - Food and Nutrition Communication Option",
        "key": 26756239
    },
    {
        "major": "Nutrition and Food Sciences B.S. - General Dietetics Option",
        "key": 26756241
    },
    {
        "major": "Nutrition and Food Sciences B.S. - Nutrition Management Option",
        "key": 26756240
    },
    {
        "major": "Philosophy B.A.",
        "key": 26756242
    },
    {
        "major": "Physics B.S. - General Physics Option",
        "key": 26756243
    },
    {
        "major": "Physics B.S. - Professional Physics Option",
        "key": 26756244
    },
    {
        "major": "Plant and Soil Science B.S. - Crops and Horticulture Option",
        "key": 26756246
    },
    {
        "major": "Plant and Soil Science B.S. - Land and Soil Resource Management Option",
        "key": 26756245
    },
    {
        "major": "Political Science B.A. - Legal Studies Option",
        "key": 26756247
    },
    {
        "major": "Political Science B.A. - U.S. Politics Option",
        "key": 26756248
    },
    {
        "major": "Psychology B.A.",
        "key": 26756249
    },
    {
        "major": "Public Administration B.A.",
        "key": 26756250
    },
    {
        "major": "Public Health B.S.",
        "key": 26756251
    },
    {
        "major": "Recreation, Hospitality, and Parks Management B.S. - Event Management Option",
        "key": 26756252
    },
    {
        "major": "Recreation, Hospitality, and Parks Management B.S. - Parks and Recreation Management Option",
        "key": 26756253
    },
    {
        "major": "Recreation, Hospitality, and Parks Management B.S. - Recreation Therapy Option",
        "key": 26756254
    },
    {
        "major": "Recreation, Hospitality, and Parks Management B.S. - Resort and Lodging Management Option",
        "key": 26756255
    },
    {
        "major": "Religious Studies B.A.",
        "key": 26756256
    },
    {
        "major": "Social Science B.A. - Multidisciplinary Studies Option",
        "key": 26756257
    },
    {
        "major": "Social Work B.A.",
        "key": 26756258
    },
    {
        "major": "Sociology B.A.",
        "key": 26756259
    },
    {
        "major": "Spanish B.A.",
        "key": 26756260
    },
    {
        "major": "Theatre Arts B.A.",
        "key": 26756261
    }
]