[
    {
        "major": "Anthropology, B.A.",
        "key": "74/69/to/143/Major/66255337-5c7e-4710-8d38-91e4ef8c39b4"
    },
    {
        "major": "Applied Physics, B.S.",
        "key": "74/69/to/143/Major/63d246a5-e538-478f-96a9-cc060ca00a33"
    },
    {
        "major": "Art, B.A. Art History",
        "key": "74/69/to/143/Major/9d1313a0-ef4f-43f4-9804-c859c21b6762"
    },
    {
        "major": "Art, B.A. Art Studio Emphasis",
        "key": "74/69/to/143/Major/9c3dc2f5-16e0-49d3-828d-d32675a994f2"
    },
    {
        "major": "Biology, B.A.",
        "key": "74/69/to/143/Major/590e70ab-ab8a-46aa-bbef-d0ce63c01617"
    },
    {
        "major": "Biology, B.S.",
        "key": "74/69/to/143/Major/b63ee562-ecb3-4ffa-bb0b-02f6c35e10f3"
    },
    {
        "major": "Business, B.S.",
        "key": "74/69/to/143/Major/71383c1e-27cc-4992-b27f-e02cab384c63"
    },
    {
        "major": "Chemistry, B.A.",
        "key": "74/69/to/143/Major/4795e172-8cfe-48b8-8570-881978c2a25f"
    },
    {
        "major": "Chemistry, B.S.",
        "key": "74/69/to/143/Major/384f308c-ee09-4d51-b084-d37d785ba5a6"
    },
    {
        "major": "Chicana/o Studies, B.A.",
        "key": "74/69/to/143/Major/e65e08fc-b0b0-4b36-b769-22e0fe07d6ad"
    },
    {
        "major": "Communication, B.A. Environmental Communication Emphasis",
        "key": "74/69/to/143/Major/fce9541a-5075-46d0-9b1b-b29d0a62c910"
    },
    {
        "major": "Communication, B.A. Health Communication Emphasis",
        "key": "74/69/to/143/Major/7d57a473-19a9-47a1-a278-5c2c7947194b"
    },
    {
        "major": "Communication, B.A. Organizational Communication Emphasis",
        "key": "74/69/to/143/Major/0356ac8a-cc8e-4ddb-b4e9-cea22023bfde"
    },
    {
        "major": "Computer Science, B.S.",
        "key": "74/69/to/143/Major/14f4966b-940d-4854-9020-750dbc4231dc"
    },
    {
        "major": "Dance Studies, B.A.",
        "key": "74/69/to/143/Major/ebc15167-8949-4762-b049-6a0cf0417c73"
    },
    {
        "major": "Early Childhood Studies, B.A.",
        "key": "74/69/to/143/Major/7f065d1c-29ae-4bff-9631-5cd0d3d2a442"
    },
    {
        "major": "Economics, B.A.",
        "key": "74/69/to/143/Major/39eda1f1-52af-41fd-bb61-94be340f4ffa"
    },
    {
        "major": "English, B.A.",
        "key": "74/69/to/143/Major/5a696b33-f11f-4790-bd7d-6d8b3155669b"
    },
    {
        "major": "Environmental Science & Resource Management, B.S. Earth Systems Emphasis",
        "key": "74/69/to/143/Major/ede6064b-35a3-4f7b-bf6b-68d3ebdd3ac6"
    },
    {
        "major": "Environmental Science & Resource Management, B.S. Marine and Coastal Systems Emphasis",
        "key": "74/69/to/143/Major/68e46c75-c114-4d5f-8faf-29704050e0c4"
    },
    {
        "major": "Global Studies, B.A.",
        "key": "74/69/to/143/Major/2ee649d7-2bb4-4350-b2ca-128ca9a9b8a1"
    },
    {
        "major": "Health Science, B.S.",
        "key": "74/69/to/143/Major/d41dd72b-e280-4155-84ce-a10a1dba6dcc"
    },
    {
        "major": "History, B.A.",
        "key": "74/69/to/143/Major/30d02d26-d241-4288-8414-baf368159927"
    },
    {
        "major": "Information Technology, B.S.",
        "key": "74/69/to/143/Major/fe2e8b48-a6d3-4ac9-a7a1-b2c0c3a4f958"
    },
    {
        "major": "Liberal Studies, B.A. Concentrated Studies Emphasis",
        "key": "74/69/to/143/Major/c9ce6f0a-cb2c-4976-abc8-adb28608df17"
    },
    {
        "major": "Liberal Studies, B.A. Integrated Teaching Credential Emphasis",
        "key": "74/69/to/143/Major/a4e2597c-4482-4145-8fc8-db5d088e4e35"
    },
    {
        "major": "Liberal Studies, B.A. Teaching and Learning Emphasis",
        "key": "74/69/to/143/Major/8fb81203-a2a4-4781-b546-062d67513141"
    },
    {
        "major": "Mathematics, B.S. Applied Mathematics Emphasis",
        "key": "74/69/to/143/Major/5af7d2da-a92b-4dd4-b99d-8592548e6d3e"
    },
    {
        "major": "Mathematics, B.S. Mathematics Education Emphasis",
        "key": "74/69/to/143/Major/38c8be3e-1d51-4b46-9636-7d81b3fbbaa7"
    },
    {
        "major": "Mathematics, B.S. Pure Mathematics Emphasis",
        "key": "74/69/to/143/Major/b2d54911-f4bd-44b0-a241-3357c6098135"
    },
    {
        "major": "Mathematics, B.S. Statistics Emphasis",
        "key": "74/69/to/143/Major/aeeb83f7-0496-4dfd-aad5-4df2d2c97b10"
    },
    {
        "major": "Mechatronics Engineering, B.S.",
        "key": "74/69/to/143/Major/45f1f74a-596a-4b8e-bccc-624bc173184d"
    },
    {
        "major": "Music,  B.A.",
        "key": "74/69/to/143/Major/a84048d7-e41f-4a47-95fc-b21c302c6b95"
    },
    {
        "major": "Nursing, ADN or RN to B.S.N.",
        "key": "74/69/to/143/Major/84804533-9f8a-4375-8386-c71bbc59b4ae"
    },
    {
        "major": "Nursing, B.S.N.",
        "key": "74/69/to/143/Major/0ac53c52-4ed7-41ea-a769-e7e7538dbc6c"
    },
    {
        "major": "Political Science, B.A.",
        "key": "74/69/to/143/Major/0057552c-c7ca-4750-8a3a-3e90a12c0350"
    },
    {
        "major": "Psychology, B.A.",
        "key": "74/69/to/143/Major/c1491107-1ac0-4c5a-b4ef-9933b86c016c"
    },
    {
        "major": "Sociology, B.A.",
        "key": "74/69/to/143/Major/b93bd80e-c3fb-4323-9760-d7e9719abfbb"
    },
    {
        "major": "Spanish, B.A.",
        "key": "74/69/to/143/Major/07995bbc-0671-42f2-bb62-b1e7ea87c5e9"
    },
    {
        "major": "Theatre and Performance Studies, B.A. ",
        "key": "74/69/to/143/Major/4180c675-d8c2-4f02-acf2-f11fd1b5e48c"
    }
]