[
    {
        "major": "Africana Studies (B.A.)",
        "key": 26850329
    },
    {
        "major": "Agricultural Business (B.S.)",
        "key": 26850353
    },
    {
        "major": "Agricultural Education - Agricultural Communications Option (B.S.)",
        "key": 26850339
    },
    {
        "major": "Agricultural Education - Teacher Preparation Option (B.S.)",
        "key": 26850334
    },
    {
        "major": "Animal Science - Production Mgt Option - Dairy Science Emphasis (B.S.)",
        "key": 26850413
    },
    {
        "major": "Animal Science - Production Mgt Option - Equine Science Emphasis (B.S.)",
        "key": 26850412
    },
    {
        "major": "Animal Science - Production Mgt Option - Livestock and Poultry Mgt Emphasis (B.S.)",
        "key": 26850415
    },
    {
        "major": "Animal Science - Production Mgt Option - Meat Technology Emphasis (B.S.)",
        "key": 26850425
    },
    {
        "major": "Animal Science - Science Option - Pre Veterinary Emphasis (B.S.)",
        "key": 26850420
    },
    {
        "major": "Animal Science - Science Option - Preprofessional Emphasis (B.S.)",
        "key": 26850428
    },
    {
        "major": "Anthropology (B.A.)",
        "key": 26850332
    },
    {
        "major": "Architectural Studies (B.S.)",
        "key": 26850424
    },
    {
        "major": "Art (B.A.)",
        "key": 26850341
    },
    {
        "major": "Art - Animation Intermedia Option (B.A.)",
        "key": 26850414
    },
    {
        "major": "Art History (B.A.)",
        "key": 26850392
    },
    {
        "major": "Biochemistry (B.S.)",
        "key": 26850335
    },
    {
        "major": "Biology (B.S.)",
        "key": 26850336
    },
    {
        "major": "Biomedical Physics (B.S.)",
        "key": 26850338
    },
    {
        "major": "Business Administration (B.S.)",
        "key": 26850337
    },
    {
        "major": "Chemistry (B.A.)",
        "key": 26850343
    },
    {
        "major": "Chemistry (B.S.)",
        "key": 26850342
    },
    {
        "major": "Chicano Studies (B.A.)",
        "key": 26850340
    },
    {
        "major": "Child and Family Science - Child Development Option (B.S.)",
        "key": 26850406
    },
    {
        "major": "Child and Family Science - Family Science Option (B.S.)",
        "key": 26850390
    },
    {
        "major": "City & Regional Planning (B.S.)",
        "key": 26850387
    },
    {
        "major": "Civil Engineering (B.S.) ",
        "key": 26850349
    },
    {
        "major": "Cognitive Science (B.S.) ",
        "key": 26850345
    },
    {
        "major": "Communication (B.A.)",
        "key": 26850344
    },
    {
        "major": "Communicative Sciences - Audiology Option (B.A.)",
        "key": 26850433
    },
    {
        "major": "Communicative Sciences - Speech Pathology Option (B.A.)",
        "key": 26850437
    },
    {
        "major": "Computer Engineering (B.S.)",
        "key": 26850350
    },
    {
        "major": "Computer Science (B.S.)",
        "key": 26850348
    },
    {
        "major": "Construction Management (B.S.)",
        "key": 26850358
    },
    {
        "major": "Criminology (B.S.)",
        "key": 26850347
    },
    {
        "major": "Dance (B.A)",
        "key": 26850399
    },
    {
        "major": "Deaf Studies - Deaf Education Option (B.A.)",
        "key": 26850431
    },
    {
        "major": "Deaf Studies - Deaf Studies Option (B.A.)",
        "key": 26850429
    },
    {
        "major": "Deaf Studies - Interpreting Option (B.A.)",
        "key": 26850440
    },
    {
        "major": "Economics (B.A.)",
        "key": 26850346
    },
    {
        "major": "Electrical Engineering (B.S.)",
        "key": 26850356
    },
    {
        "major": "English - Creative Writing Option (B.A.)",
        "key": 26850397
    },
    {
        "major": "English - Literature Option (B.A.)",
        "key": 26850404
    },
    {
        "major": "English Studies - Creative Writing Emphasis (B.A.)",
        "key": 26850426
    },
    {
        "major": "English Studies - Literature Emphasis (B.A.)",
        "key": 26850422
    },
    {
        "major": "English Studies - Rhetoric and Writing Studies Emphasis (B.A.)",
        "key": 26850427
    },
    {
        "major": "English Studies - Speech Emphasis (B.A.)",
        "key": 26850430
    },
    {
        "major": "English Studies - Theatre Emphasis (B.A.)",
        "key": 26850434
    },
    {
        "major": "Enology (B.S.)",
        "key": 26850355
    },
    {
        "major": "Environmental Sciences (B.S.)",
        "key": 26850360
    },
    {
        "major": "Fashion Merchandising (B.A.)",
        "key": 26850396
    },
    {
        "major": "Food Sciences - Culinology Option (B.S.)",
        "key": 26850442
    },
    {
        "major": "Food Sciences - Food Technology Option (B.S.)",
        "key": 26850441
    },
    {
        "major": "Forensic Behavioral Sciences (B.S.)",
        "key": 26850402
    },
    {
        "major": "French (B.A.)",
        "key": 26850351
    },
    {
        "major": "Geography (B.A.)",
        "key": 26850352
    },
    {
        "major": "Geology (B.S.)",
        "key": 26850359
    },
    {
        "major": "Geomatics Engineering (B.S.)",
        "key": 26850365
    },
    {
        "major": "Graphic Design (B.F.A.)",
        "key": 26850354
    },
    {
        "major": "Health Science - Community Health Option (B.S.)",
        "key": 26850363
    },
    {
        "major": "Health Science - Environmental/Occupational Health & Safety Option (B.S.)",
        "key": 26850444
    },
    {
        "major": "Health Science - Health Administration Option (B.S.)",
        "key": 26850361
    },
    {
        "major": "History (B.A.)",
        "key": 26850357
    },
    {
        "major": "Human Nutritional Sciences (B.S.)",
        "key": 26850438
    },
    {
        "major": "Industrial Technology (B.S.)",
        "key": 26850364
    },
    {
        "major": "Industrial Technology - Agricultural Systems Management Option (B.S.)",
        "key": 26850366
    },
    {
        "major": "Integrated Design (B.A.)",
        "key": 26850409
    },
    {
        "major": "Interior Design (B.A.)",
        "key": 26850367
    },
    {
        "major": "Kinesiology - Exercise Science Option (B.S.)",
        "key": 26850371
    },
    {
        "major": "Kinesiology - Physical Education Option (B.S.)",
        "key": 26850416
    },
    {
        "major": "Kinesiology - Sport Administration (B.S.)",
        "key": 26850435
    },
    {
        "major": "Latin American Studies (B.A.)",
        "key": 26850362
    },
    {
        "major": "Liberal Studies (B.A.)",
        "key": 26850368
    },
    {
        "major": "Linguistics - Computational Linguistics Option (B.A.)",
        "key": 26850373
    },
    {
        "major": "Linguistics - Interdisciplinary Language Studies Option (B.A.)",
        "key": 26850408
    },
    {
        "major": "Mass Communication and Journalism - Advertising and Public Relations Option (B.A.)",
        "key": 26850423
    },
    {
        "major": "Mass Communication and Journalism - Broadcast/Multiplatform Journalism Option (B.A.)",
        "key": 26850418
    },
    {
        "major": "Mass Communication and Journalism - Digital Journalism Option (B.A.)",
        "key": 26850419
    },
    {
        "major": "Mass Communication and Journalism - Film and Media Arts Option (B.A.)",
        "key": 26850421
    },
    {
        "major": "Mathematics - Applied Math Option (B.S.)",
        "key": 26850391
    },
    {
        "major": "Mathematics - General Math Option (B.S.)",
        "key": 26850400
    },
    {
        "major": "Mathematics - Integrated Credential Option (B.S.)",
        "key": 26850405
    },
    {
        "major": "Mathematics - Pure Math Option (B.S.)",
        "key": 26850403
    },
    {
        "major": "Mathematics - Statistics Option (B.S.)",
        "key": 26850394
    },
    {
        "major": "Mathematics - Teaching Option (B.S.)",
        "key": 26850395
    },
    {
        "major": "Mechanical Engineering (B.S.)",
        "key": 26850370
    },
    {
        "major": "Music (B.M)",
        "key": 26850443
    },
    {
        "major": "Music- Music as a Liberal Art Option (B.A.)",
        "key": 26850439
    },
    {
        "major": "Natural Sciences - Biology Option (B.A.)",
        "key": 26850376
    },
    {
        "major": "Natural Sciences - Chemistry Option (B.A.)",
        "key": 26850377
    },
    {
        "major": "Natural Sciences - Earth Science Option (B.A.)",
        "key": 26850369
    },
    {
        "major": "Natural Sciences - Physics Option (B.A.)",
        "key": 26850379
    },
    {
        "major": "Nursing (B.S.)",
        "key": 26850386
    },
    {
        "major": "Nursing - RN to BSN ",
        "key": 26850393
    },
    {
        "major": "Philosophy (B.A.) ",
        "key": 26850401
    },
    {
        "major": "Philosophy - Prelaw Option (B.A.) ",
        "key": 26850407
    },
    {
        "major": "Philosophy - Religious Studies Option (B.A.) ",
        "key": 26850372
    },
    {
        "major": "Physics (B.S.)",
        "key": 26850383
    },
    {
        "major": "Plant Science (B.S.)",
        "key": 26850417
    },
    {
        "major": "Political Science (B.A.)",
        "key": 26850374
    },
    {
        "major": "Psychology (B.A.)",
        "key": 26850375
    },
    {
        "major": "Recreation Administration - Community Recreation, Youth Development, and Senior Services Emphasis (B.S.)",
        "key": 26850445
    },
    {
        "major": "Recreation Administration - Outdoor Recreation and Natural Resource Management Emphasis (B.S.)",
        "key": 26850436
    },
    {
        "major": "Recreation Administration - Recreation Therapy Emphasis (B.S.)",
        "key": 26850410
    },
    {
        "major": "Recreation Administration - Special Events & Tourism Emphasis (B.S.)",
        "key": 26850411
    },
    {
        "major": "Recreation Administration - Sports and Entertainment Facility Management Emphasis (B.S.)",
        "key": 26850378
    },
    {
        "major": "Social Work (B.A.)",
        "key": 26850398
    },
    {
        "major": "Sociology (B.A.)",
        "key": 26850382
    },
    {
        "major": "Spanish (B.A.)",
        "key": 26850380
    },
    {
        "major": "Theatre Arts - Acting Emphasis (B.A.)",
        "key": 26850381
    },
    {
        "major": "Theatre Arts - Design/Technology Emphasis (B.A.)",
        "key": 26850384
    },
    {
        "major": "Theatre Arts - General Emphasis (B.A.)",
        "key": 26850389
    },
    {
        "major": "Theatre Arts - Theatre Education Option (B.A.)",
        "key": 26850432
    },
    {
        "major": "Viticulture (B.S.)",
        "key": 26850388
    },
    {
        "major": "Women's Studies (B.A.)",
        "key": 26850385
    }
]