[
    {
        "major": "Administration, B.A. (Multiple Concentrations)",
        "key": "74/69/to/85/Major/fcbd53a8-edd1-4a5b-a8f4-bcca12525d2d"
    },
    {
        "major": "Anthropology, B.A.",
        "key": "74/69/to/85/Major/341b4794-9f57-484c-81d9-e157f3eb0a0b"
    },
    {
        "major": "Arabic Language, Literature, and Culture, B.A.",
        "key": "74/69/to/85/Major/2ed4e7e0-ee9a-4e30-bd2a-82ffdc2af153"
    },
    {
        "major": "Bioinformatics, B.S.",
        "key": "74/69/to/85/Major/88765cde-12d5-4e84-9b9c-4a7b186f9489"
    },
    {
        "major": "Biology, B.S.",
        "key": "74/69/to/85/Major/27215f7d-f962-4758-aced-215957e1923b"
    },
    {
        "major": "Career and Technical Studies, B.A.",
        "key": "74/69/to/85/Major/58fb5efe-7e64-4491-913a-ff7f67155598"
    },
    {
        "major": "Career and Technical Studies, B.S.",
        "key": "74/69/to/85/Major/32c9879f-9293-4e2a-99e9-51a04d17dbf2"
    },
    {
        "major": "Chemistry, B.A.",
        "key": "74/69/to/85/Major/e405f486-9c0e-4855-b977-3157ef7f5616"
    },
    {
        "major": "Chemistry, B.S. - Biochemistry Concentration",
        "key": "74/69/to/85/Major/e3c5977a-6ec7-48a5-adc2-5eb778902fce"
    },
    {
        "major": "Chemistry, B.S. - Chemistry Concentration",
        "key": "74/69/to/85/Major/2fdbc52b-4e6e-4ea9-8b11-429541d057ec"
    },
    {
        "major": "Communication, B.A.",
        "key": "74/69/to/85/Major/24255bef-61dd-4860-8299-c30214088060"
    },
    {
        "major": "Computer Engineering, B.S.",
        "key": "74/69/to/85/Major/95d0dc8a-5176-4f2f-8a43-4a9064b3ad26"
    },
    {
        "major": "Computer Science, B.S.",
        "key": "74/69/to/85/Major/7109a656-47f3-4bbc-a844-7fad469a207e"
    },
    {
        "major": "Computer Systems, B.A.",
        "key": "74/69/to/85/Major/7473073f-7df4-4fe6-a341-8086a302828a"
    },
    {
        "major": "Criminal Justice, B.A.",
        "key": "74/69/to/85/Major/511d6e9a-6b2d-44f0-9cb7-73df928c19ce"
    },
    {
        "major": "English, B.A.",
        "key": "74/69/to/85/Major/7b736b31-ac4b-490c-b645-571b1bb1ddff"
    },
    {
        "major": "Ethnic Studies, B.A.",
        "key": "74/69/to/85/Major/19f4f2c9-eb53-43cd-8f32-927ecc9b1d05"
    },
    {
        "major": "French, B.A.",
        "key": "74/69/to/85/Major/6e104052-5ef6-4827-b491-aa3a7a878ebd"
    },
    {
        "major": "Global Studies, B.A.",
        "key": "74/69/to/85/Major/eb75e67f-2e9f-4488-8e4a-0a6e1ebdd097"
    },
    {
        "major": "Health Services Administration, B.S.",
        "key": "74/69/to/85/Major/4a32b0e1-df92-4f5b-85cf-4a04d7a42458"
    },
    {
        "major": "Nursing, B.S.",
        "key": "74/69/to/85/Major/1742c058-e3a4-443a-a7c9-67fc7ef186a6"
    },
    {
        "major": "Nutritional Science and Dietetics, B.S.",
        "key": "74/69/to/85/Major/d460f041-58f4-4145-a686-ec6bfd92b937"
    },
    {
        "major": "Philosophy, B.A.",
        "key": "74/69/to/85/Major/805c1583-9db3-44ac-b961-73b79c4cb3e5"
    },
    {
        "major": "Political Economy, B.A.",
        "key": "74/69/to/85/Major/a8a5d764-9060-44de-bd66-bb96b1e21e3a"
    },
    {
        "major": "Political Science, B.A.",
        "key": "74/69/to/85/Major/667eb8e7-a592-4abe-9d20-240f27f9d067"
    },
    {
        "major": "Psychology, B.A.",
        "key": "74/69/to/85/Major/86a6d5fa-d2db-4a53-a49a-6cfa6d3657e6"
    },
    {
        "major": "Public Health, B.S.",
        "key": "74/69/to/85/Major/7a468fa8-d3d8-4228-b5fd-4f0bc1d0bbda"
    },
    {
        "major": "Public History, B.A.",
        "key": "74/69/to/85/Major/1f37ec10-644f-4058-b2c9-9330604d897b"
    },
    {
        "major": "Social Sciences, B.A.",
        "key": "74/69/to/85/Major/a6ffa6c8-f7fd-4e84-98de-24d51ba041ca"
    },
    {
        "major": "Sociology, B.A.",
        "key": "74/69/to/85/Major/1752207e-b936-4d29-9ac3-800cbd952627"
    },
    {
        "major": "Spanish, B.A.",
        "key": "74/69/to/85/Major/52e1867a-873d-4132-bb65-632846dae859"
    },
    {
        "major": "Theatre Arts, B.A.",
        "key": "74/69/to/85/Major/ad49350f-55cd-465a-ad63-db3b609e04e8"
    }
]