[
    {
        "major": "American Indian Studies",
        "key": 25829901
    },
    {
        "major": "Anthropology",
        "key": 25829874
    },
    {
        "major": "Applied Physics - Applied Electronics Option",
        "key": 25829897
    },
    {
        "major": "Applied Physics - General Option",
        "key": 25829945
    },
    {
        "major": "Art, Media, and Design, Art and Visual Culture Option",
        "key": 25829950
    },
    {
        "major": "Art, Media, and Design, Digital and Media Arts Option",
        "key": 25829948
    },
    {
        "major": "Biochemistry",
        "key": 25829875
    },
    {
        "major": "Biological Sciences",
        "key": 25829876
    },
    {
        "major": "Biotechnology",
        "key": 25829878
    },
    {
        "major": "Business Administration - All Options",
        "key": 25829940
    },
    {
        "major": "Chemistry, Chemistry Education Option",
        "key": 25829877
    },
    {
        "major": "Chemistry, General Chemistry Option",
        "key": 25829882
    },
    {
        "major": "Child and Adolescent Development, B.A.",
        "key": 25829881
    },
    {
        "major": "Communication",
        "key": 25829879
    },
    {
        "major": "Computer Science - CIS Option",
        "key": 25829923
    },
    {
        "major": "Computer Science - CS Option",
        "key": 25829903
    },
    {
        "major": "Criminology and Justice Studies",
        "key": 25829884
    },
    {
        "major": "Economics",
        "key": 25829886
    },
    {
        "major": "Electrical Engineering",
        "key": 25829941
    },
    {
        "major": "Environmental Studies",
        "key": 25829928
    },
    {
        "major": "Ethnic Studies",
        "key": 25829898
    },
    {
        "major": "Geography",
        "key": 25829959
    },
    {
        "major": "Global Studies",
        "key": 25829888
    },
    {
        "major": "History",
        "key": 25829887
    },
    {
        "major": "History Single-Subject Preparation for Teaching Option",
        "key": 25829905
    },
    {
        "major": "Human Development, All Options",
        "key": 25829943
    },
    {
        "major": "Kinesiology - Health Science Option",
        "key": 25829925
    },
    {
        "major": "Kinesiology - Movement Science Option",
        "key": 25829920
    },
    {
        "major": "Liberal Studies, Integrated Teacher Education Program Option (ITEP)",
        "key": 25829963
    },
    {
        "major": "Liberal Studies, Teaching - Elementary Subject Matter Preparation",
        "key": 25829957
    },
    {
        "major": "Literature and Writing Studies",
        "key": 25829889
    },
    {
        "major": "Mathematics",
        "key": 25829892
    },
    {
        "major": "Media Studies",
        "key": 25829906
    },
    {
        "major": "Music ",
        "key": 25829910
    },
    {
        "major": "Nursing, All Options",
        "key": 25829934
    },
    {
        "major": "Political Science",
        "key": 25829891
    },
    {
        "major": "Psychological Science",
        "key": 25829909
    },
    {
        "major": "Social Sciences",
        "key": 25829918
    },
    {
        "major": "Sociology, Aging and the Life Course Concentration",
        "key": 25829936
    },
    {
        "major": "Sociology, Children, Youth, and Families Concentration",
        "key": 25829937
    },
    {
        "major": "Sociology, Critical Race Studies Concentration",
        "key": 25829933
    },
    {
        "major": "Sociology, Health, Education, and Welfare Concentration",
        "key": 25829931
    },
    {
        "major": "Sociology, Standard Concentration",
        "key": 25829929
    },
    {
        "major": "Software Engineering",
        "key": 25829914
    },
    {
        "major": "Spanish",
        "key": 25829894
    },
    {
        "major": "Theatre",
        "key": 25829955
    },
    {
        "major": "Women's, Gender, and Sexuality Studies",
        "key": 25829953
    }
]