[
    {
        "major": "Anthropology B.A.",
        "key": 26834157
    },
    {
        "major": "Art B.A. - Art Education Concentration",
        "key": 26834161
    },
    {
        "major": "Art B.A. - Art History & Museum Studies Concentration",
        "key": 26834218
    },
    {
        "major": "Art B.A. - Art Studio Concentration",
        "key": 26834169
    },
    {
        "major": "Art B.F.A. - Fine Arts ",
        "key": 26834203
    },
    {
        "major": "Biology B.S. - Cellular/Molecular Biology Concentration",
        "key": 26834180
    },
    {
        "major": "Biology B.S. - Ecology Concentration",
        "key": 26834210
    },
    {
        "major": "Biology B.S. - General Biology Concentration",
        "key": 26834179
    },
    {
        "major": "Biology B.S. - Marine Biology Concentration",
        "key": 26834181
    },
    {
        "major": "Biology B.S. - Microbiology Concentration",
        "key": 26834182
    },
    {
        "major": "Biology B.S. - Science Education Concentration",
        "key": 26834184
    },
    {
        "major": "Botany B.S.",
        "key": 26834172
    },
    {
        "major": "Business Administration B.S. - Accounting Concentration",
        "key": 26834162
    },
    {
        "major": "Business Administration B.S. - Economics Concentration",
        "key": 26834160
    },
    {
        "major": "Business Administration B.S. - Finance Concentration",
        "key": 26834163
    },
    {
        "major": "Business Administration B.S. - Marketing Concentration",
        "key": 26834168
    },
    {
        "major": "Business Administration B.S. - New Venture Management Concentration",
        "key": 26834209
    },
    {
        "major": "Chemistry B.A.",
        "key": 26834183
    },
    {
        "major": "Chemistry B.S.",
        "key": 26834186
    },
    {
        "major": "Chemistry B.S. - Biochemistry Concentration",
        "key": 26834185
    },
    {
        "major": "Child Development & Family Relations B.A. - Child & Family Services Concentration",
        "key": 26834216
    },
    {
        "major": "Child Development & Family Relations B.A. - Specialized Studies Concentration",
        "key": 26834214
    },
    {
        "major": "Child Development & Family Relations B.A. - Teaching Concentration",
        "key": 26834213
    },
    {
        "major": "Communication B.A.",
        "key": 26834187
    },
    {
        "major": "Computer Science B.S.",
        "key": 26834188
    },
    {
        "major": "Criminology and Justice Studies B.A.",
        "key": 26834189
    },
    {
        "major": "Critical Race, Gender & Sexuality Studies B.A.",
        "key": 26834191
    },
    {
        "major": "Dance Studies [Interdisciplinary Studies B.A - Dance Studies Concentration]",
        "key": 26834219
    },
    {
        "major": "Economics B.A.",
        "key": 26834215
    },
    {
        "major": "English B.A.",
        "key": 26834220
    },
    {
        "major": "English B.A. - English Education Concentration",
        "key": 26834217
    },
    {
        "major": "Environmental Resource Engineering B.S.",
        "key": 26834190
    },
    {
        "major": "Environmental Science & Management - Ecological Restoration",
        "key": 26834202
    },
    {
        "major": "Environmental Science & Management - Energy & Climate",
        "key": 26834205
    },
    {
        "major": "Environmental Science & Management - Environmental Education & Interpretation",
        "key": 26834207
    },
    {
        "major": "Environmental Science & Management - Environmental Planning & Policy",
        "key": 26834204
    },
    {
        "major": "Environmental Science & Management - Geospatial Science",
        "key": 26834206
    },
    {
        "major": "Environmental Studies B.A.",
        "key": 26834192
    },
    {
        "major": "Film B.A.",
        "key": 26834193
    },
    {
        "major": "Fisheries Biology B.S. - Aquaculture Concentration",
        "key": 26834211
    },
    {
        "major": "Fisheries Biology B.S. - Freshwater Fisheries Concentration",
        "key": 26834194
    },
    {
        "major": "Fisheries Biology B.S. - Marine Fisheries Concentration",
        "key": 26834195
    },
    {
        "major": "Forestry B.S. - Forest Hydrology Concentration",
        "key": 26834197
    },
    {
        "major": "Forestry B.S. - Forest Operations Concentration",
        "key": 26834196
    },
    {
        "major": "Forestry B.S. - Forest Restoration Concentration",
        "key": 26834208
    },
    {
        "major": "Forestry B.S. - Forest Soils Concentration",
        "key": 26834198
    },
    {
        "major": "Forestry B.S. - Tribal Forestry Concentration",
        "key": 26834212
    },
    {
        "major": "Forestry B.S. - Wildland Fire Management Concentration",
        "key": 26834200
    },
    {
        "major": "French & Francophone Studies B.A.",
        "key": 26834199
    },
    {
        "major": "Geography B.A.",
        "key": 26834201
    },
    {
        "major": "Geology B.A. - Geosciences Concentration",
        "key": 26834019
    },
    {
        "major": "Geology B.S.",
        "key": 26834026
    },
    {
        "major": "History B.A.",
        "key": 26834025
    },
    {
        "major": "History B.A. - History Education Concentration",
        "key": 26834029
    },
    {
        "major": "International Studies B.A. - Chinese Studies Concentration",
        "key": 26834030
    },
    {
        "major": "International Studies B.A. - Development Studies Concentration",
        "key": 26834065
    },
    {
        "major": "International Studies B.A. - European Studies Concentration",
        "key": 26834031
    },
    {
        "major": "International Studies B.A. - Global Cultural Studies Concentration",
        "key": 26834032
    },
    {
        "major": "International Studies B.A. - Latin American Studies Concentration",
        "key": 26834034
    },
    {
        "major": "Journalism B.A. - News Concentration",
        "key": 26834033
    },
    {
        "major": "Journalism B.A. - Public Relations Concentration",
        "key": 26834035
    },
    {
        "major": "Kinesiology B.S. - Exercise Science Concentration",
        "key": 26834066
    },
    {
        "major": "Kinesiology B.S. - Health Promotion Concentration",
        "key": 26834067
    },
    {
        "major": "Kinesiology B.S. - Physical Education Teaching Concentration",
        "key": 26834036
    },
    {
        "major": "Kinesiology B.S. - Pre-Health Professions Concentration",
        "key": 26834069
    },
    {
        "major": "Leadership Studies [Interdisciplinary Studies B.A. - Leadership Studies Concentration]",
        "key": 26834068
    },
    {
        "major": "Liberal Studies B.A. - Child Development/Elementary Education Concentration",
        "key": 26834070
    },
    {
        "major": "Liberal Studies B.A. - Elementary Education Concentration",
        "key": 26834037
    },
    {
        "major": "Mathematics B.A.",
        "key": 26834038
    },
    {
        "major": "Music B.A. - Composition Concentration",
        "key": 26834039
    },
    {
        "major": "Music B.A. - Music Education Concentration",
        "key": 26834040
    },
    {
        "major": "Music B.A. - Music Studies Concentration",
        "key": 26834041
    },
    {
        "major": "Music B.A. - Performance Concentration",
        "key": 26834043
    },
    {
        "major": "Native American Studies B.A.",
        "key": 26834042
    },
    {
        "major": "Nursing B.S.N. (RN-BSN)",
        "key": 26834073
    },
    {
        "major": "Oceanography B.S.",
        "key": 26834046
    },
    {
        "major": "Philosophy B.A.",
        "key": 26834044
    },
    {
        "major": "Physical Science B.A.",
        "key": 26834060
    },
    {
        "major": "Physics B.S.",
        "key": 26834045
    },
    {
        "major": "Physics B.S. - Astronomy Concentration",
        "key": 26834048
    },
    {
        "major": "Political Science B.A. - Global Politics Concentration",
        "key": 26834062
    },
    {
        "major": "Political Science B.A. - Law & Policy Concentration",
        "key": 26834061
    },
    {
        "major": "Political Science B.A. - Politics of Environment & Sustainability Concentration",
        "key": 26834064
    },
    {
        "major": "Political Science B.A. - Traditional Concentration",
        "key": 26834063
    },
    {
        "major": "Psychology B.A.",
        "key": 26834047
    },
    {
        "major": "Rangeland Resource Science B.S.",
        "key": 26834049
    },
    {
        "major": "Rangeland Resource Science B.S. - Wildland Soil Science Concentration",
        "key": 26834050
    },
    {
        "major": "Recreation Administration B.A.",
        "key": 26834052
    },
    {
        "major": "Religious Studies B.A.",
        "key": 26834051
    },
    {
        "major": "Social Work B.A.",
        "key": 26834054
    },
    {
        "major": "Sociology B.A.",
        "key": 26834053
    },
    {
        "major": "Spanish B.A.",
        "key": 26834055
    },
    {
        "major": "Theatre Arts B.A.",
        "key": 26834056
    },
    {
        "major": "Wildlife B.S. - Conservation Biology/Applied Vertebrate Ecology Concentration",
        "key": 26834057
    },
    {
        "major": "Wildlife B.S. - Wildlife Management & Conservation Concentration",
        "key": 26834058
    },
    {
        "major": "Zoology B.S.",
        "key": 26834059
    }
]