[
    {
        "major": "Agroecology B.A.",
        "key": "74/69/to/132/Major/aa92cae7-5006-4f5f-89df-9564a319189e"
    },
    {
        "major": "Anthropology B.A.",
        "key": "74/69/to/132/Major/fdc04f6b-c256-4877-b860-521fc7c5ee92"
    },
    {
        "major": "Anthropology Minor",
        "key": "74/69/to/132/Major/86e790e0-f100-428f-8a5c-a835cbb771d4"
    },
    {
        "major": "Applied Linguistics and Multilingualism B.A.",
        "key": "74/69/to/132/Major/c945aa29-4013-4b79-82ed-12f863ca21f9"
    },
    {
        "major": "Applied Mathematics B.S.",
        "key": "74/69/to/132/Major/4033c83a-da08-4acc-a4b1-d4344e34d354"
    },
    {
        "major": "Applied Mathematics Minor",
        "key": "74/69/to/132/Major/3f2601bd-caf7-4727-85af-4e19da3e55c5"
    },
    {
        "major": "Applied Physics B.S.",
        "key": "74/69/to/132/Major/56be2919-b114-44ba-876e-afae372503f8"
    },
    {
        "major": "Art B.A.",
        "key": "74/69/to/132/Major/3d7ae2a5-7d62-4b41-809c-cd8a60bdb096"
    },
    {
        "major": "Art and Design: Games and Playable Media B.A.",
        "key": "74/69/to/132/Major/8f4a0385-6711-4eb8-afbf-0748b47d83ae"
    },
    {
        "major": "Assistive Technology Minor",
        "key": "74/69/to/132/Major/4b22c72f-be7c-4312-9425-a790d8073c37"
    },
    {
        "major": "Astrophysics Minor",
        "key": "74/69/to/132/Major/56a5c7a4-e301-4d89-951d-d93a49320519"
    },
    {
        "major": "Biochemistry and Molecular Biology B.S.",
        "key": "74/69/to/132/Major/6d9dbfbd-bb99-4865-a5aa-b54bcbde6313"
    },
    {
        "major": "Bioelectronics and Biophotonics Minor",
        "key": "74/69/to/132/Major/bdc9d95f-89e0-4d0d-8292-c4dd4277c397"
    },
    {
        "major": "Bioinformatics Minor",
        "key": "74/69/to/132/Major/0febbe0d-eea9-4bac-b587-bf0198f8ef74"
    },
    {
        "major": "Biology B.A.",
        "key": "74/69/to/132/Major/02026e69-f8b0-4d79-824d-c2e868142364"
    },
    {
        "major": "Biology B.S.",
        "key": "74/69/to/132/Major/a5ed5504-f06b-474a-b0f3-6ae55b0e6605"
    },
    {
        "major": "Biology Minor",
        "key": "74/69/to/132/Major/2dcfaa10-7f57-4ad3-af9e-b4f469833e68"
    },
    {
        "major": "Biomolecular Engineering and Bioinformatics B.S.",
        "key": "74/69/to/132/Major/e315e48a-9c8b-4d13-b0ba-c5d7dc81955a"
    },
    {
        "major": "Biotechnology B.A.",
        "key": "74/69/to/132/Major/7edee4db-1d74-437f-96d1-e582c1b027d6"
    },
    {
        "major": "Black Studies Minor",
        "key": "74/69/to/132/Major/2846b7a9-741f-4546-8e9e-5ba188af45ee"
    },
    {
        "major": "Business Management Economics B.A.",
        "key": "74/69/to/132/Major/96a70145-4e94-4e2d-b570-ae0b3a0451d6"
    },
    {
        "major": "Business Management Economics with Accounting Concentration B.A.",
        "key": "74/69/to/132/Major/ba0ca1b1-abc4-4b98-ad25-1faf5836c807"
    },
    {
        "major": "Chemistry B.A.",
        "key": "74/69/to/132/Major/275c4e95-22df-4985-b03f-16cb2c3ed374"
    },
    {
        "major": "Chemistry B.S.",
        "key": "74/69/to/132/Major/27b0b3b8-89fd-4e3c-8388-9c26109281be"
    },
    {
        "major": "Chemistry Minor",
        "key": "74/69/to/132/Major/e15e478e-6f43-4d80-97e6-c83fe594ce4f"
    },
    {
        "major": "Chemistry, Biochemistry Concentration B.S.",
        "key": "74/69/to/132/Major/cd19cb43-ba22-4649-b2ac-922bade93cbd"
    },
    {
        "major": "Classical Studies B.A.",
        "key": "74/69/to/132/Major/9f005427-2f9d-44d8-b654-1a4ae51a6390"
    },
    {
        "major": "Classical Studies Minor",
        "key": "74/69/to/132/Major/07e93472-1bac-48e7-b139-dcbc5878ce20"
    },
    {
        "major": "Cognitive Science B.S.",
        "key": "74/69/to/132/Major/c84092ee-884f-4bd7-91a8-ddffa70b1587"
    },
    {
        "major": "Community Studies B.A.",
        "key": "74/69/to/132/Major/2ae5ded7-904b-44f7-924a-d7ae0270702e"
    },
    {
        "major": "Computer Engineering B.S.",
        "key": "74/69/to/132/Major/e68f8fd9-3926-4124-9c52-b16ec5da02f1"
    },
    {
        "major": "Computer Engineering Minor",
        "key": "74/69/to/132/Major/db554c05-3268-4021-b7dc-31abe5f78855"
    },
    {
        "major": "Computer Science B.A.",
        "key": "74/69/to/132/Major/b3391060-f654-44b1-8654-f6960cc223db"
    },
    {
        "major": "Computer Science B.S.",
        "key": "74/69/to/132/Major/d1d1e20f-b464-458c-ba64-ee223e8fb775"
    },
    {
        "major": "Computer Science Minor",
        "key": "74/69/to/132/Major/ad001ec4-175e-43e9-9802-f4bb639b3521"
    },
    {
        "major": "Computer Science: Computer Game Design B.S.",
        "key": "74/69/to/132/Major/52e95ebf-f9cf-4a71-901c-58c5f1201292"
    },
    {
        "major": "Critical Race and Ethnic Studies B.A.",
        "key": "74/69/to/132/Major/70a205cf-716f-4a36-a9d1-4c6c73699e53"
    },
    {
        "major": "Dance Minor",
        "key": "74/69/to/132/Major/2b1c5af2-fbb8-4427-b414-a1348a8a73d3"
    },
    {
        "major": "Earth Sciences B.S.",
        "key": "74/69/to/132/Major/97afdceb-33d0-4e4d-adee-beaf56072f13"
    },
    {
        "major": "Earth Sciences Minor",
        "key": "74/69/to/132/Major/2379cd18-cf9c-45b9-b838-a41ac527928b"
    },
    {
        "major": "Earth Sciences, Geology Concentration B.S.",
        "key": "74/69/to/132/Major/ee21b04d-8fef-4739-9151-1207e3ad2265"
    },
    {
        "major": "Earth Sciences, Geophysics Concentration B.S.",
        "key": "74/69/to/132/Major/d031aff9-9bbb-464e-902d-559bdf12468f"
    },
    {
        "major": "Earth Sciences, Ocean Sciences Concentration B.S.",
        "key": "74/69/to/132/Major/46725a26-8309-4f79-a223-2e3f4d8dacb8"
    },
    {
        "major": "Earth Sciences, Planetary Sciences Concentration B.S.",
        "key": "74/69/to/132/Major/d4f6acac-86e6-43c2-8be5-ae740b1cc5bc"
    },
    {
        "major": "Earth Sciences/Anthropology Combined B.A.",
        "key": "74/69/to/132/Major/649ef9b8-9e46-4cdd-b58e-0da9f69c9e89"
    },
    {
        "major": "East Asian Studies Minor",
        "key": "74/69/to/132/Major/589afe5d-8971-47e3-98cb-315fc40d8ae8"
    },
    {
        "major": "Ecology and Evolution B.S.",
        "key": "74/69/to/132/Major/7b65e37d-0e28-4ad6-b019-c36ebb09832b"
    },
    {
        "major": "Economics B.A.",
        "key": "74/69/to/132/Major/4958bf20-29d9-49a9-9412-81992a8df8a5"
    },
    {
        "major": "Economics Minor",
        "key": "74/69/to/132/Major/bbdeacff-08f1-4e2d-8a1b-d01c681e812f"
    },
    {
        "major": "Economics/Mathematics Combined B.A.",
        "key": "74/69/to/132/Major/8307a78e-451c-44c2-aaa7-15dd34431c39"
    },
    {
        "major": "Education Minor (General)",
        "key": "74/69/to/132/Major/b0ed95f3-62a8-43ee-ab46-bf68afacc50e"
    },
    {
        "major": "Education, Democracy, and Justice B.A.",
        "key": "74/69/to/132/Major/b37222f0-0e73-4d06-ae07-142e0c2a1dff"
    },
    {
        "major": "Electrical Engineering B.S.",
        "key": "74/69/to/132/Major/5ac48b65-9db1-4fe9-af15-a79d80d55da2"
    },
    {
        "major": "Electrical Engineering Minor",
        "key": "74/69/to/132/Major/4a360403-c1c3-4e98-a49b-2b1d533a2d11"
    },
    {
        "major": "Electronic Music Minor",
        "key": "74/69/to/132/Major/ca507537-0f3a-4fbc-b1f1-93f09a9c65a7"
    },
    {
        "major": "Environmental Sciences B.S.",
        "key": "74/69/to/132/Major/c146f592-7623-4dd5-b8c6-a84360f9b3c0"
    },
    {
        "major": "Environmental Studies B.A.",
        "key": "74/69/to/132/Major/41693a20-e0af-4126-ba5f-1e1aa04ce113"
    },
    {
        "major": "Environmental Studies, Conservation Science and Policy Concentration B.A.",
        "key": "74/69/to/132/Major/915bb9e2-708f-4ee2-89dc-76a4043b381f"
    },
    {
        "major": "Environmental Studies, Geographic Information Systems Concentration B.A.",
        "key": "74/69/to/132/Major/49069a63-aca6-41b1-ac1a-412c429d815c"
    },
    {
        "major": "Environmental Studies, Global Environmental Justice Concentration B.A.",
        "key": "74/69/to/132/Major/fd66f91f-172e-4b2f-a1ff-2e9a6d21eef0"
    },
    {
        "major": "Environmental Studies/Biology Combined Major B.A.",
        "key": "74/69/to/132/Major/9d933564-4ed1-4723-8a81-cd33239ac73c"
    },
    {
        "major": "Environmental Studies/Earth Sciences Combined Major B.A.",
        "key": "74/69/to/132/Major/8792f770-10c7-4fab-852a-85d25d2e1d7e"
    },
    {
        "major": "Environmental Studies/Economics Combined Major B.A.",
        "key": "74/69/to/132/Major/e591bb11-e333-4081-833a-fae388580b46"
    },
    {
        "major": "Feminist Studies B.A.",
        "key": "74/69/to/132/Major/8f3f930a-a323-4278-ad15-19c03bbac052"
    },
    {
        "major": "Film and Digital Media B.A.",
        "key": "74/69/to/132/Major/5f12f629-7f99-440c-ab06-411ea95e910d"
    },
    {
        "major": "Film and Digital Media Minor",
        "key": "74/69/to/132/Major/688c2957-b557-4552-aea5-cd8b72d2d6d2"
    },
    {
        "major": "Global Economics B.A.",
        "key": "74/69/to/132/Major/82a3ab58-b9eb-43ac-8ef6-db0a0a1e4095"
    },
    {
        "major": "Global and Community Health B.A.",
        "key": "74/69/to/132/Major/c6aff8a3-482a-4202-bc8e-1c213dd6cc9e"
    },
    {
        "major": "Global and Community Health, Biomedical Concentration B.S.",
        "key": "74/69/to/132/Major/4501b357-9c7e-42ca-a154-fa1d7b284a5b"
    },
    {
        "major": "Global and Community Health, Public and Community Health Concentration B.S.",
        "key": "74/69/to/132/Major/8d811dbe-9808-4cc9-b687-094af493949a"
    },
    {
        "major": "History B.A.",
        "key": "74/69/to/132/Major/f34bd788-7ad2-4ee9-9d51-6e81e56b6106"
    },
    {
        "major": "History Minor",
        "key": "74/69/to/132/Major/91e432e0-2933-42bc-a938-4072d4220133"
    },
    {
        "major": "History of Art And Visual Culture B.A.",
        "key": "74/69/to/132/Major/b1109bfd-772f-41c5-a744-2ea1ba40ea90"
    },
    {
        "major": "History of Art and Visual Culture Minor",
        "key": "74/69/to/132/Major/2c2c9858-5dd4-4acd-8900-2ca3c9fedfcd"
    },
    {
        "major": "History of Consciousness Minor",
        "key": "74/69/to/132/Major/cf590379-3b89-4e1b-8c9c-0cae9f64aa08"
    },
    {
        "major": "Italian Studies Minor",
        "key": "74/69/to/132/Major/fffb42c8-309c-4344-9b1d-e61ad7c27c32"
    },
    {
        "major": "Jazz, Spontaneous Composition, and Improvisation Minor",
        "key": "74/69/to/132/Major/64a4cd6d-051d-44b4-b2fc-52e71f683f9d"
    },
    {
        "major": "Jewish Studies B.A.",
        "key": "74/69/to/132/Major/29aace02-0284-454d-be24-06b1aa6ce56e"
    },
    {
        "major": "Jewish Studies Minor",
        "key": "74/69/to/132/Major/a0a52b96-4f40-488a-a365-91c0bb5f59ed"
    },
    {
        "major": "Language Studies B.A.",
        "key": "74/69/to/132/Major/bd04fc31-0a15-47e8-9641-946be8355b68"
    },
    {
        "major": "Language Studies Minor",
        "key": "74/69/to/132/Major/0f7949b6-fb44-4d9e-92ac-bd866c3f14ae"
    },
    {
        "major": "Latin American & Latino Studies B.A.",
        "key": "74/69/to/132/Major/3f232e90-23e0-4bd8-9dd6-103ddf7383ea"
    },
    {
        "major": "Latin American & Latino Studies/Politics Combined B.A.",
        "key": "74/69/to/132/Major/3f784caa-3d33-42e5-a39d-c72ff53f4a3e"
    },
    {
        "major": "Latin American & Latino Studies/Sociology Combined B.A.",
        "key": "74/69/to/132/Major/806eb27e-c653-485c-9df2-14301285bd25"
    },
    {
        "major": "Latin American and Latino Studies Minor",
        "key": "74/69/to/132/Major/bae4b092-584e-4e3c-86e7-c980c22c2591"
    },
    {
        "major": "Legal Studies B.A.",
        "key": "74/69/to/132/Major/34f76295-e3f5-40cb-bab5-9824f1a4a75e"
    },
    {
        "major": "Legal Studies Minor",
        "key": "74/69/to/132/Major/d235b073-3363-46d6-a098-9066e9b43bbd"
    },
    {
        "major": "Linguistics B.A.",
        "key": "74/69/to/132/Major/9bec0f91-59a1-4112-a3a4-beaa2880036f"
    },
    {
        "major": "Linguistics Minor",
        "key": "74/69/to/132/Major/ed1fd5e9-fdc7-4044-b0c1-cfd09fde7eff"
    },
    {
        "major": "Literature B.A.",
        "key": "74/69/to/132/Major/7e720e72-7fbc-4070-8a56-ee1126e5530c"
    },
    {
        "major": "Literature Minor",
        "key": "74/69/to/132/Major/664b64ae-77c2-4e16-ba2c-4d2b958411b7"
    },
    {
        "major": "Literature, Creative Writing Concentration B.A.",
        "key": "74/69/to/132/Major/ef2858ff-7608-4cc9-9835-8d3c18cd109e"
    },
    {
        "major": "Literature, Language Literature Concentration B.A.",
        "key": "74/69/to/132/Major/e10897fa-ee81-4313-a844-582c66ad6a0d"
    },
    {
        "major": "Marine Biology B.S.",
        "key": "74/69/to/132/Major/1f93bb76-4f49-416f-923d-80370fb39f65"
    },
    {
        "major": "Mathematics B.A.",
        "key": "74/69/to/132/Major/b795b905-fcd7-4a90-8579-aa43c16c2a28"
    },
    {
        "major": "Mathematics B.S.",
        "key": "74/69/to/132/Major/66d1c49c-d1cd-4861-a1e3-d7b1f29ba3df"
    },
    {
        "major": "Mathematics Education B.A.",
        "key": "74/69/to/132/Major/5b192b31-8e00-4bb1-b58b-62c0f868f33e"
    },
    {
        "major": "Mathematics Minor",
        "key": "74/69/to/132/Major/284d4c1c-f02e-4790-a012-91f623c3204c"
    },
    {
        "major": "Mathematics Theory and Computation B.S.",
        "key": "74/69/to/132/Major/59ac875d-36d7-4039-6a9d-08db9ab8605a"
    },
    {
        "major": "Microbiology B.S.",
        "key": "74/69/to/132/Major/06ab51af-57cb-4750-c113-08db95134b72"
    },
    {
        "major": "Middle Eastern and North African Studies Minor",
        "key": "74/69/to/132/Major/096f07e4-3d69-49dc-c115-08db95134b72"
    },
    {
        "major": "Molecular, Cell, and Developmental Biology B.S.",
        "key": "74/69/to/132/Major/efe22b75-2f0c-46c3-8352-8cdfa977cefc"
    },
    {
        "major": "Music B.A.",
        "key": "74/69/to/132/Major/2b7da188-cae5-4f9f-9909-20425794e601"
    },
    {
        "major": "Music B.M.",
        "key": "74/69/to/132/Major/d25123c3-841a-4bed-aa99-4fc295547d25"
    },
    {
        "major": "Network and Digital Technology B.A.",
        "key": "74/69/to/132/Major/bf38c638-a6e9-4335-924d-02f0d33a34e1"
    },
    {
        "major": "Neuroscience B.S.",
        "key": "74/69/to/132/Major/ed94b5c2-4247-4e07-9d21-6af778c3bc8d"
    },
    {
        "major": "Philosophy B.A.",
        "key": "74/69/to/132/Major/68d04f0b-7aa2-4e9f-a108-e0c1b383256f"
    },
    {
        "major": "Philosophy Minor",
        "key": "74/69/to/132/Major/b2dc013d-0fdf-492c-9233-64993aa65641"
    },
    {
        "major": "Physics (Astrophysics) B.S.",
        "key": "74/69/to/132/Major/19320c32-a703-4a8f-bb00-4334cee0422a"
    },
    {
        "major": "Physics B.S.",
        "key": "74/69/to/132/Major/417c1e3f-fe58-475b-880b-d374571c45e8"
    },
    {
        "major": "Physics Minor",
        "key": "74/69/to/132/Major/cdc48031-807c-45a0-aed0-4e05d6c3e305"
    },
    {
        "major": "Plant Sciences B.S.",
        "key": "74/69/to/132/Major/32a6bafe-08fd-4549-87b4-3a8c95c269e0"
    },
    {
        "major": "Politics B.A.",
        "key": "74/69/to/132/Major/e13e23a7-4010-4fdc-8922-fbf7b68ba6b0"
    },
    {
        "major": "Politics Minor",
        "key": "74/69/to/132/Major/1d74f250-e8ba-459e-8a54-16cc2f4a6369"
    },
    {
        "major": "Psychology B.A.",
        "key": "74/69/to/132/Major/3788708e-7052-4169-abca-5aefb764b560"
    },
    {
        "major": "Robotics Engineering B.S.",
        "key": "74/69/to/132/Major/87c26ea2-d7ce-42f7-b419-f7f105097158"
    },
    {
        "major": "Science Education B.S.",
        "key": "74/69/to/132/Major/aed4962f-b3e7-4159-aa6b-c83c30bfa022"
    },
    {
        "major": "Science, Technology, Engineering & Mathematics (STEM) Education Minor",
        "key": "74/69/to/132/Major/59149bf3-81f8-47d2-b265-314a5036648c"
    },
    {
        "major": "Sociology B.A.",
        "key": "74/69/to/132/Major/e0c0e90e-c97f-40a5-8b54-74d11c128295"
    },
    {
        "major": "Sociology, Global Information and Social Enterprise Studies Concentration B.A.",
        "key": "74/69/to/132/Major/a9e89503-b083-44fb-a238-89a4b308bc4f"
    },
    {
        "major": "Spanish Studies B.A.",
        "key": "74/69/to/132/Major/9d8d9fdb-42fd-435a-b8a8-faa2278be99c"
    },
    {
        "major": "Spanish Studies Minor",
        "key": "74/69/to/132/Major/73332435-7ced-4501-9249-27c072efa497"
    },
    {
        "major": "Statistics Minor",
        "key": "74/69/to/132/Major/51978d9d-9682-409d-af68-bd9e941247b0"
    },
    {
        "major": "Technology and Information Management B.S.",
        "key": "74/69/to/132/Major/c01cf489-86de-4f0f-9b64-8d197cec946c"
    },
    {
        "major": "Technology and Information Management Minor",
        "key": "74/69/to/132/Major/56a09450-9681-4abb-9b15-b2f3bf29992c"
    },
    {
        "major": "Theater Arts B.A.",
        "key": "74/69/to/132/Major/aefdc504-628f-47f2-9676-44a66e470dd0"
    },
    {
        "major": "Theater Arts Minor",
        "key": "74/69/to/132/Major/a1829895-5baa-4302-a273-e2f953f5bbc5"
    },
    {
        "major": "Western Art Music Minor",
        "key": "74/69/to/132/Major/7fb6efd4-6ea0-4fb5-aaa5-1c886f7f335e"
    }
]