[
    {
        "major": "Advanced Manufacturing and Applied Robotics B.S.",
        "key": 26607490
    },
    {
        "major": "Agricultural Business B.S.",
        "key": 26607486
    },
    {
        "major": "Agricultural Science B.S. - Agricultural Communication and Leadership Option",
        "key": 26607489
    },
    {
        "major": "Agricultural Science B.S. - Agricultural Science and Education Option",
        "key": 26607487
    },
    {
        "major": "Animal Science B.S.",
        "key": 26607511
    },
    {
        "major": "Anthropology B.A.",
        "key": 26607488
    },
    {
        "major": "Art B.A. - Art Education Option",
        "key": 26607491
    },
    {
        "major": "Art B.A. - Art History Option",
        "key": 26607495
    },
    {
        "major": "Art B.A. - Art Studio Option",
        "key": 26607499
    },
    {
        "major": "Art B.F.A. - Art Studio Option",
        "key": 26607492
    },
    {
        "major": "Art B.F.A. - Interior Architecture Option",
        "key": 26607493
    },
    {
        "major": "Asian Studies B.A.",
        "key": 26607494
    },
    {
        "major": "Biochemistry B.S.",
        "key": 26607496
    },
    {
        "major": "Biological Sciences B.A.",
        "key": 26607497
    },
    {
        "major": "Biological Sciences B.S. - Cellular and Molecular Biology Option",
        "key": 26607500
    },
    {
        "major": "Biological Sciences B.S. - Ecological, Evolutionary, and Organismal Biology Option",
        "key": 26607503
    },
    {
        "major": "Biological Sciences B.S. - Plant Biology Option",
        "key": 26607505
    },
    {
        "major": "Business Administration B.S. - Accounting Option",
        "key": 26607498
    },
    {
        "major": "Business Administration B.S. - Entrepreneurship and Small Business Management Option",
        "key": 26607501
    },
    {
        "major": "Business Administration B.S. - Finance Option",
        "key": 26607504
    },
    {
        "major": "Business Administration B.S. - Human Resource Management Option",
        "key": 26607510
    },
    {
        "major": "Business Administration B.S. - Management Option",
        "key": 26607508
    },
    {
        "major": "Business Administration B.S. - Marketing Option",
        "key": 26607507
    },
    {
        "major": "Business Administration B.S. - Project Management Option",
        "key": 26607506
    },
    {
        "major": "Business Administration B.S. Online Degree Completion",
        "key": 26607514
    },
    {
        "major": "Business Information Systems B.S. - Business Analytics Option",
        "key": 26607509
    },
    {
        "major": "Business Information Systems B.S. - Management Information Systems Option",
        "key": 26607512
    },
    {
        "major": "Business Information Systems B.S. - Operations and Supply Chain Management Option",
        "key": 26607513
    },
    {
        "major": "Chemistry B.A.",
        "key": 26607515
    },
    {
        "major": "Chemistry B.S.",
        "key": 26607516
    },
    {
        "major": "Child Development B.A.",
        "key": 26607518
    },
    {
        "major": "Civil Engineering B.S. - Environmental and Water Resources Engineering",
        "key": 26607519
    },
    {
        "major": "Civil Engineering B.S. - General Civil Engineering",
        "key": 26607520
    },
    {
        "major": "Civil Engineering B.S.- Structural Engineering",
        "key": 26607517
    },
    {
        "major": "Communication Design B.F.A",
        "key": 26607521
    },
    {
        "major": "Communication Sciences and Disorders B.S.",
        "key": 26607522
    },
    {
        "major": "Communication Studies B.A. - Communication and Public Affairs Option",
        "key": 26607524
    },
    {
        "major": "Communication Studies B.A. - Organizational Communication Option",
        "key": 26607523
    },
    {
        "major": "Computer Animation and Game Development B.S. - Animation Production Option",
        "key": 26607528
    },
    {
        "major": "Computer Animation and Game Development B.S. - Game Development Option",
        "key": 26607527
    },
    {
        "major": "Computer Engineering B.S.",
        "key": 26607526
    },
    {
        "major": "Computer Information Systems B.S.",
        "key": 26607525
    },
    {
        "major": "Computer Science B.S.",
        "key": 26607529
    },
    {
        "major": "Concrete Industry Management B.S.",
        "key": 26607605
    },
    {
        "major": "Construction Management B.S.",
        "key": 26607604
    },
    {
        "major": "Criminal Justice B.A.",
        "key": 26607662
    },
    {
        "major": "Economics B.A.",
        "key": 26607663
    },
    {
        "major": "Electrical/Electronic Engineering B.S.",
        "key": 26607664
    },
    {
        "major": "English B.A. - English Education Option",
        "key": 26607665
    },
    {
        "major": "English B.A. - English Studies Option",
        "key": 26607666
    },
    {
        "major": "English B.A. - Literature Option",
        "key": 26607667
    },
    {
        "major": "Environmental Science B.S. - Applied Ecology Option",
        "key": 26607669
    },
    {
        "major": "Environmental Science B.S. - Atmosphere and Climate Option",
        "key": 26607668
    },
    {
        "major": "Environmental Science B.S. - Energy and Earth Resources Option",
        "key": 26607671
    },
    {
        "major": "Environmental Science B.S. - Hydrology Option",
        "key": 26607670
    },
    {
        "major": "Exercise Physiology B.S. ",
        "key": 26607673
    },
    {
        "major": "French B.A.",
        "key": 26607672
    },
    {
        "major": "Geography B.A. - Human Geography and Planning Option",
        "key": 26607675
    },
    {
        "major": "Geography B.A. - Physical and Environmental Geography Option",
        "key": 26607674
    },
    {
        "major": "Geology B.S.",
        "key": 26607706
    },
    {
        "major": "Geosciences B.S. - Physical Science Education Option",
        "key": 26607707
    },
    {
        "major": "Geosciences B.S. - Science Education Option: Geosciences Concentration",
        "key": 26607708
    },
    {
        "major": "German B.A. ",
        "key": 26607710
    },
    {
        "major": "Health Services Administration B.S.",
        "key": 26607709
    },
    {
        "major": "History B.A. - General History Option",
        "key": 26607711
    },
    {
        "major": "History B.A. - Social Science Pre-Credential Option",
        "key": 26607712
    },
    {
        "major": "Humanities B.A.",
        "key": 26607713
    },
    {
        "major": "International Relations B.A. ",
        "key": 26607714
    },
    {
        "major": "Intersectional Chicanx/Latinx Studies B.A.",
        "key": 26607715
    },
    {
        "major": "Journalism B.A. - News Option",
        "key": 26607716
    },
    {
        "major": "Journalism B.A. - Public Relations Option",
        "key": 26607717
    },
    {
        "major": "Kinesiology B.A. - Movement Studies Option",
        "key": 26607719
    },
    {
        "major": "Kinesiology B.A. - Outdoor Education Option",
        "key": 26607718
    },
    {
        "major": "Kinesiology B.A. - Physical Education Teacher Education (PETE) Option",
        "key": 26607721
    },
    {
        "major": "Latin American Studies B.A.",
        "key": 26607720
    },
    {
        "major": "Liberal Studies B.A. - Bilingual/Cross-Cultural Option",
        "key": 26607723
    },
    {
        "major": "Liberal Studies B.A. - General Option",
        "key": 26607722
    },
    {
        "major": "Liberal Studies B.A. - General Option (Online Degree Completion)",
        "key": 26607724
    },
    {
        "major": "Liberal Studies B.A. - Liberal Arts Option",
        "key": 26607725
    },
    {
        "major": "Linguistics B.A.",
        "key": 26607726
    },
    {
        "major": "Mathematics B.S. - Applied Mathematics Option",
        "key": 26607727
    },
    {
        "major": "Mathematics B.S. - Foundational Mathematics Education Option",
        "key": 26607728
    },
    {
        "major": "Mathematics B.S. - General Option in Mathematics",
        "key": 26607729
    },
    {
        "major": "Mathematics B.S. - Mathematics Education Option",
        "key": 26607730
    },
    {
        "major": "Mathematics B.S. - Statistics Option",
        "key": 26607731
    },
    {
        "major": "Mechanical Engineering B.S.",
        "key": 26607732
    },
    {
        "major": "Mechatronic Engineering B.S.",
        "key": 26607733
    },
    {
        "major": "Media Arts B.A. - Criticism Option",
        "key": 26607735
    },
    {
        "major": "Media Arts B.A. - Production Option",
        "key": 26607734
    },
    {
        "major": "Microbiology B.S. - Clinical Laboratory Science Option",
        "key": 26607737
    },
    {
        "major": "Microbiology B.S. - General Microbiology Option",
        "key": 26607736
    },
    {
        "major": "Multicultural and Gender Studies B.A. - General Option",
        "key": 26607738
    },
    {
        "major": "Multicultural and Gender Studies B.A. - Women's Studies Option",
        "key": 26607739
    },
    {
        "major": "Music B.A. - General Music Option",
        "key": 26607741
    },
    {
        "major": "Music B.A. - Music Education Option",
        "key": 26607740
    },
    {
        "major": "Music B.A. - Music Industry Option",
        "key": 26607743
    },
    {
        "major": "Music B.A. - Recording Arts Option",
        "key": 26607742
    },
    {
        "major": "Musical Theatre B.F.A.",
        "key": 26607744
    },
    {
        "major": "Natural Sciences B.S. - Science Education Option",
        "key": 26607745
    },
    {
        "major": "Nursing B.S. - General Option",
        "key": 26607747
    },
    {
        "major": "Nutrition and Food Sciences B.S. - Food and Nutrition Communication Option",
        "key": 26607746
    },
    {
        "major": "Nutrition and Food Sciences B.S. - General Dietetics Option",
        "key": 26607748
    },
    {
        "major": "Nutrition and Food Sciences B.S. - Nutrition Management Option",
        "key": 26607749
    },
    {
        "major": "Philosophy B.A.",
        "key": 26607750
    },
    {
        "major": "Physics B.S. - General Physics Option",
        "key": 26607751
    },
    {
        "major": "Physics B.S. - Professional Physics Option",
        "key": 26607752
    },
    {
        "major": "Plant and Soil Science B.S. - Crops and Horticulture Option",
        "key": 26607754
    },
    {
        "major": "Plant and Soil Science B.S. - Land and Soil Resource Management Option",
        "key": 26607755
    },
    {
        "major": "Political Science B.A. - Legal Studies Option",
        "key": 26607753
    },
    {
        "major": "Political Science B.A. - U.S. Politics Option",
        "key": 26607756
    },
    {
        "major": "Psychology B.A.",
        "key": 26607758
    },
    {
        "major": "Public Administration B.A.",
        "key": 26607757
    },
    {
        "major": "Public Health B.S.",
        "key": 26607759
    },
    {
        "major": "Recreation, Hospitality, and Parks Management B.S. - Event Management Option",
        "key": 26607760
    },
    {
        "major": "Recreation, Hospitality, and Parks Management B.S. - Parks and Recreation Management Option",
        "key": 26607761
    },
    {
        "major": "Recreation, Hospitality, and Parks Management B.S. - Recreation Therapy Option",
        "key": 26607762
    },
    {
        "major": "Recreation, Hospitality, and Parks Management B.S. - Resort and Lodging Management Option",
        "key": 26607763
    },
    {
        "major": "Religious Studies B.A.",
        "key": 26607764
    },
    {
        "major": "Social Science B.A. - Multidisciplinary Studies Option",
        "key": 26607765
    },
    {
        "major": "Social Work B.A.",
        "key": 26607767
    },
    {
        "major": "Sociology B.A.",
        "key": 26607766
    },
    {
        "major": "Spanish B.A.",
        "key": 26607768
    },
    {
        "major": "Theatre Arts B.A.",
        "key": 26607769
    }
]