[
    {
        "major": "Africana Studies (B.A.)",
        "key": 4144379
    },
    {
        "major": "Agricultural Business (B.S.)",
        "key": 4144380
    },
    {
        "major": "Agricultural Education - Agricultural Communications Option (B.S.)",
        "key": 4144382
    },
    {
        "major": "Agricultural Education - Teacher Preparation Option (B.S.)",
        "key": 4144383
    },
    {
        "major": "Animal Sciences - Production Mgt Option - Dairy Science Specialty (B.S.)",
        "key": 4144388
    },
    {
        "major": "Animal Sciences - Production Mgt Option - Equine Science Specialty (B.S.)",
        "key": 4144389
    },
    {
        "major": "Animal Sciences - Production Mgt Option - Livestock Bus Mgt Specialty (B.S.)",
        "key": 4144390
    },
    {
        "major": "Animal Sciences - Production Mgt Option - Meat Technology Specialty (B.S.)",
        "key": 4144391
    },
    {
        "major": "Animal Sciences - Science Option - Pre-Professional Specialization (B.S.)",
        "key": 4144386
    },
    {
        "major": "Animal Sciences - Science Option - Pre-Vet Medicine Specialty (B.S.)",
        "key": 4144387
    },
    {
        "major": "Anthropology (B.A.)",
        "key": 4144384
    },
    {
        "major": "Art (B.A.)",
        "key": 4144385
    },
    {
        "major": "Art - Graphic Design Option (B.A.)",
        "key": 4144381
    },
    {
        "major": "Athletic Training (B.S.)",
        "key": 4144435
    },
    {
        "major": "Biology - Ecology/Evolutionary Biology Option (B.S.)",
        "key": 4144392
    },
    {
        "major": "Biology - Molecular/Cellular/Developmental Biology Option (B.S.)",
        "key": 4144393
    },
    {
        "major": "Biology - Organismic/General Biology Option (B.S.)",
        "key": 4144394
    },
    {
        "major": "Biology - Physiology/Anatomy Option (B.S.)",
        "key": 4144395
    },
    {
        "major": "Business Administration (B.S.)",
        "key": 4144396
    },
    {
        "major": "Chemistry (B.A.)",
        "key": 4144401
    },
    {
        "major": "Chemistry (B.S.)",
        "key": 4144402
    },
    {
        "major": "Chicano Studies (B.A.)",
        "key": 4144403
    },
    {
        "major": "Child Development (B.S.)",
        "key": 4144400
    },
    {
        "major": "Civil Engineering (B.S.)",
        "key": 4144399
    },
    {
        "major": "Communication (B.A.)",
        "key": 4144459
    },
    {
        "major": "Communicative Disorders (B.A.)",
        "key": 4144398
    },
    {
        "major": "Computer Engineering (B.S.)",
        "key": 4144406
    },
    {
        "major": "Computer Science (B.S.)",
        "key": 4144397
    },
    {
        "major": "Construction Management (B.S.)",
        "key": 4144404
    },
    {
        "major": "Criminology (B.S.)",
        "key": 4144405
    },
    {
        "major": "Economics (B.A.)",
        "key": 4144407
    },
    {
        "major": "Electrical Engineering (B.S.)",
        "key": 4144408
    },
    {
        "major": "English (B.A.)",
        "key": 4144409
    },
    {
        "major": "Enology (B.S.)",
        "key": 4144410
    },
    {
        "major": "Family & Consumer Sciences - Child & Family Sciences Emphasis (B.A.)",
        "key": 4144411
    },
    {
        "major": "Family & Consumer Sciences - Clothing & Textiles Emphasis (B.A.)",
        "key": 4144412
    },
    {
        "major": "Family & Consumer Sciences - Consumer Science Emphasis (B.A.)",
        "key": 4144413
    },
    {
        "major": "Family & Consumer Sciences - Fashion Merchandising Emphasis (B.A.)",
        "key": 4144414
    },
    {
        "major": "Family & Consumer Sciences - General Family & Cons Sci Emphasis (B.A.)",
        "key": 4144415
    },
    {
        "major": "Family & Consumer Sciences - Home Economics Teacher Ed Emphasis (B.A.)",
        "key": 4144416
    },
    {
        "major": "Food & Nutritional Sciences - Dietetics & Food Admin Option (B.S.)",
        "key": 4144417
    },
    {
        "major": "Food & Nutritional Sciences - Food Science Option (B.S.)",
        "key": 4144418
    },
    {
        "major": "French (B.A.)",
        "key": 4144419
    },
    {
        "major": "Geography (B.A.)",
        "key": 4144421
    },
    {
        "major": "Geology (B.S.)",
        "key": 4144422
    },
    {
        "major": "Geomatics Engineering (B.S.)",
        "key": 4144456
    },
    {
        "major": "Health Science - Community Health Option (B.S.)",
        "key": 4144424
    },
    {
        "major": "Health Science - Environ/Occupational Health & Safety Option",
        "key": 4144425
    },
    {
        "major": "Health Science - Health Administration Option (B.S.)",
        "key": 4144426
    },
    {
        "major": "Health Science - Occupational Safety & Health Option (B.S.)",
        "key": 4144427
    },
    {
        "major": "History (B.A.)",
        "key": 4144423
    },
    {
        "major": "Industrial Engineering (B.S.)",
        "key": 4144429
    },
    {
        "major": "Industrial Technology (B.S.)",
        "key": 4144431
    },
    {
        "major": "Interdisciplinary Health and Rehabilitation Sciences (B.S.)",
        "key": 4144430
    },
    {
        "major": "Interior Design (B.A.)",
        "key": 4144428
    },
    {
        "major": "Kinesiology - Exercise Science Option (B.S.)",
        "key": 4144432
    },
    {
        "major": "Kinesiology - General Kinesiology Option (B.S.)",
        "key": 4144433
    },
    {
        "major": "Kinesiology - Physical Education Teacher Education Option B.S.",
        "key": 4144434
    },
    {
        "major": "Liberal Studies (B.A.)",
        "key": 4144437
    },
    {
        "major": "Linguistics (B.A.)",
        "key": 4144436
    },
    {
        "major": "Mass Communication and Journalism (B.A.)",
        "key": 4144439
    },
    {
        "major": "Mathematics (B.A.)",
        "key": 4144438
    },
    {
        "major": "Mechanical Engineering (B.S.)",
        "key": 4144440
    },
    {
        "major": "Music (B.A.)",
        "key": 4144441
    },
    {
        "major": "Natural Sciences - Biology Option (B.A.)",
        "key": 4144442
    },
    {
        "major": "Natural Sciences - Chemistry Option (B.A.)",
        "key": 4144443
    },
    {
        "major": "Natural Sciences - Earth Science Option (B.A.)",
        "key": 4144444
    },
    {
        "major": "Natural Sciences - Physics Option (B.A.)",
        "key": 4144445
    },
    {
        "major": "Nursing (B.S.)",
        "key": 4144446
    },
    {
        "major": "Philosophy (B.A.)",
        "key": 4144448
    },
    {
        "major": "Physical Therapy",
        "key": 4144447
    },
    {
        "major": "Physics (B.S.)",
        "key": 4144449
    },
    {
        "major": "Plant Science (B.S.)",
        "key": 4144450
    },
    {
        "major": "Political Science (B.A.)",
        "key": 4144451
    },
    {
        "major": "Psychology (B.A.)",
        "key": 4144453
    },
    {
        "major": "Psychology - Pre-M.B.A. Option (B.A.)",
        "key": 4144452
    },
    {
        "major": "Public Administration (B.A.)",
        "key": 4144454
    },
    {
        "major": "Recreation Administration (B.S.)",
        "key": 4144455
    },
    {
        "major": "Social Work (B.A.)",
        "key": 4144460
    },
    {
        "major": "Sociology (B.A.)",
        "key": 4144457
    },
    {
        "major": "Spanish (B.A.)",
        "key": 4144458
    },
    {
        "major": "Theatre Arts (B.A.)",
        "key": 4144461
    },
    {
        "major": "Theatre Arts - Dance Option (B.A.)",
        "key": 4144462
    },
    {
        "major": "Viticulture (B.S.)",
        "key": 4144463
    },
    {
        "major": "Women's Studies (B.A.)",
        "key": 4144464
    }
]