[
    {
        "major": "Anthropology B.A.",
        "key": 26838841
    },
    {
        "major": "Art B.A. - Art Education Concentration",
        "key": 26838846
    },
    {
        "major": "Art B.A. - Art History & Museum Studies Concentration",
        "key": 26838932
    },
    {
        "major": "Art B.A. - Art Studio Concentration",
        "key": 26838858
    },
    {
        "major": "Art B.F.A. - Fine Arts ",
        "key": 26838910
    },
    {
        "major": "Biology B.S. - Cellular/Molecular Biology Concentration",
        "key": 26838870
    },
    {
        "major": "Biology B.S. - Ecology Concentration",
        "key": 26838918
    },
    {
        "major": "Biology B.S. - General Biology Concentration",
        "key": 26838871
    },
    {
        "major": "Biology B.S. - Marine Biology Concentration",
        "key": 26838872
    },
    {
        "major": "Biology B.S. - Microbiology Concentration",
        "key": 26838873
    },
    {
        "major": "Biology B.S. - Science Education Concentration",
        "key": 26838874
    },
    {
        "major": "Botany B.S.",
        "key": 26838861
    },
    {
        "major": "Business Administration B.S. - Accounting Concentration",
        "key": 26838848
    },
    {
        "major": "Business Administration B.S. - Economics Concentration",
        "key": 26838849
    },
    {
        "major": "Business Administration B.S. - Finance Concentration",
        "key": 26838850
    },
    {
        "major": "Business Administration B.S. - Marketing Concentration",
        "key": 26838853
    },
    {
        "major": "Business Administration B.S. - New Venture Management Concentration",
        "key": 26838917
    },
    {
        "major": "Chemistry B.A.",
        "key": 26838875
    },
    {
        "major": "Chemistry B.S.",
        "key": 26838876
    },
    {
        "major": "Chemistry B.S. - Biochemistry Concentration",
        "key": 26838877
    },
    {
        "major": "Child Development & Family Relations B.A. - Child & Family Services Concentration",
        "key": 26838923
    },
    {
        "major": "Child Development & Family Relations B.A. - Specialized Studies Concentration",
        "key": 26838921
    },
    {
        "major": "Child Development & Family Relations B.A. - Teaching Concentration",
        "key": 26838922
    },
    {
        "major": "Communication B.A.",
        "key": 26838878
    },
    {
        "major": "Computer Science B.S.",
        "key": 26838880
    },
    {
        "major": "Criminology and Justice Studies B.A.",
        "key": 26838879
    },
    {
        "major": "Critical Race, Gender & Sexuality Studies B.A.",
        "key": 26838881
    },
    {
        "major": "Dance Studies [Interdisciplinary Studies B.A - Dance Studies Concentration]",
        "key": 26838929
    },
    {
        "major": "Economics B.A.",
        "key": 26838924
    },
    {
        "major": "English B.A.",
        "key": 26838931
    },
    {
        "major": "English B.A. - English Education Concentration",
        "key": 26838928
    },
    {
        "major": "Environmental Resource Engineering B.S.",
        "key": 26838882
    },
    {
        "major": "Environmental Science & Management - Ecological Restoration",
        "key": 26838911
    },
    {
        "major": "Environmental Science & Management - Energy & Climate",
        "key": 26838912
    },
    {
        "major": "Environmental Science & Management - Environmental Education & Interpretation",
        "key": 26838913
    },
    {
        "major": "Environmental Science & Management - Environmental Planning & Policy",
        "key": 26838914
    },
    {
        "major": "Environmental Science & Management - Geospatial Science",
        "key": 26838915
    },
    {
        "major": "Environmental Studies B.A.",
        "key": 26838883
    },
    {
        "major": "Film B.A.",
        "key": 26838884
    },
    {
        "major": "Fisheries Biology B.S. - Aquaculture Concentration",
        "key": 26838920
    },
    {
        "major": "Fisheries Biology B.S. - Freshwater Fisheries Concentration",
        "key": 26838885
    },
    {
        "major": "Fisheries Biology B.S. - Marine Fisheries Concentration",
        "key": 26838886
    },
    {
        "major": "Forestry B.S. - Forest Hydrology Concentration",
        "key": 26838888
    },
    {
        "major": "Forestry B.S. - Forest Operations Concentration",
        "key": 26838887
    },
    {
        "major": "Forestry B.S. - Forest Restoration Concentration",
        "key": 26838916
    },
    {
        "major": "Forestry B.S. - Forest Soils Concentration",
        "key": 26838889
    },
    {
        "major": "Forestry B.S. - Tribal Forestry Concentration",
        "key": 26838919
    },
    {
        "major": "Forestry B.S. - Wildland Fire Management Concentration",
        "key": 26838891
    },
    {
        "major": "French & Francophone Studies B.A.",
        "key": 26838890
    },
    {
        "major": "Geography B.A.",
        "key": 26838892
    },
    {
        "major": "Geology B.A. - Geosciences Concentration",
        "key": 26838894
    },
    {
        "major": "Geology B.S.",
        "key": 26838893
    },
    {
        "major": "History B.A.",
        "key": 26838987
    },
    {
        "major": "History B.A. - History Education Concentration",
        "key": 26838895
    },
    {
        "major": "International Studies B.A. - Chinese Studies Concentration",
        "key": 26838986
    },
    {
        "major": "International Studies B.A. - Development Studies Concentration",
        "key": 26839031
    },
    {
        "major": "International Studies B.A. - European Studies Concentration",
        "key": 26838994
    },
    {
        "major": "International Studies B.A. - Global Cultural Studies Concentration",
        "key": 26838998
    },
    {
        "major": "International Studies B.A. - Latin American Studies Concentration",
        "key": 26839000
    },
    {
        "major": "Journalism B.A. - News Concentration",
        "key": 26838999
    },
    {
        "major": "Journalism B.A. - Public Relations Concentration",
        "key": 26839001
    },
    {
        "major": "Kinesiology B.S. - Exercise Science Concentration",
        "key": 26839032
    },
    {
        "major": "Kinesiology B.S. - Health Promotion Concentration",
        "key": 26839033
    },
    {
        "major": "Kinesiology B.S. - Physical Education Teaching Concentration",
        "key": 26839002
    },
    {
        "major": "Kinesiology B.S. - Pre-Health Professions Concentration",
        "key": 26839035
    },
    {
        "major": "Leadership Studies [Interdisciplinary Studies B.A. - Leadership Studies Concentration]",
        "key": 26839034
    },
    {
        "major": "Liberal Studies B.A. - Child Development/Elementary Education Concentration",
        "key": 26839037
    },
    {
        "major": "Liberal Studies B.A. - Elementary Education Concentration",
        "key": 26839004
    },
    {
        "major": "Mathematics B.A.",
        "key": 26839003
    },
    {
        "major": "Music B.A. - Composition Concentration",
        "key": 26839005
    },
    {
        "major": "Music B.A. - Music Education Concentration",
        "key": 26839006
    },
    {
        "major": "Music B.A. - Music Studies Concentration",
        "key": 26839008
    },
    {
        "major": "Music B.A. - Performance Concentration",
        "key": 26839007
    },
    {
        "major": "Native American Studies B.A.",
        "key": 26839009
    },
    {
        "major": "Nursing B.S.N. (RN-BSN)",
        "key": 26839036
    },
    {
        "major": "Oceanography B.S.",
        "key": 26839012
    },
    {
        "major": "Philosophy B.A.",
        "key": 26839010
    },
    {
        "major": "Physical Science B.A.",
        "key": 26839026
    },
    {
        "major": "Physics B.S.",
        "key": 26839011
    },
    {
        "major": "Physics B.S. - Astronomy Concentration",
        "key": 26839014
    },
    {
        "major": "Political Science B.A. - Global Politics Concentration",
        "key": 26839029
    },
    {
        "major": "Political Science B.A. - Law & Policy Concentration",
        "key": 26839027
    },
    {
        "major": "Political Science B.A. - Politics of Environment & Sustainability Concentration",
        "key": 26839028
    },
    {
        "major": "Political Science B.A. - Traditional Concentration",
        "key": 26839030
    },
    {
        "major": "Psychology B.A.",
        "key": 26839013
    },
    {
        "major": "Rangeland Resource Science B.S.",
        "key": 26839017
    },
    {
        "major": "Rangeland Resource Science B.S. - Wildland Soil Science Concentration",
        "key": 26839015
    },
    {
        "major": "Recreation Administration B.A.",
        "key": 26839018
    },
    {
        "major": "Religious Studies B.A.",
        "key": 26839016
    },
    {
        "major": "Social Work B.A.",
        "key": 26839019
    },
    {
        "major": "Sociology B.A.",
        "key": 26839020
    },
    {
        "major": "Spanish B.A.",
        "key": 26839021
    },
    {
        "major": "Theatre Arts B.A.",
        "key": 26839022
    },
    {
        "major": "Wildlife B.S. - Conservation Biology/Applied Vertebrate Ecology Concentration",
        "key": 26839023
    },
    {
        "major": "Wildlife B.S. - Wildlife Management & Conservation Concentration",
        "key": 26839024
    },
    {
        "major": "Zoology B.S.",
        "key": 26839025
    }
]