[
    {
        "major": "Aerospace Engineering",
        "key": 26938091
    },
    {
        "major": "Africana Studies",
        "key": 26938108
    },
    {
        "major": "American Indian Studies",
        "key": 26938208
    },
    {
        "major": "Anthropology",
        "key": 26938199
    },
    {
        "major": "Art - Emphasis in Applied Design",
        "key": 26939264
    },
    {
        "major": "Art - Emphasis in Art History",
        "key": 26939255
    },
    {
        "major": "Art - Emphasis in Interior Architecture",
        "key": 26939273
    },
    {
        "major": "Art - Emphasis in Painting and Printmaking",
        "key": 26939283
    },
    {
        "major": "Art - Emphasis in Sculpture",
        "key": 26939291
    },
    {
        "major": "Art - Emphasis in Studio Arts",
        "key": 26939301
    },
    {
        "major": "Art -- Emphasis in Graphic Design",
        "key": 26936168
    },
    {
        "major": "Asian Studies",
        "key": 26939336
    },
    {
        "major": "Astronomy",
        "key": 26939345
    },
    {
        "major": "Biology",
        "key": 26936178
    },
    {
        "major": "Business Administration - Emphasis in Accounting",
        "key": 26915249
    },
    {
        "major": "Business Administration - Emphasis in Finance",
        "key": 26915241
    },
    {
        "major": "Business Administration - Emphasis in Financial Services",
        "key": 26939319
    },
    {
        "major": "Business Administration - Emphasis in General Business",
        "key": 26915213
    },
    {
        "major": "Business Administration - Emphasis in Management",
        "key": 26915231
    },
    {
        "major": "Business Administration - Emphasis in Marketing",
        "key": 26915222
    },
    {
        "major": "Chemical Physics",
        "key": 26939823
    },
    {
        "major": "Chicana and Chicano Studies",
        "key": 26939931
    },
    {
        "major": "Child Development",
        "key": 26936186
    },
    {
        "major": "Civil Engineering",
        "key": 26939311
    },
    {
        "major": "Classics - Emphasis in Classical Humanities or in Classical Language",
        "key": 26939831
    },
    {
        "major": "Communication",
        "key": 26915275
    },
    {
        "major": "Comparative International Studies",
        "key": 26939840
    },
    {
        "major": "Comparative Literature",
        "key": 26939849
    },
    {
        "major": "Computer Engineering",
        "key": 26939860
    },
    {
        "major": "Computer Science",
        "key": 26915348
    },
    {
        "major": "Construction Engineering",
        "key": 26939867
    },
    {
        "major": "Construction Management, B.S.",
        "key": 26940923
    },
    {
        "major": "Criminal Justice",
        "key": 26915266
    },
    {
        "major": "Dance, B.A.",
        "key": 26939876
    },
    {
        "major": "Economics",
        "key": 26915338
    },
    {
        "major": "English -- Single Subject Teaching",
        "key": 26936214
    },
    {
        "major": "English, B.A. Liberal Arts",
        "key": 26936204
    },
    {
        "major": "English, B.A. in Applied Arts and Sciences (Open only to AA-T/TMC)",
        "key": 26936195
    },
    {
        "major": "Environmental Engineering",
        "key": 26939886
    },
    {
        "major": "Geography - General Geography",
        "key": 26939328
    },
    {
        "major": "Health Communication",
        "key": 26938189
    },
    {
        "major": "History",
        "key": 26938082
    },
    {
        "major": "International Business - Emphasis in Arabic & Middle East/North Africa",
        "key": 26938216
    },
    {
        "major": "Islamic and Arabic Studies",
        "key": 26939940
    },
    {
        "major": "Journalism",
        "key": 26938181
    },
    {
        "major": "Kinesiology - Emphasis in Fitness Specialist",
        "key": 26915284
    },
    {
        "major": "Kinesiology-Emphasis in Prephysical Therapy",
        "key": 26915294
    },
    {
        "major": "Lesbian, Gay, Bisexual, Transgender, Queer, and Plus (LGBTQ+) Studies",
        "key": 26939922
    },
    {
        "major": "Liberal Studies - Emphasis in Elementary Education",
        "key": 26944503
    },
    {
        "major": "Liberal Studies - Emphasis in Mathematics",
        "key": 26944494
    },
    {
        "major": "Liberal Studies - Emphasis in Science",
        "key": 26944512
    },
    {
        "major": "Mechanical Engineering",
        "key": 26915311
    },
    {
        "major": "Microbiology",
        "key": 26939913
    },
    {
        "major": "Philosophy",
        "key": 26938162
    },
    {
        "major": "Physics - B.A.",
        "key": 26939905
    },
    {
        "major": "Political Science",
        "key": 26915321
    },
    {
        "major": "Psychology - B.A. Liberal",
        "key": 26915211
    },
    {
        "major": "Psychology, B.A. in Applied Arts and Sciences",
        "key": 27006195
    },
    {
        "major": "Public Administration",
        "key": 26938188
    },
    {
        "major": "Public Health",
        "key": 26915329
    },
    {
        "major": "Rhetoric and Writing Studies",
        "key": 26939892
    },
    {
        "major": "Social Work",
        "key": 26938099
    },
    {
        "major": "Sociology",
        "key": 26915302
    },
    {
        "major": "Spanish",
        "key": 26938153
    },
    {
        "major": "Speech, Language, and Hearing Sciences",
        "key": 26938144
    },
    {
        "major": "Statistics",
        "key": 26938136
    },
    {
        "major": "Sustainability",
        "key": 26938065
    },
    {
        "major": "Urban Studies",
        "key": 26938126
    },
    {
        "major": "Women's Studies",
        "key": 26938118
    }
]