[
    {
        "major": "Anthropology,  B.A.",
        "key": "74/106/to/144/Major/66bcebdc-17ef-47f3-6a9f-08db9ab8605a"
    },
    {
        "major": "Applied Mathematical Sciences, Computational Biology Emphasis, B.S.",
        "key": "74/106/to/144/Major/56d9303f-d756-4219-a236-f3ad4f650e64"
    },
    {
        "major": "Applied Mathematical Sciences, Computational and Data Sciences Emphasis, B.S.",
        "key": "74/106/to/144/Major/c13584b3-5c34-42da-80c6-48e31216b717"
    },
    {
        "major": "Applied Mathematical Sciences, Computer Science Emphasis, B.S.",
        "key": "74/106/to/144/Major/281f7879-30a2-4ac5-8096-834c2d4811d4"
    },
    {
        "major": "Applied Mathematical Sciences, Economics Emphasis, B.S.",
        "key": "74/106/to/144/Major/9abdac65-43d2-4238-94cb-df0270029d7f"
    },
    {
        "major": "Applied Mathematical Sciences, Engineering Emphasis, B.S.",
        "key": "74/106/to/144/Major/af2bab4e-d084-4ae3-b5a3-63f64fdaa7f0"
    },
    {
        "major": "Applied Mathematical Sciences, Environmental Emphasis, B.S. ",
        "key": "74/106/to/144/Major/9e366114-f5b6-4de6-897b-43e5e32a633b"
    },
    {
        "major": "Applied Mathematical Sciences, Physics Emphasis, B.S.",
        "key": "74/106/to/144/Major/25753840-ff1c-4384-ba54-fd15c7b31d56"
    },
    {
        "major": "Bioengineering, Biomedical Imaging and Bioinstrumentation Emphasis, B.S. ",
        "key": "74/106/to/144/Major/3906d9ff-98ff-47f8-a314-72bedc7df160"
    },
    {
        "major": "Bioengineering, Biotechnology Emphasis, B.S.",
        "key": "74/106/to/144/Major/7bd849d0-a863-4377-b75b-d5302e0ba32f"
    },
    {
        "major": "Biological Sciences, Developmental Biology Emphasis, B.S.",
        "key": "74/106/to/144/Major/8fd902f2-3a2d-4e6e-9ce4-2f0c831980e1"
    },
    {
        "major": "Biological Sciences, Ecology and Evolutionary Biology Emphasis, B.S.",
        "key": "74/106/to/144/Major/34fe4d2d-5a55-45d0-9852-846dd3273dc2"
    },
    {
        "major": "Biological Sciences, Human Biology Emphasis, B.S.",
        "key": "74/106/to/144/Major/cc05b95d-9899-415b-a135-45f7c0ff8998"
    },
    {
        "major": "Biological Sciences, Microbiology and Immunology Emphasis, B.S.",
        "key": "74/106/to/144/Major/145cbeaf-54a6-49dd-80cb-5201487954db"
    },
    {
        "major": "Biological Sciences, Molecular and Cell Biology Emphasis, B.S.",
        "key": "74/106/to/144/Major/69057a00-b7a0-4823-a9d7-57588ae956d1"
    },
    {
        "major": "Chemical Engineering with Materials Science and Engineering Emphasis, B.S (Fall 2026 Applicants)",
        "key": "74/106/to/144/Major/80e3e34a-74a0-453a-6ab0-08db9ab8605a"
    },
    {
        "major": "Chemical Engineering with Nano Emphasis, B.S. (Fall 2026 Applicants)",
        "key": "74/106/to/144/Major/622b5541-f506-4036-6aaf-08db9ab8605a"
    },
    {
        "major": "Chemical Engineering, B.S. (Fall 2026 Applicants)",
        "key": "74/106/to/144/Major/25d54aac-b4dc-4b6d-6aae-08db9ab8605a"
    },
    {
        "major": "Chemistry, Biological Chemistry Emphasis, B.S.",
        "key": "74/106/to/144/Major/f71f4f3c-09ed-481f-ba04-eccf34eb0088"
    },
    {
        "major": "Chemistry, Chemistry Emphasis, B.S.",
        "key": "74/106/to/144/Major/1530eca1-4553-49ec-8b32-6a21497afb4b"
    },
    {
        "major": "Chemistry, Materials Chemistry Emphasis, B.S.",
        "key": "74/106/to/144/Major/f428fadb-93bd-486e-ab00-7fb11ed18e31"
    },
    {
        "major": "Civil Engineering, B.S.",
        "key": "74/106/to/144/Major/2d9b101b-ed2d-4a6a-8e6d-641d50abc492"
    },
    {
        "major": "Cognitive Science, B.A.",
        "key": "74/106/to/144/Major/e73ba426-12c2-4278-9e38-d31dc046b0ab"
    },
    {
        "major": "Cognitive Science, B.S.",
        "key": "74/106/to/144/Major/40692e71-6f57-48ee-8897-780d6d8bdf65"
    },
    {
        "major": "Computer Science and Engineering, B.S. ",
        "key": "74/106/to/144/Major/58f2e94a-2a48-4569-8a53-2dd76e66a545"
    },
    {
        "major": "Critical Race and Ethnic Studies, B.A. ",
        "key": "74/106/to/144/Major/f5a0ab13-3c73-4a76-bd17-8d117f40f906"
    },
    {
        "major": "Data Science & Analytics, B.A. (Anticipated Fall 2026)",
        "key": "74/106/to/144/Major/f1527821-ed19-44fb-6ab1-08db9ab8605a"
    },
    {
        "major": "Data Science and Computing, B.S. (Anticipated Fall 2026)",
        "key": "74/106/to/144/Major/19489601-a35a-4019-36e0-08dba98d34db"
    },
    {
        "major": "Economics, B.A.",
        "key": "74/106/to/144/Major/3c7d84e9-c78a-416a-a270-5184d6a06c6b"
    },
    {
        "major": "Economics, Economic Analysis and Policy Emphasis, B.S.",
        "key": "74/106/to/144/Major/8287df2b-2b34-4a78-b2a6-200e08b64636"
    },
    {
        "major": "Economics, Quantitative Economics Emphasis, B.S.",
        "key": "74/106/to/144/Major/42522356-ad6c-4133-b68d-7d9f72b48765"
    },
    {
        "major": "Electrical Engineering, B.S. (Fall 2025 Applicants)",
        "key": "74/106/to/144/Major/e4b7719a-ac80-4807-beb7-0ca3994fd05f"
    },
    {
        "major": "Environmental Engineering, B.S. ",
        "key": "74/106/to/144/Major/f99262d6-cf9b-42a4-ba2b-fe04107815be"
    },
    {
        "major": "Environmental Humanities, B.A. (Transfer Starting Fall 2026)",
        "key": "74/106/to/144/Major/1e848bef-1147-468e-6aa2-08db9ab8605a"
    },
    {
        "major": "Environmental Systems Science, Earth and Climate Science Emphasis, B.S. ",
        "key": "74/106/to/144/Major/4233eecc-c307-4a73-b811-0231cc4a72e3"
    },
    {
        "major": "Environmental Systems Science, Ecosystem Science Emphasis, B.S.",
        "key": "74/106/to/144/Major/f2e737ab-fa51-48f0-896f-29c863a80a49"
    },
    {
        "major": "Global Arts Studies, B.A.",
        "key": "74/106/to/144/Major/fab04c53-a3c0-44ef-a2f6-9c8b37a63b3e"
    },
    {
        "major": "Global Arts Studies, Performance Studies Emphasis, B.A. ",
        "key": "74/106/to/144/Major/99c896e2-aead-4f6e-88d6-be115a23d878"
    },
    {
        "major": "Global Arts Studies, Visual Studies Emphasis, B.A.",
        "key": "74/106/to/144/Major/5a4a4118-37e4-4548-a3e6-0f0470d28ffd"
    },
    {
        "major": "History, B.A. ",
        "key": "74/106/to/144/Major/2935f52c-5a46-48d2-a960-2a94377f254d"
    },
    {
        "major": "Literatures in English, B.A.",
        "key": "74/106/to/144/Major/aa80491f-3688-4cb7-8ffd-a92abba08cc0"
    },
    {
        "major": "Literatures in English, Literature and Social Justice Emphasis, B.A. ",
        "key": "74/106/to/144/Major/27371cdb-5070-48c2-9a5a-ebd5c106a23f"
    },
    {
        "major": "Literatures in English, Literature and the Environment Emphasis, B.A. ",
        "key": "74/106/to/144/Major/4e736a06-2289-43ea-aba8-4c4193bfc95c"
    },
    {
        "major": "Management and Business Economics, B.S.",
        "key": "74/106/to/144/Major/13735ab2-4b9d-4c3c-bb1d-05f2ffe540e7"
    },
    {
        "major": "Materials Science and Engineering, B.S. ",
        "key": "74/106/to/144/Major/87d9b9dd-bf9b-445a-864c-2138f9cd4be6"
    },
    {
        "major": "Materials Science and Engineering, Nanotechnology emphasis, B.S.",
        "key": "74/106/to/144/Major/cea9ff44-b5a3-4b2f-b585-a11e03cd31dc"
    },
    {
        "major": "Mechanical Engineering, Aerospace Engineering Emphasis, B.S.",
        "key": "74/106/to/144/Major/dd92ee16-c90a-4e99-6aad-08db9ab8605a"
    },
    {
        "major": "Mechanical Engineering, B.S. ",
        "key": "74/106/to/144/Major/584dd596-70ee-41e2-a21b-303c34b0ba67"
    },
    {
        "major": "Philosophy, B.A. ",
        "key": "74/106/to/144/Major/84bdf547-7113-4daf-a274-ac99637f25c0"
    },
    {
        "major": "Physics, Astrophysics Emphasis, B.S.",
        "key": "74/106/to/144/Major/0f110993-91ce-4171-9418-4a5254a5100e"
    },
    {
        "major": "Physics, B.S. ",
        "key": "74/106/to/144/Major/cd0f13d7-37d7-42b1-b1b2-119320eb66df"
    },
    {
        "major": "Physics, Biophysics and Soft Matter Emphasis, B.S.",
        "key": "74/106/to/144/Major/3ac0f4a5-f07d-4fcf-8a97-2775fd62fef3"
    },
    {
        "major": "Physics, Computation and Data Science Emphasis, B.S.",
        "key": "74/106/to/144/Major/241cfce6-7560-4fe3-b3ca-51b5285c8c07"
    },
    {
        "major": "Physics, Engineering and Applied Physics Emphasis, B.S.",
        "key": "74/106/to/144/Major/d9b99abc-5ab9-450f-bab3-9474910095f8"
    },
    {
        "major": "Physics, Mathematical and Computational Physics Emphasis, B.S.",
        "key": "74/106/to/144/Major/b37aa7e5-af06-4623-85dd-05fc4787352c"
    },
    {
        "major": "Physics, Quantum Science and Technology Emphasis, B.S.",
        "key": "74/106/to/144/Major/48b45dec-098f-4ff3-8ba8-f5b7bb9917f2"
    },
    {
        "major": "Political Science, American Politics Emphasis, B.A. (Fall 2025 applicants) ",
        "key": "74/106/to/144/Major/eaff0882-d488-444d-6aa3-08db9ab8605a"
    },
    {
        "major": "Political Science, B.A. ",
        "key": "74/106/to/144/Major/6ad80ce6-b8e4-4ae4-a146-625d7d5c3847"
    },
    {
        "major": "Political Science, Comparative Politics Emphasis, B.A. (Fall 2025 applicants)",
        "key": "74/106/to/144/Major/fd9acc1e-ad49-4f99-6aa4-08db9ab8605a"
    },
    {
        "major": "Political Science, International Relations Emphasis, B.A. (Fall 2025 applicants)",
        "key": "74/106/to/144/Major/3fe81567-4545-4ce0-6aa5-08db9ab8605a"
    },
    {
        "major": "Political Science, Law and Policy Emphasis, B.A. (Fall 2025 applicants)",
        "key": "74/106/to/144/Major/e584a7e1-e2ba-4668-6aa6-08db9ab8605a"
    },
    {
        "major": "Psychology, B.A.",
        "key": "74/106/to/144/Major/3348189e-f78e-4ed2-a809-df631e91d925"
    },
    {
        "major": "Public Health, B.A. ",
        "key": "74/106/to/144/Major/cc70e294-b4b4-410f-935a-0acce9a8161f"
    },
    {
        "major": "Public Health, B.S. (Fall 2026 applicants)",
        "key": "74/106/to/144/Major/7df7d82d-9b5c-4a80-6aa0-08db9ab8605a"
    },
    {
        "major": "Sociology, B.A. ",
        "key": "74/106/to/144/Major/b99c4a85-07bb-459a-9919-5e2a7dd60c02"
    },
    {
        "major": "Sociology, Community Studies Emphasis, B.A. (Fall 2025 applicants)",
        "key": "74/106/to/144/Major/dd2ff7a2-ff3a-4e71-6aa7-08db9ab8605a"
    },
    {
        "major": "Sociology, Health, Medicine, and Society Emphasis, B.A. (Fall 2025 applicants)",
        "key": "74/106/to/144/Major/d4ba1194-e630-42c2-6aa8-08db9ab8605a"
    },
    {
        "major": "Sociology, Justice, Law, and Society Emphasis, B.A. (Fall 2025 Applicants)",
        "key": "74/106/to/144/Major/5da086ca-a5b9-4a6b-6aa9-08db9ab8605a"
    },
    {
        "major": "Sociology, Race and Racial Justice Emphasis, B.A. (Fall 2025 Applicants)",
        "key": "74/106/to/144/Major/a4ab006c-1146-4fbc-6aaa-08db9ab8605a"
    },
    {
        "major": "Spanish, B.A. ",
        "key": "74/106/to/144/Major/820446b9-8ef9-4849-86b6-00007a2b2346"
    },
    {
        "major": "Writing Studies, B.A.",
        "key": "74/106/to/144/Major/3faa2376-55c3-4120-6a9e-08db9ab8605a"
    }
]