[
    {
        "major": "Advanced Manufacturing and Applied Robotics B.S.",
        "key": 26751157
    },
    {
        "major": "Agricultural Business B.S.",
        "key": 26751158
    },
    {
        "major": "Agricultural Science B.S. - Agricultural Communication and Leadership Option",
        "key": 26751160
    },
    {
        "major": "Agricultural Science B.S. - Agricultural Science and Education Option",
        "key": 26751159
    },
    {
        "major": "Animal Science B.S.",
        "key": 26751161
    },
    {
        "major": "Anthropology B.A.",
        "key": 26751162
    },
    {
        "major": "Art B.A. - Art Education Option",
        "key": 26751163
    },
    {
        "major": "Art B.A. - Art History Option",
        "key": 26751164
    },
    {
        "major": "Art B.A. - Art Studio Option",
        "key": 26751166
    },
    {
        "major": "Art B.F.A. - Art Studio Option",
        "key": 26751165
    },
    {
        "major": "Art B.F.A. - Interior Architecture Option",
        "key": 26751167
    },
    {
        "major": "Asian Studies B.A.",
        "key": 26751168
    },
    {
        "major": "Biochemistry B.S.",
        "key": 26751170
    },
    {
        "major": "Biological Sciences B.A.",
        "key": 26751169
    },
    {
        "major": "Biological Sciences B.S. - Cellular and Molecular Biology Option",
        "key": 26751171
    },
    {
        "major": "Biological Sciences B.S. - Ecological, Evolutionary, and Organismal Biology Option",
        "key": 26751172
    },
    {
        "major": "Biological Sciences B.S. - Plant Biology Option",
        "key": 26751173
    },
    {
        "major": "Business Administration B.S. - Accounting Option",
        "key": 26751175
    },
    {
        "major": "Business Administration B.S. - Entrepreneurship and Small Business Management Option",
        "key": 26751176
    },
    {
        "major": "Business Administration B.S. - Finance Option",
        "key": 26751174
    },
    {
        "major": "Business Administration B.S. - Human Resource Management Option",
        "key": 26751178
    },
    {
        "major": "Business Administration B.S. - Management Option",
        "key": 26751177
    },
    {
        "major": "Business Administration B.S. - Marketing Option",
        "key": 26751179
    },
    {
        "major": "Business Administration B.S. - Project Management Option",
        "key": 26751180
    },
    {
        "major": "Business Administration B.S. Online Degree Completion",
        "key": 26751182
    },
    {
        "major": "Business Information Systems B.S. - Business Analytics Option",
        "key": 26751181
    },
    {
        "major": "Business Information Systems B.S. - Management Information Systems Option",
        "key": 26751184
    },
    {
        "major": "Business Information Systems B.S. - Operations and Supply Chain Management Option",
        "key": 26751183
    },
    {
        "major": "Chemistry B.A.",
        "key": 26751186
    },
    {
        "major": "Chemistry B.S.",
        "key": 26751185
    },
    {
        "major": "Child Development B.A.",
        "key": 26751187
    },
    {
        "major": "Civil Engineering B.S. - Environmental and Water Resources Engineering",
        "key": 26751188
    },
    {
        "major": "Civil Engineering B.S. - General Civil Engineering",
        "key": 26751190
    },
    {
        "major": "Civil Engineering B.S.- Structural Engineering",
        "key": 26751189
    },
    {
        "major": "Communication Design B.F.A",
        "key": 26751192
    },
    {
        "major": "Communication Sciences and Disorders B.S.",
        "key": 26751191
    },
    {
        "major": "Communication Studies B.A. - Communication and Public Affairs Option",
        "key": 26751193
    },
    {
        "major": "Communication Studies B.A. - Organizational Communication Option",
        "key": 26751194
    },
    {
        "major": "Computer Animation and Game Development B.S. - Animation Production Option",
        "key": 26751196
    },
    {
        "major": "Computer Animation and Game Development B.S. - Game Development Option",
        "key": 26751195
    },
    {
        "major": "Computer Engineering B.S.",
        "key": 26751197
    },
    {
        "major": "Computer Information Systems B.S.",
        "key": 26751198
    },
    {
        "major": "Computer Science B.S.",
        "key": 26751199
    },
    {
        "major": "Concrete Industry Management B.S.",
        "key": 26751200
    },
    {
        "major": "Construction Management B.S.",
        "key": 26751201
    },
    {
        "major": "Criminal Justice B.A.",
        "key": 26751202
    },
    {
        "major": "Economics B.A.",
        "key": 26751203
    },
    {
        "major": "Electrical/Electronic Engineering B.S.",
        "key": 26751204
    },
    {
        "major": "English B.A. - English Education Option",
        "key": 26751206
    },
    {
        "major": "English B.A. - English Studies Option",
        "key": 26751205
    },
    {
        "major": "English B.A. - Literature Option",
        "key": 26751207
    },
    {
        "major": "Environmental Science B.S. - Applied Ecology Option",
        "key": 26751208
    },
    {
        "major": "Environmental Science B.S. - Atmosphere and Climate Option",
        "key": 26751209
    },
    {
        "major": "Environmental Science B.S. - Energy and Earth Resources Option",
        "key": 26751210
    },
    {
        "major": "Environmental Science B.S. - Hydrology Option",
        "key": 26751211
    },
    {
        "major": "Exercise Physiology B.S. ",
        "key": 26751213
    },
    {
        "major": "French B.A.",
        "key": 26751212
    },
    {
        "major": "Geography B.A. - Human Geography and Planning Option",
        "key": 26751215
    },
    {
        "major": "Geography B.A. - Physical and Environmental Geography Option",
        "key": 26751214
    },
    {
        "major": "Geology B.S.",
        "key": 26751216
    },
    {
        "major": "Geosciences B.S. - Physical Science Education Option",
        "key": 26751217
    },
    {
        "major": "Geosciences B.S. - Science Education Option: Geosciences Concentration",
        "key": 26751219
    },
    {
        "major": "German B.A. ",
        "key": 26751218
    },
    {
        "major": "Health Services Administration B.S.",
        "key": 26751221
    },
    {
        "major": "History B.A. - General History Option",
        "key": 26751220
    },
    {
        "major": "History B.A. - Social Science Pre-Credential Option",
        "key": 26751222
    },
    {
        "major": "Humanities B.A.",
        "key": 26751223
    },
    {
        "major": "International Relations B.A. ",
        "key": 26751225
    },
    {
        "major": "Intersectional Chicanx/Latinx Studies B.A.",
        "key": 26751224
    },
    {
        "major": "Journalism B.A. - News Option",
        "key": 26751226
    },
    {
        "major": "Journalism B.A. - Public Relations Option",
        "key": 26751227
    },
    {
        "major": "Kinesiology B.A. - Movement Studies Option",
        "key": 26751229
    },
    {
        "major": "Kinesiology B.A. - Outdoor Education Option",
        "key": 26751228
    },
    {
        "major": "Kinesiology B.A. - Physical Education Teacher Education (PETE) Option",
        "key": 26751230
    },
    {
        "major": "Latin American Studies B.A.",
        "key": 26751231
    },
    {
        "major": "Liberal Studies B.A. - Bilingual/Cross-Cultural Option",
        "key": 26751233
    },
    {
        "major": "Liberal Studies B.A. - General Option",
        "key": 26751232
    },
    {
        "major": "Liberal Studies B.A. - General Option (Online Degree Completion)",
        "key": 26751234
    },
    {
        "major": "Liberal Studies B.A. - Liberal Arts Option",
        "key": 26751235
    },
    {
        "major": "Linguistics B.A.",
        "key": 26751236
    },
    {
        "major": "Mathematics B.S. - Applied Mathematics Option",
        "key": 26751237
    },
    {
        "major": "Mathematics B.S. - Foundational Mathematics Education Option",
        "key": 26751238
    },
    {
        "major": "Mathematics B.S. - General Option in Mathematics",
        "key": 26751239
    },
    {
        "major": "Mathematics B.S. - Mathematics Education Option",
        "key": 26751240
    },
    {
        "major": "Mathematics B.S. - Statistics Option",
        "key": 26751241
    },
    {
        "major": "Mechanical Engineering B.S.",
        "key": 26751243
    },
    {
        "major": "Mechatronic Engineering B.S.",
        "key": 26751242
    },
    {
        "major": "Media Arts B.A. - Criticism Option",
        "key": 26751244
    },
    {
        "major": "Media Arts B.A. - Production Option",
        "key": 26751245
    },
    {
        "major": "Microbiology B.S. - Clinical Laboratory Science Option",
        "key": 26751247
    },
    {
        "major": "Microbiology B.S. - General Microbiology Option",
        "key": 26751246
    },
    {
        "major": "Multicultural and Gender Studies B.A. - General Option",
        "key": 26751248
    },
    {
        "major": "Multicultural and Gender Studies B.A. - Women's Studies Option",
        "key": 26751249
    },
    {
        "major": "Music B.A. - General Music Option",
        "key": 26751251
    },
    {
        "major": "Music B.A. - Music Education Option",
        "key": 26751250
    },
    {
        "major": "Music B.A. - Music Industry Option",
        "key": 26751252
    },
    {
        "major": "Music B.A. - Recording Arts Option",
        "key": 26751253
    },
    {
        "major": "Musical Theatre B.F.A.",
        "key": 26751254
    },
    {
        "major": "Natural Sciences B.S. - Science Education Option",
        "key": 26751255
    },
    {
        "major": "Nursing B.S. - General Option",
        "key": 26751256
    },
    {
        "major": "Nutrition and Food Sciences B.S. - Food and Nutrition Communication Option",
        "key": 26751257
    },
    {
        "major": "Nutrition and Food Sciences B.S. - General Dietetics Option",
        "key": 26751258
    },
    {
        "major": "Nutrition and Food Sciences B.S. - Nutrition Management Option",
        "key": 26751259
    },
    {
        "major": "Philosophy B.A.",
        "key": 26751260
    },
    {
        "major": "Physics B.S. - General Physics Option",
        "key": 26751261
    },
    {
        "major": "Physics B.S. - Professional Physics Option",
        "key": 26751262
    },
    {
        "major": "Plant and Soil Science B.S. - Crops and Horticulture Option",
        "key": 26751263
    },
    {
        "major": "Plant and Soil Science B.S. - Land and Soil Resource Management Option",
        "key": 26751265
    },
    {
        "major": "Political Science B.A. - Legal Studies Option",
        "key": 26751264
    },
    {
        "major": "Political Science B.A. - U.S. Politics Option",
        "key": 26751268
    },
    {
        "major": "Psychology B.A.",
        "key": 26751266
    },
    {
        "major": "Public Administration B.A.",
        "key": 26751267
    },
    {
        "major": "Public Health B.S.",
        "key": 26751269
    },
    {
        "major": "Recreation, Hospitality, and Parks Management B.S. - Event Management Option",
        "key": 26751270
    },
    {
        "major": "Recreation, Hospitality, and Parks Management B.S. - Parks and Recreation Management Option",
        "key": 26751271
    },
    {
        "major": "Recreation, Hospitality, and Parks Management B.S. - Recreation Therapy Option",
        "key": 26751272
    },
    {
        "major": "Recreation, Hospitality, and Parks Management B.S. - Resort and Lodging Management Option",
        "key": 26751275
    },
    {
        "major": "Religious Studies B.A.",
        "key": 26751273
    },
    {
        "major": "Social Science B.A. - Multidisciplinary Studies Option",
        "key": 26751274
    },
    {
        "major": "Social Work B.A.",
        "key": 26751276
    },
    {
        "major": "Sociology B.A.",
        "key": 26751278
    },
    {
        "major": "Spanish B.A.",
        "key": 26751277
    },
    {
        "major": "Theatre Arts B.A.",
        "key": 26751279
    }
]