[
    {
        "major": "Africana Studies (B.A.)",
        "key": "74/9/to/29/Major/a46f268b-3ffc-4b33-bff1-94f44e2e2836"
    },
    {
        "major": "Agricultural Business (B.S.)",
        "key": "74/9/to/29/Major/065cfe9b-4465-4868-ba23-307d50060f8d"
    },
    {
        "major": "Agricultural Education - Agricultural Communications Option (B.S.)",
        "key": "74/9/to/29/Major/17ab0e9c-ac32-4184-ac11-3ffe779d66c0"
    },
    {
        "major": "Agricultural Education - Teacher Preparation Option (B.S.)",
        "key": "74/9/to/29/Major/6f634bd4-8a16-4c81-a29c-3913b8c0d01f"
    },
    {
        "major": "Animal Science - Production Mgt Option - Dairy Science Emphasis (B.S.)",
        "key": "74/9/to/29/Major/abb20327-8934-49a0-8f7f-49d7a4df8b98"
    },
    {
        "major": "Animal Science - Production Mgt Option - Equine Science Emphasis (B.S.)",
        "key": "74/9/to/29/Major/22789504-5593-4047-acdb-eef5b363006c"
    },
    {
        "major": "Animal Science - Production Mgt Option - Livestock and Poultry Mgt Emphasis (B.S.)",
        "key": "74/9/to/29/Major/89950788-ac39-4bbe-b548-abae2cf299cd"
    },
    {
        "major": "Animal Science - Production Mgt Option - Meat Technology Emphasis (B.S.)",
        "key": "74/9/to/29/Major/d7f5b4d6-0488-4519-aa72-2db0c2785961"
    },
    {
        "major": "Animal Science - Science Option - Pre Veterinary Emphasis (B.S.)",
        "key": "74/9/to/29/Major/3a632418-10f4-4357-ba9e-6305ce6c4480"
    },
    {
        "major": "Animal Science - Science Option - Preprofessional Emphasis (B.S.)",
        "key": "74/9/to/29/Major/3a65d9c9-4dfc-43db-940e-8c30b562eee6"
    },
    {
        "major": "Anthropology (B.A.)",
        "key": "74/9/to/29/Major/3640fc95-7ec7-47d2-adf7-a71e27d98796"
    },
    {
        "major": "Architectural Studies (B.S.)",
        "key": "74/9/to/29/Major/e3bdb602-f561-472d-bfaf-8a9a12e49e3a"
    },
    {
        "major": "Art (B.A.)",
        "key": "74/9/to/29/Major/8e049796-de51-467c-9a11-4afddfc85be1"
    },
    {
        "major": "Art - Animation Intermedia Option (B.A.)",
        "key": "74/9/to/29/Major/eef5866a-8c44-4c41-9e38-6af896b62a5d"
    },
    {
        "major": "Art History (B.A.)",
        "key": "74/9/to/29/Major/36ca4a48-71a3-4a3d-b74b-517767fe3d21"
    },
    {
        "major": "Biochemistry (B.S.)",
        "key": "74/9/to/29/Major/e2ae4db3-de24-45c6-acbb-ddbfeda1cea6"
    },
    {
        "major": "Biology (B.S.)",
        "key": "74/9/to/29/Major/ca79154b-2f3e-4ca9-9364-5d6581746ac2"
    },
    {
        "major": "Biomedical Physics (B.S.)",
        "key": "74/9/to/29/Major/38229314-cdbc-4f39-896e-e67bf82337af"
    },
    {
        "major": "Business Administration (B.S.)",
        "key": "74/9/to/29/Major/9c86e302-340f-4d96-b190-e2e0a4a4e1f3"
    },
    {
        "major": "Chemistry (B.A.)",
        "key": "74/9/to/29/Major/accec1f5-5f62-4a4f-b6e0-bff3fb6a3ff1"
    },
    {
        "major": "Chemistry (B.S.)",
        "key": "74/9/to/29/Major/9644db33-263d-4505-8708-afdfd76d8256"
    },
    {
        "major": "Chicano Studies (B.A.)",
        "key": "74/9/to/29/Major/8296a14d-65ad-4fbe-bae8-399be6f7317a"
    },
    {
        "major": "Child and Family Science - Child Development Option (B.S.)",
        "key": "74/9/to/29/Major/9d1405a4-485e-476f-8c5e-dadd45333a2c"
    },
    {
        "major": "Child and Family Science - Family Science Option (B.S.)",
        "key": "74/9/to/29/Major/c90366a2-4a83-402a-b7fa-fa09ff83f6e8"
    },
    {
        "major": "City & Regional Planning (B.S.)",
        "key": "74/9/to/29/Major/61e678ca-9bb5-42a0-a771-a891c4d31c0c"
    },
    {
        "major": "Civil Engineering (B.S.) ",
        "key": "74/9/to/29/Major/6e0b9062-3f56-4516-8ddd-08600adfac8f"
    },
    {
        "major": "Cognitive Science (B.S.) ",
        "key": "74/9/to/29/Major/799244eb-2a8b-4687-b281-2a1279708860"
    },
    {
        "major": "Communication (B.A.)",
        "key": "74/9/to/29/Major/3401f42c-0160-4449-ae7a-b5e35aed2fa3"
    },
    {
        "major": "Communicative Sciences - Audiology Option (B.A.)",
        "key": "74/9/to/29/Major/81ca18a4-3ea2-45ff-9ecc-225557c76786"
    },
    {
        "major": "Communicative Sciences - Speech Pathology Option (B.A.)",
        "key": "74/9/to/29/Major/016fd25f-aefd-46a9-93b5-f621c1753309"
    },
    {
        "major": "Computer Engineering (B.S.)",
        "key": "74/9/to/29/Major/39166b27-fa50-4b9e-9434-1ea9aebd6db7"
    },
    {
        "major": "Computer Science (B.S.)",
        "key": "74/9/to/29/Major/049700a4-ead4-4ccc-bef2-0b75c7a1783b"
    },
    {
        "major": "Construction Management (B.S.)",
        "key": "74/9/to/29/Major/f9effb38-c4db-4dc9-b5ce-679b409784c6"
    },
    {
        "major": "Criminology (B.S.)",
        "key": "74/9/to/29/Major/a4ca64dd-6bdd-4c16-b881-167606ae0e62"
    },
    {
        "major": "Dance (B.A)",
        "key": "74/9/to/29/Major/f0653260-34f1-4f98-993b-aa861ed91a42"
    },
    {
        "major": "Deaf Studies - Deaf Education Option (B.A.)",
        "key": "74/9/to/29/Major/f40f8ef1-ec62-431b-80e6-716d89dd2f54"
    },
    {
        "major": "Deaf Studies - Deaf Studies Option (B.A.)",
        "key": "74/9/to/29/Major/7d719beb-f626-4df6-aebd-30068495adbd"
    },
    {
        "major": "Deaf Studies - Interpreting Option (B.A.)",
        "key": "74/9/to/29/Major/3a2e7dd6-d662-49b3-b837-680471d9c3d7"
    },
    {
        "major": "Economics (B.A.)",
        "key": "74/9/to/29/Major/91a145b7-5868-4c08-8be6-deb89dc5afe0"
    },
    {
        "major": "Electrical Engineering (B.S.)",
        "key": "74/9/to/29/Major/483d68d2-9984-4dd1-84e9-40a79fff7177"
    },
    {
        "major": "English - Creative Writing Option (B.A.)",
        "key": "74/9/to/29/Major/a62975a2-6071-4e73-9c58-d3128b862294"
    },
    {
        "major": "English - Literature Option (B.A.)",
        "key": "74/9/to/29/Major/ab4a4b0f-57a8-4325-8ffd-f40ca136536e"
    },
    {
        "major": "English Studies - Creative Writing Emphasis (B.A.)",
        "key": "74/9/to/29/Major/3615539b-0744-4d4b-b33f-793a8b7268b0"
    },
    {
        "major": "English Studies - Linguistics Emphasis (B.A.)",
        "key": "74/9/to/29/Major/10ce3cba-1cbb-462a-36ea-08dba98d34db"
    },
    {
        "major": "English Studies - Literature Emphasis (B.A.)",
        "key": "74/9/to/29/Major/0fff97d9-0fd4-43df-8118-5b90f54e2cde"
    },
    {
        "major": "English Studies - Rhetoric and Writing Studies Emphasis (B.A.)",
        "key": "74/9/to/29/Major/50a63b06-b809-4c36-bcc1-7aa23d015dba"
    },
    {
        "major": "English Studies - Speech Emphasis (B.A.)",
        "key": "74/9/to/29/Major/12941738-e94c-4a3d-92cd-8d9fa3dc94de"
    },
    {
        "major": "English Studies - Theatre Emphasis (B.A.)",
        "key": "74/9/to/29/Major/23bf645f-4a44-42e2-a234-b69e40e34bf2"
    },
    {
        "major": "Enology (B.S.)",
        "key": "74/9/to/29/Major/e73a354e-205b-49af-8856-fb48fa9d76a6"
    },
    {
        "major": "Environmental Sciences (B.S.)",
        "key": "74/9/to/29/Major/b658811b-b3cc-46c9-befe-56ba1f37b383"
    },
    {
        "major": "Exercise Science (B.S.)",
        "key": "74/9/to/29/Major/d54aff8b-f012-4944-bbc7-98c5033fbe65"
    },
    {
        "major": "Fashion Merchandising (B.A.)",
        "key": "74/9/to/29/Major/87e67ef7-f5fc-4048-a35f-583f3158eea6"
    },
    {
        "major": "Food Sciences - Culinology Option (B.S.)",
        "key": "74/9/to/29/Major/67909677-1967-48fd-a13c-d0daa0c31deb"
    },
    {
        "major": "Food Sciences - Food Technology Option (B.S.)",
        "key": "74/9/to/29/Major/928835bd-391b-46c4-a48a-2196bb616130"
    },
    {
        "major": "Forensic Behavioral Sciences (B.S.)",
        "key": "74/9/to/29/Major/6ed02c19-5d7d-4b20-bf15-01cca2155a85"
    },
    {
        "major": "French (B.A.)",
        "key": "74/9/to/29/Major/0b6fabb5-1862-47ad-8976-0295c79514d1"
    },
    {
        "major": "Geography (B.A.)",
        "key": "74/9/to/29/Major/b97c2e89-305b-4f29-b532-7d2e020a0bd3"
    },
    {
        "major": "Geology (B.S.)",
        "key": "74/9/to/29/Major/3d560e10-c4d7-4651-8720-08a4dfd625ec"
    },
    {
        "major": "Geomatics Engineering (B.S.)",
        "key": "74/9/to/29/Major/dc960a97-22ac-4c39-9186-52db0aabf543"
    },
    {
        "major": "Graphic Design (B.F.A.)",
        "key": "74/9/to/29/Major/53ab1280-613f-46b6-93d1-d2746fd86b37"
    },
    {
        "major": "Health Science - Community Health Option (B.S.)",
        "key": "74/9/to/29/Major/450d702c-b629-45d9-8f34-3a40c3cf2d8f"
    },
    {
        "major": "Health Science - Environmental/Occupational Health & Safety Option (B.S.)",
        "key": "74/9/to/29/Major/758f567f-0842-4f4b-a435-ad007b2ab0c8"
    },
    {
        "major": "Health Science - Health Administration Option (B.S.)",
        "key": "74/9/to/29/Major/697f60ef-f6ff-4f24-8226-2d3977081bc2"
    },
    {
        "major": "History (B.A.)",
        "key": "74/9/to/29/Major/f57f10e1-bd95-4d56-8b56-622e01a14bc8"
    },
    {
        "major": "Human Nutritional Sciences (B.S.)",
        "key": "74/9/to/29/Major/fce94ba8-a706-4bab-8dbb-c02c3a0cf359"
    },
    {
        "major": "Industrial Technology (B.S.)",
        "key": "74/9/to/29/Major/7e344a9d-658c-43a6-a52a-ef234f496f53"
    },
    {
        "major": "Industrial Technology - Agricultural Systems Management Option (B.S.)",
        "key": "74/9/to/29/Major/0c6afb02-5359-4b38-8a6c-dca90bb8c9ce"
    },
    {
        "major": "Integrated Design (B.A.)",
        "key": "74/9/to/29/Major/e47eb78e-813e-4baa-bc47-ea0999d540a8"
    },
    {
        "major": "Interior Design (B.A.)",
        "key": "74/9/to/29/Major/8c514503-0878-4f61-b253-e8f54d5b4fc1"
    },
    {
        "major": "Kinesiology - Sport Administration (B.S.)",
        "key": "74/9/to/29/Major/df624466-fab2-49ac-9223-b5bebf8daf7e"
    },
    {
        "major": "Latin American Studies (B.A.)",
        "key": "74/9/to/29/Major/f3280e77-576b-4467-bb28-b61dff1b23c7"
    },
    {
        "major": "Liberal Studies (B.A.)",
        "key": "74/9/to/29/Major/3ccdf420-7cb0-4921-996b-4873bebf15cc"
    },
    {
        "major": "Linguistics - Computational Linguistics Option (B.A.)",
        "key": "74/9/to/29/Major/ecc66a2d-8041-41fc-a7ac-5bd685502c3c"
    },
    {
        "major": "Linguistics - Interdisciplinary Language Studies Option (B.A.)",
        "key": "74/9/to/29/Major/7fdcc9a4-9dca-48f8-8935-e07d95f6e23d"
    },
    {
        "major": "Mass Communication and Journalism - Advertising and Public Relations Option (B.A.)",
        "key": "74/9/to/29/Major/bdb0ee4c-9a5c-4641-837c-36193006e39b"
    },
    {
        "major": "Mass Communication and Journalism - Broadcast/Multiplatform Journalism Option (B.A.)",
        "key": "74/9/to/29/Major/a1b1ae31-9c44-450f-8847-0c955bf06f20"
    },
    {
        "major": "Mass Communication and Journalism - Digital Journalism Option (B.A.)",
        "key": "74/9/to/29/Major/6aab16e3-7177-4c7a-a8e3-710a84f56562"
    },
    {
        "major": "Mass Communication and Journalism - Film and Media Arts Option (B.A.)",
        "key": "74/9/to/29/Major/e55037f5-945a-401b-9b92-76e0fb3d018f"
    },
    {
        "major": "Mathematics - Applied Math Option (B.S.)",
        "key": "74/9/to/29/Major/0d915222-5fa0-4a45-bd48-74cd13ff364a"
    },
    {
        "major": "Mathematics - General Math Option (B.S.)",
        "key": "74/9/to/29/Major/1d643a57-b25f-4f54-9630-94a8ff381d52"
    },
    {
        "major": "Mathematics - Integrated Credential Option (B.S.)",
        "key": "74/9/to/29/Major/1d387ec3-33aa-441e-a482-c6e84cf104cc"
    },
    {
        "major": "Mathematics - Pure Math Option (B.S.)",
        "key": "74/9/to/29/Major/f7bdb9be-e6fa-40ad-8c94-615427acd893"
    },
    {
        "major": "Mathematics - Statistics Option (B.S.)",
        "key": "74/9/to/29/Major/7bd4326a-9139-4929-9716-02c54915d9fb"
    },
    {
        "major": "Mathematics - Teaching Option (B.S.)",
        "key": "74/9/to/29/Major/30d1f864-c413-4606-aac5-d121acfaed76"
    },
    {
        "major": "Mechanical Engineering (B.S.)",
        "key": "74/9/to/29/Major/c49fdb89-ba1f-4d32-b303-a0907c084d80"
    },
    {
        "major": "Music (B.M)",
        "key": "74/9/to/29/Major/00567f22-c8eb-47d7-aec7-9cbbba72eaca"
    },
    {
        "major": "Music- Music as a Liberal Art Option (B.A.)",
        "key": "74/9/to/29/Major/1b5af706-f2ab-4702-a3a0-e4e09dfd7cd3"
    },
    {
        "major": "Natural Sciences - Biology Option (B.A.)",
        "key": "74/9/to/29/Major/c084fb7f-c2eb-42fe-8bbc-2daf92a132a8"
    },
    {
        "major": "Natural Sciences - Chemistry Option (B.A.)",
        "key": "74/9/to/29/Major/8cb252e8-2a70-4cd4-9b73-eba2e44fdd52"
    },
    {
        "major": "Natural Sciences - Earth Science Option (B.A.)",
        "key": "74/9/to/29/Major/bc1d6fa6-87c5-417e-8aa5-f29f542db885"
    },
    {
        "major": "Natural Sciences - Physics Option (B.A.)",
        "key": "74/9/to/29/Major/55990418-72ee-4ce1-a7d1-be1befa9e5ca"
    },
    {
        "major": "Nursing (B.S.)",
        "key": "74/9/to/29/Major/d53f755b-d639-4797-959d-6e56f556acc8"
    },
    {
        "major": "Nursing - RN to BSN ",
        "key": "74/9/to/29/Major/8d0248c6-6506-44bd-97a6-0c43ca47b6fe"
    },
    {
        "major": "Philosophy (B.A.) ",
        "key": "74/9/to/29/Major/f9c25a48-052b-4036-a2f1-e14dce431dc1"
    },
    {
        "major": "Philosophy - Prelaw Option (B.A.) ",
        "key": "74/9/to/29/Major/f7a52126-7a0e-4aa2-bf7a-2a453d155fa6"
    },
    {
        "major": "Philosophy - Religious Studies Option (B.A.) ",
        "key": "74/9/to/29/Major/1ac3a952-a872-4426-adb3-902562bf8be4"
    },
    {
        "major": "Physical Education (B.S.)",
        "key": "74/9/to/29/Major/8c676a19-ae71-4b6e-ad3e-7934e948a6ce"
    },
    {
        "major": "Physics (B.S.)",
        "key": "74/9/to/29/Major/8a05401e-e3f4-4292-9d8b-b85ff57f84e2"
    },
    {
        "major": "Plant Science (B.S.)",
        "key": "74/9/to/29/Major/ee54e305-a551-484f-8847-451fc58cc8ad"
    },
    {
        "major": "Political Science (B.A.)",
        "key": "74/9/to/29/Major/61733c81-aea2-49fa-aa37-0787b6f50a9d"
    },
    {
        "major": "Psychology (B.A.)",
        "key": "74/9/to/29/Major/bb571318-813c-45d4-ae57-fa8d7e869b1e"
    },
    {
        "major": "Recreation Administration - Community Recreation, Youth Development, and Senior Services Emphasis (B.S.)",
        "key": "74/9/to/29/Major/e296eddc-af97-432d-a524-40be3ce9385b"
    },
    {
        "major": "Recreation Administration - Outdoor Recreation and Natural Resource Management Emphasis (B.S.)",
        "key": "74/9/to/29/Major/e1672762-75e1-41dc-a6ed-d0349e831c46"
    },
    {
        "major": "Recreation Administration - Recreation Therapy Emphasis (B.S.)",
        "key": "74/9/to/29/Major/ba3127a3-e21e-4b27-85ea-c897d95b71af"
    },
    {
        "major": "Recreation Administration - Special Events & Tourism Emphasis (B.S.)",
        "key": "74/9/to/29/Major/f7a9029d-9ce0-4f5c-9749-b979c1241061"
    },
    {
        "major": "Recreation Administration - Sports and Entertainment Facility Management Emphasis (B.S.)",
        "key": "74/9/to/29/Major/9b3c3b40-5d3c-4016-845b-fc1cb9fb45ff"
    },
    {
        "major": "Social Work (B.A.)",
        "key": "74/9/to/29/Major/4b101a1c-6978-4630-8d2c-97f775ec03b9"
    },
    {
        "major": "Sociology (B.A.)",
        "key": "74/9/to/29/Major/eeb86474-8a94-4399-a2a1-d928d578f624"
    },
    {
        "major": "Spanish (B.A.)",
        "key": "74/9/to/29/Major/1666e996-29ad-4424-836b-5d144971e042"
    },
    {
        "major": "Theatre Arts - Acting Emphasis (B.A.)",
        "key": "74/9/to/29/Major/a833ea28-0142-4e01-871e-fd7ae19ea0ad"
    },
    {
        "major": "Theatre Arts - Design/Technology Emphasis (B.A.)",
        "key": "74/9/to/29/Major/49215a3c-a5ab-4374-b907-06b2652f0b49"
    },
    {
        "major": "Theatre Arts - General Emphasis (B.A.)",
        "key": "74/9/to/29/Major/93cd52a8-b6e1-416a-9758-cd294f2d63a4"
    },
    {
        "major": "Theatre Arts - Theatre Education Option (B.A.)",
        "key": "74/9/to/29/Major/0e0435b9-c2b3-44f7-be6c-ca6402f36064"
    },
    {
        "major": "Viticulture (B.S.)",
        "key": "74/9/to/29/Major/b4b8bcb7-65af-4a3a-a5f4-e7112574c593"
    },
    {
        "major": "Women\u2019s, Gender, and Sexuality Studies  (B.A.)",
        "key": "74/9/to/29/Major/ce553790-40a9-49da-82e5-3b0d842e1a0e"
    }
]