[
    {
        "major": "Accountancy ",
        "key": 26835907
    },
    {
        "major": "Aerospace Engineering ",
        "key": 26835908
    },
    {
        "major": "Africana Studies ",
        "key": 26835909
    },
    {
        "major": "American Sign Language Linguistics And Deaf Culture: Option in English Interpreting",
        "key": 26835912
    },
    {
        "major": "American Sign Language Linguistics and Deaf Culture",
        "key": 26835910
    },
    {
        "major": "American Studies ",
        "key": 26835911
    },
    {
        "major": "Anthropology ",
        "key": 26835914
    },
    {
        "major": "Applied Statistics, B.S.",
        "key": 26835913
    },
    {
        "major": "Art: Option in 3-D Media",
        "key": 26835916
    },
    {
        "major": "Art: Option in Art Education",
        "key": 26835915
    },
    {
        "major": "Art: Option in Art History",
        "key": 26835917
    },
    {
        "major": "Art: Option in Art Photography",
        "key": 26835918
    },
    {
        "major": "Art: Option in Ceramics",
        "key": 26835919
    },
    {
        "major": "Art: Option in Drawing and Painting",
        "key": 26835920
    },
    {
        "major": "Art: Option in Graphic Design",
        "key": 26835921
    },
    {
        "major": "Art: Option in Illustration/Animation",
        "key": 26835922
    },
    {
        "major": "Art: Option in Printmaking",
        "key": 26835923
    },
    {
        "major": "Art: Option in Sculpture",
        "key": 26835924
    },
    {
        "major": "Art: Option in Studio Art",
        "key": 26835928
    },
    {
        "major": "Asian American Studies",
        "key": 26835925
    },
    {
        "major": "Asian Studies",
        "key": 26835926
    },
    {
        "major": "Athletic Training",
        "key": 26835927
    },
    {
        "major": "Biochemistry, B.A.",
        "key": 26835929
    },
    {
        "major": "Biochemistry, B.S.",
        "key": 26835930
    },
    {
        "major": "Biology: General",
        "key": 26835931
    },
    {
        "major": "Biology: Option in Biology Education",
        "key": 26835932
    },
    {
        "major": "Biology: Option in Molecular Cell Biology and Physiology",
        "key": 26835933
    },
    {
        "major": "Biology: Option in Organismal Biology",
        "key": 26835934
    },
    {
        "major": "Biomedical Engineering",
        "key": 26835936
    },
    {
        "major": "Business Administration",
        "key": 26835935
    },
    {
        "major": "Chemical Engineering",
        "key": 26835938
    },
    {
        "major": "Chemistry, B.A.",
        "key": 26835937
    },
    {
        "major": "Chemistry, B.S.",
        "key": 26835939
    },
    {
        "major": "Chemistry: Option in Material Science",
        "key": 26835941
    },
    {
        "major": "Chicano and Latino Studies",
        "key": 26835940
    },
    {
        "major": "Child Development and Family Studies",
        "key": 26835943
    },
    {
        "major": "Chinese Studies",
        "key": 26835942
    },
    {
        "major": "Civil Engineering",
        "key": 26835948
    },
    {
        "major": "Classics, B.A.",
        "key": 26835945
    },
    {
        "major": "Classics: Latin and Roman Civilization",
        "key": 26835944
    },
    {
        "major": "Communication Studies: Communication, Culture, and Public Affairs",
        "key": 26835947
    },
    {
        "major": "Communication Studies: Interpersonal and Organizational Communication",
        "key": 26835946
    },
    {
        "major": "Communications Studies",
        "key": 26835950
    },
    {
        "major": "Comparative World Literature: Cultural Studies",
        "key": 26835949
    },
    {
        "major": "Comparative World Literature: Language and Literature",
        "key": 26835951
    },
    {
        "major": "Comparative World Literature: World Literature in Translation",
        "key": 26835952
    },
    {
        "major": "Computer Engineering",
        "key": 26835953
    },
    {
        "major": "Computer Engineering Technology",
        "key": 26835954
    },
    {
        "major": "Computer Science",
        "key": 26835955
    },
    {
        "major": "Construction Management",
        "key": 26835956
    },
    {
        "major": "Consumer Affairs, B.A.",
        "key": 26835958
    },
    {
        "major": "Criminology and Criminal Justice",
        "key": 26835957
    },
    {
        "major": "Dance, B.A.",
        "key": 26835960
    },
    {
        "major": "Dance, B.F.A.",
        "key": 26835959
    },
    {
        "major": "Dance:  Dance Science",
        "key": 26835964
    },
    {
        "major": "Design",
        "key": 26835961
    },
    {
        "major": "Earth Science",
        "key": 26835962
    },
    {
        "major": "Economics, B.A.",
        "key": 26835963
    },
    {
        "major": "Economics: Business Economics",
        "key": 26835965
    },
    {
        "major": "Economics: Option in Mathematical Economics and Economic Theory",
        "key": 26835966
    },
    {
        "major": "Electrical Engineering",
        "key": 26835968
    },
    {
        "major": "Electronics Engineering Technology",
        "key": 26835969
    },
    {
        "major": "English",
        "key": 26835967
    },
    {
        "major": "English: Creative Writing",
        "key": 26835970
    },
    {
        "major": "English: English Education",
        "key": 26835973
    },
    {
        "major": "English: Literature",
        "key": 26835971
    },
    {
        "major": "English: Rhetoric and Composition",
        "key": 26835972
    },
    {
        "major": "English: Special Emphasis",
        "key": 26835974
    },
    {
        "major": "Environmental Engineering",
        "key": 26835975
    },
    {
        "major": "Environmental Science and Policy B.S.",
        "key": 26835976
    },
    {
        "major": "Environmental Science and Policy, B.A.",
        "key": 26835979
    },
    {
        "major": "Family Life Education",
        "key": 26835977
    },
    {
        "major": "Fashion Design",
        "key": 26835978
    },
    {
        "major": "Fashion Merchandising",
        "key": 26835981
    },
    {
        "major": "Film and Electronic Arts: Narrative Production",
        "key": 26835980
    },
    {
        "major": "Film and Electronic Arts: Theory and Practice of Cinema",
        "key": 26835982
    },
    {
        "major": "Finance",
        "key": 26835983
    },
    {
        "major": "Food Science",
        "key": 26835986
    },
    {
        "major": "French and Francophone Studies",
        "key": 26835984
    },
    {
        "major": "French and Francophone Studies, Interdisciplinary Option",
        "key": 26835985
    },
    {
        "major": "Geography",
        "key": 26835987
    },
    {
        "major": "Geology",
        "key": 26835989
    },
    {
        "major": "German",
        "key": 26835988
    },
    {
        "major": "Health Care Administration",
        "key": 26835990
    },
    {
        "major": "Health Science: Community Health Education",
        "key": 26835991
    },
    {
        "major": "Health Science: School Health Education",
        "key": 26835992
    },
    {
        "major": "History",
        "key": 26835995
    },
    {
        "major": "Hospitality Management",
        "key": 26835993
    },
    {
        "major": "Human Development",
        "key": 26835994
    },
    {
        "major": "Human Resource Management",
        "key": 26835996
    },
    {
        "major": "Industrial Design",
        "key": 26835998
    },
    {
        "major": "Interior Design",
        "key": 26835997
    },
    {
        "major": "International Business",
        "key": 26835999
    },
    {
        "major": "International Studies",
        "key": 26836001
    },
    {
        "major": "Italian Studies",
        "key": 26836000
    },
    {
        "major": "Japanese",
        "key": 26836003
    },
    {
        "major": "Journalism",
        "key": 26836002
    },
    {
        "major": "Kinesiology: Exercise Science",
        "key": 26836004
    },
    {
        "major": "Kinesiology: Fitness",
        "key": 26836006
    },
    {
        "major": "Kinesiology: Physical Education",
        "key": 26836005
    },
    {
        "major": "Kinesiology: Sport Psychology and Leadership",
        "key": 26836007
    },
    {
        "major": "Liberal Studies B.A.",
        "key": 26836010
    },
    {
        "major": "Linguistics: B.A.",
        "key": 26836008
    },
    {
        "major": "Linguistics: Teaching English to Speakers of Other Languages B.A.",
        "key": 26836009
    },
    {
        "major": "Linguistics: Translation Studies B.A.",
        "key": 26836011
    },
    {
        "major": "Management",
        "key": 26836012
    },
    {
        "major": "Management Information Systems",
        "key": 26836013
    },
    {
        "major": "Marine Biology",
        "key": 26836014
    },
    {
        "major": "Marketing",
        "key": 26836015
    },
    {
        "major": "Mathematics",
        "key": 26836017
    },
    {
        "major": "Mechanical Engineering",
        "key": 26836019
    },
    {
        "major": "Microbiology",
        "key": 26836016
    },
    {
        "major": "Modern Jewish Studies",
        "key": 26836018
    },
    {
        "major": "Music B.A.",
        "key": 26836020
    },
    {
        "major": "Music: Choral-Vocal",
        "key": 26836022
    },
    {
        "major": "Music: Composition",
        "key": 26836021
    },
    {
        "major": "Music: History",
        "key": 26836023
    },
    {
        "major": "Music: Instrumental",
        "key": 26836024
    },
    {
        "major": "Music: Performance",
        "key": 26836026
    },
    {
        "major": "Nursing",
        "key": 26836025
    },
    {
        "major": "Nutrition and Dietetics",
        "key": 26836028
    },
    {
        "major": "Operations and Supply Chain Management",
        "key": 26836027
    },
    {
        "major": "Philosophy",
        "key": 26836029
    },
    {
        "major": "Physics",
        "key": 26836034
    },
    {
        "major": "Political Science",
        "key": 26836030
    },
    {
        "major": "Psychology",
        "key": 26836031
    },
    {
        "major": "Public Relations",
        "key": 26836032
    },
    {
        "major": "Recreation",
        "key": 26836033
    },
    {
        "major": "Recreation: Recreation Therapy",
        "key": 26836035
    },
    {
        "major": "Religious Studies",
        "key": 26836037
    },
    {
        "major": "Social Work",
        "key": 26836036
    },
    {
        "major": "Sociology",
        "key": 26836038
    },
    {
        "major": "Spanish",
        "key": 26836039
    },
    {
        "major": "Spanish, Interdisciplinary Option",
        "key": 26836040
    },
    {
        "major": "Speech-Language Pathology",
        "key": 26836041
    },
    {
        "major": "Theatre Arts B.A.",
        "key": 26836042
    },
    {
        "major": "Theatre Arts: Performance-Acting",
        "key": 26836043
    },
    {
        "major": "Theatre Arts: Technical Theatre-Scenery/Costume/Lighting Design",
        "key": 26836045
    },
    {
        "major": "Women's, Gender, and Sexuality Studies",
        "key": 26836044
    }
]