[
    {
        "major": "Administration, B.A. (Multiple Concentrations)",
        "key": "74/9/to/85/Major/fcbd53a8-edd1-4a5b-a8f4-bcca12525d2d"
    },
    {
        "major": "Anthropology, B.A.",
        "key": "74/9/to/85/Major/341b4794-9f57-484c-81d9-e157f3eb0a0b"
    },
    {
        "major": "Arabic Language, Literature, and Culture, B.A.",
        "key": "74/9/to/85/Major/2ed4e7e0-ee9a-4e30-bd2a-82ffdc2af153"
    },
    {
        "major": "Career and Technical Studies, B.A.",
        "key": "74/9/to/85/Major/58fb5efe-7e64-4491-913a-ff7f67155598"
    },
    {
        "major": "Career and Technical Studies, B.S.",
        "key": "74/9/to/85/Major/32c9879f-9293-4e2a-99e9-51a04d17dbf2"
    },
    {
        "major": "Criminal Justice, B.A.",
        "key": "74/9/to/85/Major/511d6e9a-6b2d-44f0-9cb7-73df928c19ce"
    },
    {
        "major": "English, B.A.",
        "key": "74/9/to/85/Major/7b736b31-ac4b-490c-b645-571b1bb1ddff"
    },
    {
        "major": "Ethnic Studies, B.A.",
        "key": "74/9/to/85/Major/19f4f2c9-eb53-43cd-8f32-927ecc9b1d05"
    },
    {
        "major": "French, B.A.",
        "key": "74/9/to/85/Major/6e104052-5ef6-4827-b491-aa3a7a878ebd"
    },
    {
        "major": "Geography, B.A.",
        "key": "74/9/to/85/Major/d09c8f73-5041-48c3-b5b4-09cfe0cf7ba2"
    },
    {
        "major": "Global Studies, B.A.",
        "key": "74/9/to/85/Major/eb75e67f-2e9f-4488-8e4a-0a6e1ebdd097"
    },
    {
        "major": "Health Services Administration, B.S.",
        "key": "74/9/to/85/Major/4a32b0e1-df92-4f5b-85cf-4a04d7a42458"
    },
    {
        "major": "Information Systems and Technology, B.S.",
        "key": "74/9/to/85/Major/4756fac7-7c0e-4d75-983a-0da54bbfa260"
    },
    {
        "major": "Liberal Studies, B.A.",
        "key": "74/9/to/85/Major/640f3e3b-08d5-42cc-aa54-8de523bb75f5"
    },
    {
        "major": "Mathematics, B.A.",
        "key": "74/9/to/85/Major/9a646b9d-15fb-42f5-ab08-51341a46294e"
    },
    {
        "major": "Nutritional Science and Dietetics, B.S.",
        "key": "74/9/to/85/Major/d460f041-58f4-4145-a686-ec6bfd92b937"
    },
    {
        "major": "Philosophy, B.A.",
        "key": "74/9/to/85/Major/805c1583-9db3-44ac-b961-73b79c4cb3e5"
    },
    {
        "major": "Political Economy, B.A.",
        "key": "74/9/to/85/Major/a8a5d764-9060-44de-bd66-bb96b1e21e3a"
    },
    {
        "major": "Political Science, B.A.",
        "key": "74/9/to/85/Major/667eb8e7-a592-4abe-9d20-240f27f9d067"
    },
    {
        "major": "Psychology, B.A.",
        "key": "74/9/to/85/Major/86a6d5fa-d2db-4a53-a49a-6cfa6d3657e6"
    },
    {
        "major": "Public Health, B.S.",
        "key": "74/9/to/85/Major/7a468fa8-d3d8-4228-b5fd-4f0bc1d0bbda"
    }
]