[
    {
        "major": "American Indian Studies",
        "key": 25829772
    },
    {
        "major": "Anthropology",
        "key": 25829748
    },
    {
        "major": "Applied Physics - Applied Electronics Option",
        "key": 25829771
    },
    {
        "major": "Applied Physics - General Option",
        "key": 25829808
    },
    {
        "major": "Art, Media, and Design, Art and Visual Culture Option",
        "key": 25829812
    },
    {
        "major": "Art, Media, and Design, Digital and Media Arts Option",
        "key": 25829811
    },
    {
        "major": "Biochemistry",
        "key": 25829747
    },
    {
        "major": "Biological Sciences",
        "key": 25829752
    },
    {
        "major": "Biotechnology",
        "key": 25829755
    },
    {
        "major": "Business Administration - All Options",
        "key": 25829805
    },
    {
        "major": "Chemistry, Chemistry Education Option",
        "key": 25829751
    },
    {
        "major": "Chemistry, General Chemistry Option",
        "key": 25829754
    },
    {
        "major": "Child and Adolescent Development, B.A.",
        "key": 25829757
    },
    {
        "major": "Communication",
        "key": 25829758
    },
    {
        "major": "Computer Science - CIS Option",
        "key": 25829791
    },
    {
        "major": "Computer Science - CS Option",
        "key": 25829773
    },
    {
        "major": "Criminology and Justice Studies",
        "key": 25829759
    },
    {
        "major": "Economics",
        "key": 25829761
    },
    {
        "major": "Electrical Engineering",
        "key": 25829804
    },
    {
        "major": "Environmental Studies",
        "key": 25829794
    },
    {
        "major": "Ethnic Studies",
        "key": 25829775
    },
    {
        "major": "Geography",
        "key": 25829818
    },
    {
        "major": "Global Studies",
        "key": 25829765
    },
    {
        "major": "History",
        "key": 25829762
    },
    {
        "major": "History Single-Subject Preparation for Teaching Option",
        "key": 25829778
    },
    {
        "major": "Human Development, All Options",
        "key": 25829807
    },
    {
        "major": "Kinesiology - Health Science Option",
        "key": 25829792
    },
    {
        "major": "Kinesiology - Movement Science Option",
        "key": 25829787
    },
    {
        "major": "Liberal Studies, Integrated Teacher Education Program Option (ITEP)",
        "key": 25829816
    },
    {
        "major": "Liberal Studies, Teaching - Elementary Subject Matter Preparation",
        "key": 25829815
    },
    {
        "major": "Literature and Writing Studies",
        "key": 25829764
    },
    {
        "major": "Mathematics",
        "key": 25829768
    },
    {
        "major": "Media Studies",
        "key": 25829777
    },
    {
        "major": "Music ",
        "key": 25829781
    },
    {
        "major": "Nursing, All Options",
        "key": 25829798
    },
    {
        "major": "Political Science",
        "key": 25829766
    },
    {
        "major": "Psychological Science",
        "key": 25829780
    },
    {
        "major": "Social Sciences",
        "key": 25829788
    },
    {
        "major": "Sociology, Aging and the Life Course Concentration",
        "key": 25829802
    },
    {
        "major": "Sociology, Children, Youth, and Families Concentration",
        "key": 25829801
    },
    {
        "major": "Sociology, Critical Race Studies Concentration",
        "key": 25829799
    },
    {
        "major": "Sociology, Health, Education, and Welfare Concentration",
        "key": 25829797
    },
    {
        "major": "Sociology, Standard Concentration",
        "key": 25829795
    },
    {
        "major": "Software Engineering",
        "key": 25829784
    },
    {
        "major": "Spanish",
        "key": 25829769
    },
    {
        "major": "Theatre",
        "key": 25829817
    },
    {
        "major": "Women's, Gender, and Sexuality Studies",
        "key": 25829813
    }
]