[
    {
        "major": "Aerospace Engineering",
        "key": 4384642
    },
    {
        "major": "Anthropology",
        "key": 4384643
    },
    {
        "major": "Art - Emphasis in Applied Design",
        "key": 4384644
    },
    {
        "major": "Art - Emphasis in Art History",
        "key": 4384645
    },
    {
        "major": "Art - Emphasis in Interior Design",
        "key": 4384646
    },
    {
        "major": "Art - Emphasis in Painting and Printmaking",
        "key": 4384647
    },
    {
        "major": "Art - Emphasis in Sculpture",
        "key": 4384648
    },
    {
        "major": "Art - Emphasis in Studio Arts",
        "key": 4384649
    },
    {
        "major": "Art - for the Single Subject Teaching Credential",
        "key": 4384650
    },
    {
        "major": "Art -- Emphasis in Graphic Design",
        "key": 4384651
    },
    {
        "major": "Biology",
        "key": 4384652
    },
    {
        "major": "Business Administration",
        "key": 4384653
    },
    {
        "major": "Chemical Physics",
        "key": 4384661
    },
    {
        "major": "Chemistry - Emphasis in Biochemistry",
        "key": 4384659
    },
    {
        "major": "Chemistry with a BA Degree",
        "key": 4384658
    },
    {
        "major": "Chemistry-BA with Certificate of the American Chemical Society",
        "key": 4384657
    },
    {
        "major": "Chemistry-BS with Certificate of the American Chemical Society",
        "key": 4384660
    },
    {
        "major": "Child Development",
        "key": 4384654
    },
    {
        "major": "Civil Engineering",
        "key": 4384655
    },
    {
        "major": "Communication",
        "key": 4384667
    },
    {
        "major": "Communication - Emphasis in Telecommunications and Film",
        "key": 4384669
    },
    {
        "major": "Communication - Single Subject Teaching Cred English/Speech",
        "key": 4384668
    },
    {
        "major": "Communication -- Emphasis in Media Management",
        "key": 4384665
    },
    {
        "major": "Computer Engineering",
        "key": 4384670
    },
    {
        "major": "Computer Science",
        "key": 4384656
    },
    {
        "major": "Criminal Justice",
        "key": 4384662
    },
    {
        "major": "Economics",
        "key": 4384676
    },
    {
        "major": "Economics - Emphasis in International Economics",
        "key": 4384673
    },
    {
        "major": "Economics - Emphasis in Public Policy",
        "key": 4384674
    },
    {
        "major": "Economics - Specialization in Quantitative Analysis",
        "key": 4384675
    },
    {
        "major": "Electrical Engineering",
        "key": 4384672
    },
    {
        "major": "English -- Single Subject Teaching",
        "key": 4384677
    },
    {
        "major": "English, B.A. Liberal Arts",
        "key": 4384678
    },
    {
        "major": "Environmental Engineering",
        "key": 4384679
    },
    {
        "major": "Environmental Sciences",
        "key": 4384680
    },
    {
        "major": "Foods and Nutrition",
        "key": 4384681
    },
    {
        "major": "Geography - Emphasis in Geographic Information Science",
        "key": 4384686
    },
    {
        "major": "Geography - Emphasis in Methods of Geographic Analysis",
        "key": 4384684
    },
    {
        "major": "Geography - Emphasis in Physical Geography",
        "key": 4384687
    },
    {
        "major": "Geography - Emphasis in Urban and Regional Analysis",
        "key": 4384688
    },
    {
        "major": "Geography - General",
        "key": 4384685
    },
    {
        "major": "Geography - Nat Resource and Environmental Geog (Analysis)",
        "key": 4384682
    },
    {
        "major": "Geography - Nat Resource and Environmental Geog (Policy)",
        "key": 4384683
    },
    {
        "major": "Geological Science - Emphasis in Geochemistry",
        "key": 4384691
    },
    {
        "major": "Geological Science - Emphasis in Marine Geology",
        "key": 4384694
    },
    {
        "major": "Geological Sciences - Emphasis in Engineering Geology",
        "key": 4384689
    },
    {
        "major": "Geological Sciences - Emphasis in Geophysics",
        "key": 4384692
    },
    {
        "major": "Geological Sciences - Emphasis in Hydrogeology",
        "key": 4384693
    },
    {
        "major": "Geological Sciences - Emphasis in Paleontology",
        "key": 4384695
    },
    {
        "major": "Geological Sciences - General",
        "key": 4384690
    },
    {
        "major": "Geological Sciences - Single Subject Teaching",
        "key": 4384696
    },
    {
        "major": "Gerontology",
        "key": 4384697
    },
    {
        "major": "Health Science - Emphasis in Public Health",
        "key": 4384699
    },
    {
        "major": "History",
        "key": 4384698
    },
    {
        "major": "Hospitality and Tourism Management-Emphasis in Tribal Gaming Oper & Mgt",
        "key": 4384700
    },
    {
        "major": "International Business",
        "key": 4384701
    },
    {
        "major": "Journalism",
        "key": 4384703
    },
    {
        "major": "Journalism - Emphasis in Advertising",
        "key": 4384663
    },
    {
        "major": "Journalism - Emphasis in Public Relations",
        "key": 4384666
    },
    {
        "major": "Journalism - Single Subject Teaching",
        "key": 4384702
    },
    {
        "major": "Kinesiology - Emphasis in Athletic Training",
        "key": 4384704
    },
    {
        "major": "Kinesiology - Emphasis in Fitness Specialist",
        "key": 4384705
    },
    {
        "major": "Kinesiology - Emphasis in Physical Education",
        "key": 4384706
    },
    {
        "major": "Kinesiology - Pre-Physical Therapy Rehabilitative Science",
        "key": 4384707
    },
    {
        "major": "Kinesiology-Emphasis in Prephysical Therapy",
        "key": 4384708
    },
    {
        "major": "Liberal Studies",
        "key": 4384709
    },
    {
        "major": "Mechanical Engineering",
        "key": 4384710
    },
    {
        "major": "Microbiology",
        "key": 4384711
    },
    {
        "major": "Nursing",
        "key": 4384714
    },
    {
        "major": "Political Science",
        "key": 4384715
    },
    {
        "major": "Psychology - B.A. Liberal",
        "key": 4384716
    },
    {
        "major": "Public Administration",
        "key": 4384717
    },
    {
        "major": "Recreation Administration-Emphasis in Outdoor Resource Mgt",
        "key": 4384718
    },
    {
        "major": "Recreation Administration-Emphasis in Recreation Systems Mgt",
        "key": 4384719
    },
    {
        "major": "Recreation Administration-Emphasis in Sustainable Tourism Mgt",
        "key": 4384720
    },
    {
        "major": "Religious Studies",
        "key": 4384721
    },
    {
        "major": "Social Science",
        "key": 4384723
    },
    {
        "major": "Social Science - Single Subject Teaching",
        "key": 4384722
    },
    {
        "major": "Social Work",
        "key": 4384724
    },
    {
        "major": "Sociology",
        "key": 4384725
    },
    {
        "major": "Spanish",
        "key": 4384727
    },
    {
        "major": "Spanish - Single Subject Teaching",
        "key": 4384726
    },
    {
        "major": "Television, Film and New Media-Emphasis in Production",
        "key": 4384728
    },
    {
        "major": "Theatre Arts - Design and Technology for the Theatre",
        "key": 4384730
    },
    {
        "major": "Theatre Arts - Emphasis in Design for Television and Film",
        "key": 4384731
    },
    {
        "major": "Theatre Arts - Emphasis in Performance",
        "key": 4384733
    },
    {
        "major": "Theatre Arts - Emphasis in Youth Theatre",
        "key": 4384729
    },
    {
        "major": "Theatre Arts - Single Subject Teaching",
        "key": 4384734
    },
    {
        "major": "Theatre Arts General Program",
        "key": 4384732
    },
    {
        "major": "Urban Studies",
        "key": 4384735
    },
    {
        "major": "Women's Studies",
        "key": 4384736
    }
]