[
    {
        "major": "Aerospace  Engineering/B.S",
        "key": "74/9/to/117/Major/cdf58ef3-0004-46c0-a045-db1dc0f53a28"
    },
    {
        "major": "African American Studies/B.A.",
        "key": "74/9/to/117/Major/4761e944-97fa-41a4-afd1-49ba5366badb"
    },
    {
        "major": "African and Middle Eastern Studies/B.A.",
        "key": "74/9/to/117/Major/57301d4c-5c43-484a-8d52-5f5094898a00"
    },
    {
        "major": "American Indian Studies/B.A.",
        "key": "74/9/to/117/Major/3c4cc628-c33d-4a1d-9b1b-ecc06bda7a07"
    },
    {
        "major": "American Literature and Culture/B.A.",
        "key": "74/9/to/117/Major/9937a460-f0a7-4757-9798-34b846e72705"
    },
    {
        "major": "Ancient Near East and Egyptology/B.A.",
        "key": "74/9/to/117/Major/825ab605-6fab-4822-adc1-e6ae95fdba6a"
    },
    {
        "major": "Anthropology/B.A.",
        "key": "74/9/to/117/Major/da124370-896f-4317-b7c9-516f7539f2c9"
    },
    {
        "major": "Anthropology/B.S.",
        "key": "74/9/to/117/Major/a96f5474-d732-4c6f-8678-0e2470fa35fe"
    },
    {
        "major": "Applied Linguistics/B.A.",
        "key": "74/9/to/117/Major/4185805c-51bc-47dc-a42a-7a1f702b71de"
    },
    {
        "major": "Applied Mathematics/B.S.",
        "key": "74/9/to/117/Major/5dabcaaa-da31-4e28-81c3-3233fa94435f"
    },
    {
        "major": "Arabic/B.A.",
        "key": "74/9/to/117/Major/7b033999-c831-4fe7-88bb-30edc6068cca"
    },
    {
        "major": "Architectural Studies/B.A.",
        "key": "74/9/to/117/Major/8d1fe1eb-46fa-4c10-acde-325c10c5e12f"
    },
    {
        "major": "Art History/B.A.",
        "key": "74/9/to/117/Major/3ae40135-f47f-4a05-a7c5-5eae8dfaa9ca"
    },
    {
        "major": "Art/B.A.",
        "key": "74/9/to/117/Major/9ad48bd2-b80a-4695-a895-a44c381d05f4"
    },
    {
        "major": "Asian American Studies/B.A.",
        "key": "74/9/to/117/Major/61f9527d-e1bd-47e3-b7c9-73f535da089a"
    },
    {
        "major": "Asian Humanities/B.A.",
        "key": "74/9/to/117/Major/c8a3f963-75fa-4414-9486-4f531694bd5e"
    },
    {
        "major": "Asian Languages and Linguistics/B.A.",
        "key": "74/9/to/117/Major/54e5a742-03f5-48e9-8734-ccf55903aff9"
    },
    {
        "major": "Asian Religions/B.A.",
        "key": "74/9/to/117/Major/5385ebad-9616-46aa-b539-3d1bbdfa517c"
    },
    {
        "major": "Asian Studies/B.A.",
        "key": "74/9/to/117/Major/f81e0e17-2cbd-463d-a7d4-a32e9e6d6616"
    },
    {
        "major": "Astrophysics/B.S.",
        "key": "74/9/to/117/Major/0b9659f6-7b93-46aa-bb68-19863ea86869"
    },
    {
        "major": "Atmospheric and Oceanic Sciences/B.S.",
        "key": "74/9/to/117/Major/e88a3362-80e6-4b51-80d3-a91e9d21d069"
    },
    {
        "major": "Atmospheric, And Oceanic Sciences/Mathematics/B.S.",
        "key": "74/9/to/117/Major/f7add23a-fd65-4815-8ec0-f1c695b3ebf5"
    },
    {
        "major": "Biochemistry/B.S.",
        "key": "74/9/to/117/Major/f70889a8-0162-4e30-b66b-2cda8d7a86e5"
    },
    {
        "major": "Bioengineering/B.S.",
        "key": "74/9/to/117/Major/da901e76-9d5f-4e29-a0ef-f169ee5c6ed1"
    },
    {
        "major": "Biology/B.S.",
        "key": "74/9/to/117/Major/3e16dd06-186c-4740-8bad-9ccee1cc568e"
    },
    {
        "major": "Biophysics/B.S.",
        "key": "74/9/to/117/Major/5bea355e-897f-44df-a990-2fe843931a55"
    },
    {
        "major": "Business Economics/B.A.",
        "key": "74/9/to/117/Major/a3dc0691-15e3-4847-adb4-7d9d2688780f"
    },
    {
        "major": "Central and East European Languages and Cultures/B.A.",
        "key": "74/9/to/117/Major/23d4e7ba-6a10-48b7-bf88-6e9907e8cd30"
    },
    {
        "major": "Chemical Engineering/ B.S",
        "key": "74/9/to/117/Major/14835b67-5b24-4185-b3e0-07ed0b471852"
    },
    {
        "major": "Chemistry/B.S.",
        "key": "74/9/to/117/Major/a551e6f8-d87a-4656-a566-c253b80edec3"
    },
    {
        "major": "Chemistry/Materials Science/B.S.",
        "key": "74/9/to/117/Major/416d201b-3f21-4d5f-af81-a0ef1eb8becf"
    },
    {
        "major": "Chicana and Chicano Studies/B.A.",
        "key": "74/9/to/117/Major/66951a02-5216-4ede-8f5b-1b40b4d891fa"
    },
    {
        "major": "Chinese/B.A.",
        "key": "74/9/to/117/Major/59138e84-5a30-4057-92b6-567c8d01644b"
    },
    {
        "major": "Civil Engineering/B.S.",
        "key": "74/9/to/117/Major/4e1f9306-3e7e-4712-bd1d-42fc4c06eb5e"
    },
    {
        "major": "Classical Civilization/B.A.",
        "key": "74/9/to/117/Major/d7f39318-8dcd-4aaf-858b-8fa90aa3fba1"
    },
    {
        "major": "Climate Science/B.S.",
        "key": "74/9/to/117/Major/962d2e53-7d94-4ac1-bcec-fb2a9ec5abde"
    },
    {
        "major": "Cognitive Science/B.S.",
        "key": "74/9/to/117/Major/e8afba2d-c41b-46d6-97ee-2ab2b31868e4"
    },
    {
        "major": "Communication/B.A.",
        "key": "74/9/to/117/Major/fcbeadbc-881c-4f8e-9516-8bd46bffc5fc"
    },
    {
        "major": "Comparative Literature/B.A.",
        "key": "74/9/to/117/Major/89934287-1cca-45d6-ae5f-067f89406a76"
    },
    {
        "major": "Computational and Systems Biology/B.S.",
        "key": "74/9/to/117/Major/c9d94f3d-fa54-417f-be15-62316c88af4b"
    },
    {
        "major": "Computer Engineering/B.S.",
        "key": "74/9/to/117/Major/963220d7-48e4-4254-9945-3e56da3b5424"
    },
    {
        "major": "Computer Science and Engineering/B.S.",
        "key": "74/9/to/117/Major/71e7b2bb-a362-4ddf-aec1-9a3d32beff76"
    },
    {
        "major": "Computer Science/B.S.",
        "key": "74/9/to/117/Major/cc1bac07-1f2e-4bf9-8958-4285f8805b50"
    },
    {
        "major": "Dance/B.A.",
        "key": "74/9/to/117/Major/bb44f91c-3423-49e6-9aba-d3e398f9e23e"
    },
    {
        "major": "Data Theory/B.S.",
        "key": "74/9/to/117/Major/51debcd4-b006-4921-828c-2ada6c31d3e3"
    },
    {
        "major": "Design/Media Arts/B.A.",
        "key": "74/9/to/117/Major/8d62deb2-cf31-48a6-ae3b-91cf68b2fe54"
    },
    {
        "major": "Disability Studies/B.A.",
        "key": "74/9/to/117/Major/80eeab2b-32d0-4984-6aa1-08db9ab8605a"
    },
    {
        "major": "Earth and Environmental Science/B.A.",
        "key": "74/9/to/117/Major/2bb6a708-3210-4f4e-8069-999585a4b1c4"
    },
    {
        "major": "Ecology, Behavior, and Evolution/B.S.",
        "key": "74/9/to/117/Major/24d768a9-d8ee-45d6-a934-507f9b0c0bb9"
    },
    {
        "major": "Economics/B.A.",
        "key": "74/9/to/117/Major/8fbca971-0f1e-4389-a5f6-08a6b029cf62"
    },
    {
        "major": "Education and Social Transformation/B.A.",
        "key": "74/9/to/117/Major/3a30f09a-f576-455a-b1e8-15a7f6834a2e"
    },
    {
        "major": "Electrical Engineering/B.S.",
        "key": "74/9/to/117/Major/170ff2bf-e7dd-4070-8779-e1dad921fe4d"
    },
    {
        "major": "Engineering Geology/B.S.",
        "key": "74/9/to/117/Major/9a1038e8-4038-4c00-a6fd-85be64c7a40e"
    },
    {
        "major": "English/B.A.",
        "key": "74/9/to/117/Major/12884b13-97a5-4b79-a8bf-e8fd7faa9652"
    },
    {
        "major": "Environmental Science/B.S.",
        "key": "74/9/to/117/Major/98994741-05ce-4cb4-803b-6eeb4ea5f19a"
    },
    {
        "major": "Ethnomusicology/BA.",
        "key": "74/9/to/117/Major/e30cb89b-9d2a-423f-aa83-06251368445c"
    },
    {
        "major": "European Languages and Transcultural Studies with French and Francophone/B.A.",
        "key": "74/9/to/117/Major/27e96110-aa60-466c-aee6-c1dbc801f33e"
    },
    {
        "major": "European Languages and Transcultural Studies with German/B.A.",
        "key": "74/9/to/117/Major/11f80810-575c-4100-8fdf-4ae93667636b"
    },
    {
        "major": "European Languages and Transcultural Studies with Italian/B.A.",
        "key": "74/9/to/117/Major/8d426988-0dd5-437b-9719-45ae2d1e942d"
    },
    {
        "major": "European Languages and Transcultural Studies with Scandinavian/B.A.",
        "key": "74/9/to/117/Major/f31aa0b8-ada2-4f27-977c-241919592dc8"
    },
    {
        "major": "European Languages and Transcultural Studies/B.A.",
        "key": "74/9/to/117/Major/982ddc01-7272-4e1c-a02e-34402c1cdf79"
    },
    {
        "major": "European Studies/B.A.",
        "key": "74/9/to/117/Major/3a01c562-3e42-4779-b9cc-78ce0db0c301"
    },
    {
        "major": "Film and Television/B.A.",
        "key": "74/9/to/117/Major/a75358f1-1ab4-4d37-8162-b4e0073ea2c0"
    },
    {
        "major": "Financial Actuarial Mathematics/B.S.",
        "key": "74/9/to/117/Major/221ded8e-82aa-4073-910e-6a58889c5fae"
    },
    {
        "major": "Gender Studies/B.A.",
        "key": "74/9/to/117/Major/e5deab1d-f426-4c9e-9bb5-cbca9d93fb5a"
    },
    {
        "major": "Geography/B.A.",
        "key": "74/9/to/117/Major/3c4051a0-b75d-49ed-b32d-d649b5cc68d9"
    },
    {
        "major": "Geography/Environmental Studies/B.A.",
        "key": "74/9/to/117/Major/a9af57d8-f67b-4808-b51c-4bc106b4dd84"
    },
    {
        "major": "Geology/B.S.",
        "key": "74/9/to/117/Major/fa015f23-7996-4c96-9eaa-310eb3ec1212"
    },
    {
        "major": "Geophysics/B.S.",
        "key": "74/9/to/117/Major/774432e5-ea49-4f60-854c-e9f5b6044828"
    },
    {
        "major": "Global Jazz Studies/B.A.",
        "key": "74/9/to/117/Major/8fb92ce1-0207-46d0-a072-30e3abb0935d"
    },
    {
        "major": "Global Studies/B.A.",
        "key": "74/9/to/117/Major/377ba438-76d6-418b-b1a5-ec005aa10e05"
    },
    {
        "major": "Greek and Latin/B.A.",
        "key": "74/9/to/117/Major/3d77d7b0-e13f-41ab-9bc9-18e17f5fd585"
    },
    {
        "major": "Greek/B.A.",
        "key": "74/9/to/117/Major/0f739827-80e0-491e-9ada-a2e2d754bacb"
    },
    {
        "major": "History/B.A.",
        "key": "74/9/to/117/Major/3ee2ebdd-9656-4678-b9a0-87eb83753fe2"
    },
    {
        "major": "Human Biology and Society/B.A.",
        "key": "74/9/to/117/Major/0ce5d71e-2d50-4d45-a5b5-5ced359e3109"
    },
    {
        "major": "Human Biology and Society/B.S.",
        "key": "74/9/to/117/Major/2ae8454c-b357-47b4-8eec-5c50f4363cb9"
    },
    {
        "major": "International Development Studies/B.A.",
        "key": "74/9/to/117/Major/fc8380e8-def1-4fcd-a631-1e8ca410c99a"
    },
    {
        "major": "Iranian Studies/B.A.",
        "key": "74/9/to/117/Major/0fe5c489-d5bb-4e0e-aa36-93d18565df14"
    },
    {
        "major": "Japanese/B.A.",
        "key": "74/9/to/117/Major/b5b32de2-21bd-4a16-804c-2f8792e32a17"
    },
    {
        "major": "Jewish Studies/B.A.",
        "key": "74/9/to/117/Major/19f76790-98a4-40d6-869e-bd467690b46b"
    },
    {
        "major": "Korean/B.A.",
        "key": "74/9/to/117/Major/962db789-0bfa-4219-983f-c7210d0c7246"
    },
    {
        "major": "Labor Studies/B.A.",
        "key": "74/9/to/117/Major/db5179cf-788b-4b95-8e3b-ab1232d6416c"
    },
    {
        "major": "Latin American Studies/B.A.",
        "key": "74/9/to/117/Major/e0c124a6-34be-4c7e-bb94-def40ea24f0c"
    },
    {
        "major": "Latin/B.A.",
        "key": "74/9/to/117/Major/e0556393-8445-4210-8940-8b365b740ffc"
    },
    {
        "major": "Linguistics and Anthropology/B.A.",
        "key": "74/9/to/117/Major/022eaefb-d1a0-42e3-a047-7cfd8b000d6d"
    },
    {
        "major": "Linguistics and Asian Languages and Cultures/B.A.",
        "key": "74/9/to/117/Major/6a96bfe8-29ea-4445-a3e7-358a5a74f62f"
    },
    {
        "major": "Linguistics and Computer Science/B.A.",
        "key": "74/9/to/117/Major/d1a0f785-6aa5-4b20-8551-461045892ec4"
    },
    {
        "major": "Linguistics and English/B.A.",
        "key": "74/9/to/117/Major/c658f980-069b-4c6f-8494-07c7fe8f0686"
    },
    {
        "major": "Linguistics and Philosophy/B.A.",
        "key": "74/9/to/117/Major/5329afff-546b-4e35-8d7b-e6f03a3a76cd"
    },
    {
        "major": "Linguistics and Psychology/B.A.",
        "key": "74/9/to/117/Major/7083fa53-cbe7-44b7-9646-206c10eb01d6"
    },
    {
        "major": "Linguistics and Spanish/B.A.",
        "key": "74/9/to/117/Major/331d58bf-f8ef-4a05-aa22-d485ee2bafed"
    },
    {
        "major": "Linguistics/B.A.",
        "key": "74/9/to/117/Major/bb24b5b6-2677-491e-971c-27f037db54f8"
    },
    {
        "major": "Marine Biology/B.S.",
        "key": "74/9/to/117/Major/716868c4-5797-47ca-b6dd-a6c257768dc4"
    },
    {
        "major": "Materials Engineering/B.S.",
        "key": "74/9/to/117/Major/7dc436ad-569c-43e5-904b-60744baef73d"
    },
    {
        "major": "Mathematics for Teaching/B.S.",
        "key": "74/9/to/117/Major/6edcabeb-2c21-4e41-8ee5-f5b242f944ae"
    },
    {
        "major": "Mathematics of Computation/B.S.",
        "key": "74/9/to/117/Major/bb598805-eccf-4843-a6ca-2d0b2e8eabbd"
    },
    {
        "major": "Mathematics/Applied Science/B.S.",
        "key": "74/9/to/117/Major/dd930d9e-a97f-468c-bef3-23d970f7508d"
    },
    {
        "major": "Mathematics/B.S.",
        "key": "74/9/to/117/Major/e0979dfa-0b6b-49e6-ba61-5b0c54cee126"
    },
    {
        "major": "Mathematics/Economics/B.S.",
        "key": "74/9/to/117/Major/89cd4083-359a-4aab-872c-8adfd613bd2b"
    },
    {
        "major": "Mechanical Engineering/B.S.",
        "key": "74/9/to/117/Major/569585ff-9b0c-473c-a25d-21d0f50a8fcc"
    },
    {
        "major": "Microbiology, Immunology, and Molecular Genetics/B.S.",
        "key": "74/9/to/117/Major/637a83ac-f9a4-4639-a8e1-b34185f2688d"
    },
    {
        "major": "Middle Eastern Studies/B.A.",
        "key": "74/9/to/117/Major/ac665039-f462-4b7a-b3c8-e8734d6e32bd"
    },
    {
        "major": "Molecular, Cell, and Developmental Biology/B.S.",
        "key": "74/9/to/117/Major/523e185f-b739-4bb4-9c98-5353be425279"
    },
    {
        "major": "Music Composition/B.A.",
        "key": "74/9/to/117/Major/2d7cb7cb-166c-4142-b648-b2baf3564ad4"
    },
    {
        "major": "Music Education/B.A.",
        "key": "74/9/to/117/Major/d257634d-065d-4d2e-9cc0-dfc90d3739e4"
    },
    {
        "major": "Music Industry/B.A.",
        "key": "74/9/to/117/Major/57919005-a9a4-44f3-8838-a0b832596b59"
    },
    {
        "major": "Music Performance/B.M.",
        "key": "74/9/to/117/Major/30bdddd2-1821-483a-98be-9beeee32742f"
    },
    {
        "major": "Musicology/B.A.",
        "key": "74/9/to/117/Major/416bfa16-e98c-4b21-baba-9ea54fd55b2b"
    },
    {
        "major": "Neuroscience/B.S.",
        "key": "74/9/to/117/Major/995a8e7c-5a58-4cf2-806d-5c397741bc63"
    },
    {
        "major": "Nordic Studies/B.A.",
        "key": "74/9/to/117/Major/7d7bc15e-6119-4a73-b3d5-60eaf4c14146"
    },
    {
        "major": "Nursing-Generic/Prelicensure/B.S.",
        "key": "74/9/to/117/Major/cfd92133-9662-4195-a55b-a0fdb322c78a"
    },
    {
        "major": "Philosophy/B.A.",
        "key": "74/9/to/117/Major/0e8e0c30-6445-4801-9d6c-c7cb938f5472"
    },
    {
        "major": "Physics/B.A.",
        "key": "74/9/to/117/Major/3901b607-8ab8-41ff-944b-95ff3af452d2"
    },
    {
        "major": "Physics/B.S.",
        "key": "74/9/to/117/Major/59111ff4-104d-4ec9-93d9-b80d0f89c64f"
    },
    {
        "major": "Physiological Science/B.S.",
        "key": "74/9/to/117/Major/7deb0c49-07e7-499c-85e2-2f08c8a74692"
    },
    {
        "major": "Political Science/B.A.",
        "key": "74/9/to/117/Major/2b765616-0dbb-4faf-ac80-4cf8be669421"
    },
    {
        "major": "Portuguese & Brazilian Studies/B.A.",
        "key": "74/9/to/117/Major/e6d61f38-25a9-40af-b9cc-9a3becd13a8b"
    },
    {
        "major": "Psychobiology/B.S.",
        "key": "74/9/to/117/Major/f1512f93-bfac-4c0b-ac09-6b871fa45134"
    },
    {
        "major": "Psychology/B.A.",
        "key": "74/9/to/117/Major/75b199e1-3037-40a0-8ec3-f0bac39a6008"
    },
    {
        "major": "Public Affairs/B.A.",
        "key": "74/9/to/117/Major/e4c84119-1fcb-40e3-a1af-f524d91d01f9"
    },
    {
        "major": "Public Health/B.A.",
        "key": "74/9/to/117/Major/95206dbb-7a4b-4d60-ae4a-ac501f05bd23"
    },
    {
        "major": "Public Health/B.S.",
        "key": "74/9/to/117/Major/dc83987e-860f-4c6d-963e-a22b3af5f780"
    },
    {
        "major": "Religion, Study of /B.A.",
        "key": "74/9/to/117/Major/e90f31ef-3d5c-4f25-9ede-d0c000928b2b"
    },
    {
        "major": "Russian Language and Literature/B.A.",
        "key": "74/9/to/117/Major/b4a46bc6-3872-4841-bc1e-1c58606b354f"
    },
    {
        "major": "Russian Studies/B.A.",
        "key": "74/9/to/117/Major/e9f362fe-e14d-47d4-bb15-7b7e5810881a"
    },
    {
        "major": "Sociology/B.A.",
        "key": "74/9/to/117/Major/e80c64b8-959e-4e9a-8e5d-6893fea61010"
    },
    {
        "major": "Southeast Asian Studies/B.A.",
        "key": "74/9/to/117/Major/25d0238b-738d-49ac-9a25-ebbd98c3eb3a"
    },
    {
        "major": "Spanish and Community and Culture/B.A.",
        "key": "74/9/to/117/Major/cbc6350f-18ea-4b61-9144-3f0bc7a81723"
    },
    {
        "major": "Spanish and Linguistics/B.A.",
        "key": "74/9/to/117/Major/f3a57d64-481b-4dc0-923a-70b6dcde4bce"
    },
    {
        "major": "Spanish and Portuguese/B.A.",
        "key": "74/9/to/117/Major/302a2e77-fd96-4b7f-bb13-92cb6214807f"
    },
    {
        "major": "Spanish/B.A.",
        "key": "74/9/to/117/Major/9fcf4a73-856f-481c-a2b6-d833b42f81b8"
    },
    {
        "major": "Statistics and Data Science/B.S.",
        "key": "74/9/to/117/Major/4c455c97-8816-48a2-822d-8b1fcc3001df"
    },
    {
        "major": "Theater B.A.",
        "key": "74/9/to/117/Major/dab98a53-1eef-4b54-a9c2-d7f632305be7"
    },
    {
        "major": "World Arts and Cultures/B.A.",
        "key": "74/9/to/117/Major/f5fe10f3-8e41-431b-8af4-e132550dde3a"
    }
]