[
    {
        "major": "Advanced Manufacturing and Applied Robotics B.S.",
        "key": "74/16/to/141/Major/9395931e-4f91-43d0-b391-ae8a586acbd9"
    },
    {
        "major": "Agricultural Business B.S.",
        "key": "74/16/to/141/Major/cbe9e6d6-91ff-4f7a-a1bd-4ae9b70765de"
    },
    {
        "major": "Agricultural Science B.S. - Agricultural Communication and Leadership Option",
        "key": "74/16/to/141/Major/d0f8bc01-968d-4386-8588-f51a97b82c8f"
    },
    {
        "major": "Agricultural Science B.S. - Agricultural Science and Education Option",
        "key": "74/16/to/141/Major/f33a7aaa-36e2-4dc7-9229-ecaab95fe5f8"
    },
    {
        "major": "Animal Science B.S.",
        "key": "74/16/to/141/Major/0c1166f3-263a-445c-9574-734b437faed5"
    },
    {
        "major": "Anthropology B.A.",
        "key": "74/16/to/141/Major/969a06ae-36b5-422e-a32c-71e2f67ff85c"
    },
    {
        "major": "Art B.A. - Art Education Option",
        "key": "74/16/to/141/Major/7878a2c2-c708-44dd-8cec-815f0ea6a5db"
    },
    {
        "major": "Art B.A. - Art History Option",
        "key": "74/16/to/141/Major/c693d6d5-7f99-4e7b-83e6-592503be3b61"
    },
    {
        "major": "Art B.A. - Art Studio Option",
        "key": "74/16/to/141/Major/6aa71903-e307-491e-9958-7e377e801bdd"
    },
    {
        "major": "Art B.F.A. - Art Studio Option",
        "key": "74/16/to/141/Major/d6d8998f-9dbb-4972-9c19-a421ce358bcd"
    },
    {
        "major": "Art B.F.A. - Interior Architecture Option",
        "key": "74/16/to/141/Major/887ebdd5-99c9-44f5-81de-cb4368744a68"
    },
    {
        "major": "Asian Studies B.A.",
        "key": "74/16/to/141/Major/6f67fe9f-bade-459b-81f9-af59334b460e"
    },
    {
        "major": "Biochemistry B.S.",
        "key": "74/16/to/141/Major/dc06d7b8-0abd-4e05-bdcd-ff743f255517"
    },
    {
        "major": "Biological Sciences B.A.",
        "key": "74/16/to/141/Major/75cef5d7-cbb3-44f6-ba9b-c9369750c4df"
    },
    {
        "major": "Biological Sciences B.S. - Cellular and Molecular Biology Option",
        "key": "74/16/to/141/Major/81eded2b-894a-4f43-8e71-d10c74f44329"
    },
    {
        "major": "Biological Sciences B.S. - Ecological, Evolutionary, and Organismal Biology Option",
        "key": "74/16/to/141/Major/7c6e2c38-a018-423a-8470-6a842b863a32"
    },
    {
        "major": "Biological Sciences B.S. - Plant Biology Option",
        "key": "74/16/to/141/Major/5fde63f3-dcf1-4693-97cc-9254fdb33f20"
    },
    {
        "major": "Business Administration B.S. - Accounting Option",
        "key": "74/16/to/141/Major/1b0afac5-7149-41c2-a5f2-152a284c0654"
    },
    {
        "major": "Business Administration B.S. - Entrepreneurship and Small Business Management Option",
        "key": "74/16/to/141/Major/b5e2a804-0fc6-4604-9cfb-cf0517618bb9"
    },
    {
        "major": "Business Administration B.S. - Finance Option",
        "key": "74/16/to/141/Major/0381a26a-2466-4200-8130-b53b7924e994"
    },
    {
        "major": "Business Administration B.S. - Human Resource Management Option",
        "key": "74/16/to/141/Major/70cc90c3-b2c9-43a2-807e-b28ea35d0aab"
    },
    {
        "major": "Business Administration B.S. - Management Option",
        "key": "74/16/to/141/Major/ac6357a9-0d58-4ab6-9fde-74a92d1b67b3"
    },
    {
        "major": "Business Administration B.S. - Marketing Option",
        "key": "74/16/to/141/Major/84c5caee-c419-4af6-ad4e-ee3e9e9d60d1"
    },
    {
        "major": "Business Administration B.S. - Project Management Option",
        "key": "74/16/to/141/Major/98aefb5e-5862-4577-9292-e702ac8557a6"
    },
    {
        "major": "Business Administration B.S. Online Degree Completion",
        "key": "74/16/to/141/Major/4eb85be6-cf23-4319-b84e-f86d0ed2df35"
    },
    {
        "major": "Business Information Systems B.S. - Business Analytics Option",
        "key": "74/16/to/141/Major/e5617bc7-5d4c-48e5-92ee-6411b39d2ebe"
    },
    {
        "major": "Business Information Systems B.S. - Management Information Systems Option",
        "key": "74/16/to/141/Major/99b52997-c045-45da-a52e-841223bae629"
    },
    {
        "major": "Business Information Systems B.S. - Operations and Supply Chain Management Option",
        "key": "74/16/to/141/Major/8b9072f6-c215-4f8f-8ce0-089b757dabac"
    },
    {
        "major": "Chemistry B.A.",
        "key": "74/16/to/141/Major/83d520a0-3c82-4bcf-a6cc-52dfe3abdbb5"
    },
    {
        "major": "Chemistry B.S.",
        "key": "74/16/to/141/Major/9e44f9c0-0094-4374-887a-c4b9a37399c0"
    },
    {
        "major": "Child Development B.A.",
        "key": "74/16/to/141/Major/848c33be-554c-4da3-b0e0-abb9e7a60697"
    },
    {
        "major": "Civil Engineering B.S. - Environmental and Water Resources Engineering",
        "key": "74/16/to/141/Major/99ec03dd-b06d-43bb-b21b-bffc4564c79c"
    },
    {
        "major": "Civil Engineering B.S. - General Civil Engineering",
        "key": "74/16/to/141/Major/b455ba02-cf72-46bb-842d-98a31981ece5"
    },
    {
        "major": "Civil Engineering B.S.- Structural Engineering",
        "key": "74/16/to/141/Major/7045020c-69f7-429f-bfd9-58d829414b36"
    },
    {
        "major": "Communication Design B.F.A",
        "key": "74/16/to/141/Major/6da116d1-f8a4-48b7-9b80-4951d0c7665b"
    },
    {
        "major": "Communication Sciences and Disorders B.S.",
        "key": "74/16/to/141/Major/f0780a3a-3e91-429b-b5f6-3bd412b2cd33"
    },
    {
        "major": "Communication Studies B.A. - Communication and Public Affairs Option",
        "key": "74/16/to/141/Major/5cae916d-ad45-4b98-80bc-7c24ba968e19"
    },
    {
        "major": "Communication Studies B.A. - Organizational Communication Option",
        "key": "74/16/to/141/Major/d9f7296c-7680-4303-986e-f11734101b01"
    },
    {
        "major": "Computer Animation and Game Development B.S. - Animation Production Option",
        "key": "74/16/to/141/Major/e9835ade-bdbb-4fa9-a81a-6d9116a7838f"
    },
    {
        "major": "Computer Animation and Game Development B.S. - Game Development Option",
        "key": "74/16/to/141/Major/1f85793c-ebd5-4691-9100-c8b284c58724"
    },
    {
        "major": "Computer Engineering B.S.",
        "key": "74/16/to/141/Major/e070d40f-18b6-495d-84a3-484691e04614"
    },
    {
        "major": "Computer Information Systems B.S.",
        "key": "74/16/to/141/Major/47c21769-7e05-4884-9e46-5e170ef3906b"
    },
    {
        "major": "Computer Science B.S.",
        "key": "74/16/to/141/Major/dd99200b-d6e2-4154-b774-ef65cf8bd4c3"
    },
    {
        "major": "Concrete Industry Management B.S.",
        "key": "74/16/to/141/Major/787c1098-8f9d-4652-9718-e29fc7ae039e"
    },
    {
        "major": "Construction Management B.S.",
        "key": "74/16/to/141/Major/674fa9d8-ad38-4522-ac58-0ba749fc4cd6"
    },
    {
        "major": "Criminal Justice B.A.",
        "key": "74/16/to/141/Major/39da029d-d7cb-4022-93d6-f86a1975aa0a"
    },
    {
        "major": "Economics B.A.",
        "key": "74/16/to/141/Major/f5ab4413-861b-4a41-bdfc-c2af730c9203"
    },
    {
        "major": "Electrical/Electronic Engineering B.S.",
        "key": "74/16/to/141/Major/99fde046-fc25-4adf-b3c8-b87d7e2fb971"
    },
    {
        "major": "English B.A. - English Education Option",
        "key": "74/16/to/141/Major/70335edd-202a-4a62-aeeb-d4c365f97907"
    },
    {
        "major": "English B.A. - English Studies Option",
        "key": "74/16/to/141/Major/98ff2c1b-e594-4eb9-b4d2-b67eefa11e53"
    },
    {
        "major": "English B.A. - Literature Option",
        "key": "74/16/to/141/Major/ebe1c479-b2eb-4251-a45e-51e12dd2dd87"
    },
    {
        "major": "Environmental Science B.S. - Applied Ecology Option",
        "key": "74/16/to/141/Major/82ebdade-c8bc-4f5b-961b-d161acce20d3"
    },
    {
        "major": "Environmental Science B.S. - Atmosphere and Climate Option",
        "key": "74/16/to/141/Major/3b264798-6b0d-4811-af91-54c918da3b69"
    },
    {
        "major": "Environmental Science B.S. - Energy and Earth Resources Option",
        "key": "74/16/to/141/Major/3f9f6ed4-f13d-4833-a7d1-ada695db4bb4"
    },
    {
        "major": "Environmental Science B.S. - Hydrology Option",
        "key": "74/16/to/141/Major/364e7626-1f96-495d-a392-21fd93a83eed"
    },
    {
        "major": "Exercise Physiology B.S. ",
        "key": "74/16/to/141/Major/2144de20-4c11-4f37-9b94-06f277fbdcd2"
    },
    {
        "major": "French B.A.",
        "key": "74/16/to/141/Major/5eb25ba8-b54d-4883-9ca0-04cd953f8198"
    },
    {
        "major": "Geography B.A. - Human Geography and Planning Option",
        "key": "74/16/to/141/Major/46634005-306a-4add-a4ab-6338e5895833"
    },
    {
        "major": "Geography B.A. - Physical and Environmental Geography Option",
        "key": "74/16/to/141/Major/735ab407-8883-4316-9036-6fceb299812d"
    },
    {
        "major": "Geology B.S.",
        "key": "74/16/to/141/Major/6c4d2bc0-9c6c-4a51-ac63-c97722719bc3"
    },
    {
        "major": "Geosciences B.S. - Physical Science Education Option",
        "key": "74/16/to/141/Major/ca293dce-406a-4686-9145-59d36e435146"
    },
    {
        "major": "Geosciences B.S. - Science Education Option: Geosciences Concentration",
        "key": "74/16/to/141/Major/0ab5706b-3110-4458-9499-58fcc255726e"
    },
    {
        "major": "German B.A. ",
        "key": "74/16/to/141/Major/bac577bd-5cf8-4b11-8c45-2df17869cd74"
    },
    {
        "major": "Health Services Administration B.S.",
        "key": "74/16/to/141/Major/834db9b1-d87b-44f8-98f7-86e2f9f46dbf"
    },
    {
        "major": "History B.A. - General History Option",
        "key": "74/16/to/141/Major/26fc47f3-f473-4319-8243-5ed797189978"
    },
    {
        "major": "History B.A. - Social Science Pre-Credential Option",
        "key": "74/16/to/141/Major/1a7270a2-3552-4222-a669-da53dc19f728"
    },
    {
        "major": "Humanities B.A.",
        "key": "74/16/to/141/Major/d540d3db-994e-471d-883c-5e34510ea690"
    },
    {
        "major": "Humanities B.A. Online Degree Completion",
        "key": "74/16/to/141/Major/837a2cf3-ebc7-4619-6aab-08db9ab8605a"
    },
    {
        "major": "International Relations B.A. ",
        "key": "74/16/to/141/Major/8536255b-bffc-4cd0-9063-7026c9d05867"
    },
    {
        "major": "Intersectional Chicanx/Latinx Studies B.A.",
        "key": "74/16/to/141/Major/c198f1a6-3e8b-4b8c-8bae-3cef554fb9a5"
    },
    {
        "major": "Journalism B.A. - News Option",
        "key": "74/16/to/141/Major/9bfc6bd8-e780-4fd4-b684-e0f9b2a22997"
    },
    {
        "major": "Journalism B.A. - Public Relations Option",
        "key": "74/16/to/141/Major/c23c62fd-b4ae-4274-88e0-b0fb39f88e1d"
    },
    {
        "major": "Kinesiology B.A. - Movement Studies Option",
        "key": "74/16/to/141/Major/1bda3ba0-7a20-4952-8b08-f3948a435cb7"
    },
    {
        "major": "Kinesiology B.A. - Outdoor Education Option",
        "key": "74/16/to/141/Major/34b8a5c4-cc4c-4917-bffc-b2a54e1fc177"
    },
    {
        "major": "Kinesiology B.A. - Physical Education Teacher Education (PETE) Option",
        "key": "74/16/to/141/Major/e7996eee-b943-4b8b-912c-4905e6aeb13d"
    },
    {
        "major": "Latin American Studies B.A.",
        "key": "74/16/to/141/Major/3679ba27-46d1-4aa2-9929-a5af7c778cfa"
    },
    {
        "major": "Liberal Studies B.A. - Bilingual/Cross-Cultural Option",
        "key": "74/16/to/141/Major/914f28b9-ac5d-427b-86d1-2264585690b6"
    },
    {
        "major": "Liberal Studies B.A. - General Option",
        "key": "74/16/to/141/Major/6d32eaaa-587a-4a5b-a91a-eaf81b27b61f"
    },
    {
        "major": "Liberal Studies B.A. - General Option (Online Degree Completion)",
        "key": "74/16/to/141/Major/5e2b3757-7060-473a-8c4d-5560fe403fe5"
    },
    {
        "major": "Liberal Studies B.A. - Liberal Arts Option",
        "key": "74/16/to/141/Major/f88ce2dc-0625-4724-ae15-ed25cacc001e"
    },
    {
        "major": "Linguistics B.A.",
        "key": "74/16/to/141/Major/d175b967-238a-45bc-b3ed-71f3f2c77782"
    },
    {
        "major": "Mathematics B.S. - Applied Mathematics Option",
        "key": "74/16/to/141/Major/fbf67597-72f9-4cf5-acc6-93bf37b8859d"
    },
    {
        "major": "Mathematics B.S. - Foundational Mathematics Education Option",
        "key": "74/16/to/141/Major/baea1b85-d174-4939-876a-f392ff6e676d"
    },
    {
        "major": "Mathematics B.S. - General Option in Mathematics",
        "key": "74/16/to/141/Major/d434a466-2bb0-46f4-8ceb-0ec8e0797593"
    },
    {
        "major": "Mathematics B.S. - Mathematics Education Option",
        "key": "74/16/to/141/Major/c4bc9ac1-216f-4012-8580-8fa401c29630"
    },
    {
        "major": "Mathematics B.S. - Statistics Option",
        "key": "74/16/to/141/Major/3d473d25-ca61-46e8-8b4c-8265ca67aec3"
    },
    {
        "major": "Mechanical Engineering B.S.",
        "key": "74/16/to/141/Major/be4a2042-a8f5-45d6-bc67-c53112343a7c"
    },
    {
        "major": "Mechatronic Engineering B.S.",
        "key": "74/16/to/141/Major/da08aa20-5348-441d-be88-cdc0c482df82"
    },
    {
        "major": "Media Arts B.A. - Criticism Option",
        "key": "74/16/to/141/Major/98dc3f65-62a9-4b64-bb9a-bb430521a264"
    },
    {
        "major": "Media Arts B.A. - Production Option",
        "key": "74/16/to/141/Major/3450e709-95b2-4a69-b1fb-25b9656b3d20"
    },
    {
        "major": "Microbiology B.S. - Clinical Laboratory Science Option",
        "key": "74/16/to/141/Major/1942ce85-396d-4220-badb-326b65790eed"
    },
    {
        "major": "Microbiology B.S. - General Microbiology Option",
        "key": "74/16/to/141/Major/6da33ca6-d39a-4caa-8d29-91f22bb82843"
    },
    {
        "major": "Multicultural and Gender Studies B.A. - General Option",
        "key": "74/16/to/141/Major/fcd4feb8-f51a-4fbd-91ed-b7c9b0794ead"
    },
    {
        "major": "Multicultural and Gender Studies B.A. - Women's Studies Option",
        "key": "74/16/to/141/Major/7d89d855-b5f9-46a4-b78f-3c2931dac051"
    },
    {
        "major": "Multicultural and Gender Studies B.A. Online Degree Completion",
        "key": "74/16/to/141/Major/00507398-5adf-4aab-6aac-08db9ab8605a"
    },
    {
        "major": "Music B.A. - General Music Option",
        "key": "74/16/to/141/Major/f443c4f3-bf7e-40a7-bccd-f66bae82c4f2"
    },
    {
        "major": "Music B.A. - Music Education Option",
        "key": "74/16/to/141/Major/02fe6bc3-5cc4-4349-b5ac-306829e9fa43"
    },
    {
        "major": "Music B.A. - Music Industry Option",
        "key": "74/16/to/141/Major/ce8b9251-60f9-4397-a7ef-b3636bf82af9"
    },
    {
        "major": "Music B.A. - Recording Arts Option",
        "key": "74/16/to/141/Major/e0a0399c-f5f7-439f-8284-c90b8e3b81da"
    },
    {
        "major": "Musical Theatre B.F.A.",
        "key": "74/16/to/141/Major/cf172798-322c-4011-8bf0-12ab0976c422"
    },
    {
        "major": "Natural Sciences B.S. - Science Education Option",
        "key": "74/16/to/141/Major/0d3c942e-c862-418c-bfb2-7a1ea077bfc5"
    },
    {
        "major": "Nursing B.S. - General Option",
        "key": "74/16/to/141/Major/59756331-b5f8-4bd6-b495-1377ac099748"
    },
    {
        "major": "Nutrition and Food Sciences B.S. - Food and Nutrition Communication Option",
        "key": "74/16/to/141/Major/141471b8-3f18-4cd5-ba32-5be57fd3088b"
    },
    {
        "major": "Nutrition and Food Sciences B.S. - General Dietetics Option",
        "key": "74/16/to/141/Major/ca0fa404-3b7f-4632-a1f7-d44db13b0f87"
    },
    {
        "major": "Nutrition and Food Sciences B.S. - Nutrition Management Option",
        "key": "74/16/to/141/Major/52062897-6d91-4130-a593-46fd22cc4569"
    },
    {
        "major": "Philosophy B.A.",
        "key": "74/16/to/141/Major/1e841951-999a-426a-bf0a-998c45da1b81"
    },
    {
        "major": "Physics B.S. - General Physics Option",
        "key": "74/16/to/141/Major/e4cf5dc5-b0a6-4bcd-b1a9-3b947cbedbdb"
    },
    {
        "major": "Physics B.S. - Professional Physics Option",
        "key": "74/16/to/141/Major/75e9dc74-6904-4c4d-85ce-383d950459c6"
    },
    {
        "major": "Plant and Soil Science B.S. - Crops and Horticulture Option",
        "key": "74/16/to/141/Major/30b4cba8-a7c5-46a1-adbb-f7f097692a21"
    },
    {
        "major": "Plant and Soil Science B.S. - Land and Soil Resource Management Option",
        "key": "74/16/to/141/Major/bb688871-9856-4e2e-8c86-4145a1143bd2"
    },
    {
        "major": "Political Science B.A. - Legal Studies Option",
        "key": "74/16/to/141/Major/a1043217-d5bf-4a4d-a58b-cbe3afa5179e"
    },
    {
        "major": "Political Science B.A. - U.S. Politics Option",
        "key": "74/16/to/141/Major/3275b5ae-7b31-4273-9924-142cafecc8b1"
    },
    {
        "major": "Psychology B.A.",
        "key": "74/16/to/141/Major/ed167516-e9c8-433c-a963-fad9d25898d1"
    },
    {
        "major": "Public Administration B.A.",
        "key": "74/16/to/141/Major/772a61a4-610e-4c1a-b447-f7344e611cdf"
    },
    {
        "major": "Public Health B.S.",
        "key": "74/16/to/141/Major/2ae8e8f9-1f95-49ef-8869-841cde478556"
    },
    {
        "major": "Recreation, Hospitality, and Parks Management B.S. - Event Management Option",
        "key": "74/16/to/141/Major/624236a4-baa6-4076-83f7-ad390a902abb"
    },
    {
        "major": "Recreation, Hospitality, and Parks Management B.S. - Parks and Recreation Management Option",
        "key": "74/16/to/141/Major/605720ff-3ca8-4658-8177-a82388b730d0"
    },
    {
        "major": "Recreation, Hospitality, and Parks Management B.S. - Recreation Therapy Option",
        "key": "74/16/to/141/Major/931a344f-807d-4fd0-931c-cc22f5682114"
    },
    {
        "major": "Recreation, Hospitality, and Parks Management B.S. - Resort and Lodging Management Option",
        "key": "74/16/to/141/Major/a993053c-3370-47ff-ba4d-5051d3fdf34d"
    },
    {
        "major": "Religious Studies B.A.",
        "key": "74/16/to/141/Major/1b362875-819f-459b-865b-e6f98d9f3d42"
    },
    {
        "major": "Social Science B.A. - Multidisciplinary Studies Option",
        "key": "74/16/to/141/Major/017868f2-796f-43fc-9e7d-726d91b2fed3"
    },
    {
        "major": "Social Science B.A. - Specialization Studies Option",
        "key": "74/16/to/141/Major/c28f7750-1f51-434a-897d-cae6d33c5630"
    },
    {
        "major": "Social Work B.A.",
        "key": "74/16/to/141/Major/b5d1924b-ef6b-4e7d-beae-8104e25eee46"
    },
    {
        "major": "Sociology B.A.",
        "key": "74/16/to/141/Major/85f7015b-b01e-4676-aeaf-9bcb47ef8e59"
    },
    {
        "major": "Spanish B.A.",
        "key": "74/16/to/141/Major/668bc379-f2e3-4c5d-a53c-c8609881c31a"
    },
    {
        "major": "Theatre Arts B.A.",
        "key": "74/16/to/141/Major/9eba54bb-1bc2-4565-be45-ca95a821fa19"
    }
]