[
    {
        "major": "Advertising and Public Relations, B.A.",
        "key": 26739021
    },
    {
        "major": "Africana Studies B.A., Cultural Studies Concentration",
        "key": 26739023
    },
    {
        "major": "Africana Studies B.A., Social Sciences Concentration",
        "key": 26739024
    },
    {
        "major": "Anthropology B.A, Applied Concentration",
        "key": 26738998
    },
    {
        "major": "Anthropology B.A, Archaeology Concentration",
        "key": 26738994
    },
    {
        "major": "Anthropology B.A, Biological Concentration",
        "key": 26738996
    },
    {
        "major": "Anthropology B.A, General Concentration",
        "key": 26738993
    },
    {
        "major": "Art B.A.",
        "key": 26739028
    },
    {
        "major": "Art History B.A.",
        "key": 26739029
    },
    {
        "major": "Asian Pacific Studies B.A.",
        "key": 26739027
    },
    {
        "major": "Audio Engineering, B.A.",
        "key": 26739020
    },
    {
        "major": "Behavioral Science B.A,",
        "key": 26739000
    },
    {
        "major": "Biochemistry B.S.",
        "key": 26739002
    },
    {
        "major": "Biology B.A.",
        "key": 26739003
    },
    {
        "major": "Biology B.S. Cellular & Molecular Biology Option",
        "key": 26739026
    },
    {
        "major": "Biology B.S. Ecology and Environmental Biology Option",
        "key": 26739005
    },
    {
        "major": "Biology B.S. Microbiology Option",
        "key": 26739004
    },
    {
        "major": "Business Administration B.S. Accounting Concentration",
        "key": 26739006
    },
    {
        "major": "Business Administration B.S. Business Analytics Concentration",
        "key": 26739030
    },
    {
        "major": "Business Administration B.S. Entrepreneurship Concentration",
        "key": 26739007
    },
    {
        "major": "Business Administration B.S. Finance Concentration",
        "key": 26739009
    },
    {
        "major": "Business Administration B.S. General Business Concentration",
        "key": 26739008
    },
    {
        "major": "Business Administration B.S. Global Supply Chain Management Concentration",
        "key": 26739025
    },
    {
        "major": "Business Administration B.S. Information Systems Concentration",
        "key": 26739010
    },
    {
        "major": "Business Administration B.S. Information Systems Security Concentration",
        "key": 26739011
    },
    {
        "major": "Business Administration B.S. International Business Concentration",
        "key": 26739019
    },
    {
        "major": "Business Administration B.S. Management and Human Resources Concentration",
        "key": 26739012
    },
    {
        "major": "Business Administration B.S. Marketing Concentration",
        "key": 26739013
    },
    {
        "major": "Business Administration B.S. Sports, Entertainment and Hospitality Concentration",
        "key": 26739014
    },
    {
        "major": "Chemistry B.A. Biochemistry Option",
        "key": 26739016
    },
    {
        "major": "Chemistry B.A. General Chemistry Option",
        "key": 26739017
    },
    {
        "major": "Chemistry B.S. ",
        "key": 26739015
    },
    {
        "major": "Chicana/Chicano Studies B.A.",
        "key": 26739018
    },
    {
        "major": "Child Development B.S.",
        "key": 26739022
    },
    {
        "major": "Clinical Science B.S. Cytotechnology Option",
        "key": 26738814
    },
    {
        "major": "Clinical Science B.S. Medical Technology Option",
        "key": 26738820
    },
    {
        "major": "Computer Science B.S.",
        "key": 26738944
    },
    {
        "major": "Computer Technology B.A. General Track",
        "key": 26738822
    },
    {
        "major": "Computer Technology B.A. Homeland Security Track",
        "key": 26738825
    },
    {
        "major": "Computer Technology B.A. Professional Track",
        "key": 26738827
    },
    {
        "major": "Criminal Justice Administration, B.S.",
        "key": 26738929
    },
    {
        "major": "Dance B.A.",
        "key": 26738963
    },
    {
        "major": "Design B.A.",
        "key": 26738970
    },
    {
        "major": "Earth Science B.S.",
        "key": 26738955
    },
    {
        "major": "English B.A. English Education Option",
        "key": 26738828
    },
    {
        "major": "English B.A. Language and Linguistics Option",
        "key": 26738830
    },
    {
        "major": "English B.A. Literature Option",
        "key": 26738832
    },
    {
        "major": "Film and Television Production B.A.",
        "key": 26738972
    },
    {
        "major": "Film, Television and Media, B.A",
        "key": 26738932
    },
    {
        "major": "Geography B.A.",
        "key": 26738956
    },
    {
        "major": "Health Science B.S. Community Health Option",
        "key": 26738834
    },
    {
        "major": "Health Science B.S. Health Care Management Option",
        "key": 26738836
    },
    {
        "major": "Health Science B.S. Radiologic Technology Option",
        "key": 26738838
    },
    {
        "major": "History B.A.",
        "key": 26738950
    },
    {
        "major": "History B.A. History/Social Science Education Option",
        "key": 26738952
    },
    {
        "major": "Human Services B.A.",
        "key": 26738926
    },
    {
        "major": "Human Services B.A. Mental Health Recovery Option",
        "key": 26738840
    },
    {
        "major": "Information Technology B.S. ",
        "key": 26738841
    },
    {
        "major": "Interdisciplinary Studies B.A. American Studies Concentration",
        "key": 26738844
    },
    {
        "major": "Interdisciplinary Studies B.A. Environmental Studies Concentration",
        "key": 26738848
    },
    {
        "major": "Interdisciplinary Studies B.A. Global Studies Concentration",
        "key": 26738850
    },
    {
        "major": "Interdisciplinary Studies B.A.Comparative Cultures Concentration",
        "key": 26738846
    },
    {
        "major": "Journalism, B.A.",
        "key": 26738936
    },
    {
        "major": "Labor Studies B.A.",
        "key": 26738857
    },
    {
        "major": "Liberal Studies B.A. Anthropology Option",
        "key": 26738860
    },
    {
        "major": "Liberal Studies B.A. Art Option",
        "key": 26738862
    },
    {
        "major": "Liberal Studies B.A. Dance Option",
        "key": 26738864
    },
    {
        "major": "Liberal Studies B.A. Early Teaching and Learning Option",
        "key": 26738866
    },
    {
        "major": "Liberal Studies B.A. Educating Children with Disabilities Option",
        "key": 26738960
    },
    {
        "major": "Liberal Studies B.A. English Language and Linguistics Option",
        "key": 26738868
    },
    {
        "major": "Liberal Studies B.A. English Literature Option",
        "key": 26738870
    },
    {
        "major": "Liberal Studies B.A. General Studies Option",
        "key": 26738871
    },
    {
        "major": "Liberal Studies B.A. Human Development Option",
        "key": 26738874
    },
    {
        "major": "Liberal Studies B.A. Mathematics Option",
        "key": 26738875
    },
    {
        "major": "Liberal Studies B.A. Natural Science Option",
        "key": 26738878
    },
    {
        "major": "Liberal Studies B.A. Physical Education Option",
        "key": 26738879
    },
    {
        "major": "Liberal Studies B.A. Spanish Option",
        "key": 26738882
    },
    {
        "major": "Liberal Studies B.A. Special Option",
        "key": 26738884
    },
    {
        "major": "Liberal Studies B.A. Theatre Arts Option",
        "key": 26738886
    },
    {
        "major": "Mathematics B.S. Mathematics Education Option",
        "key": 26738891
    },
    {
        "major": "Mathematics B.S. Mathematics Option",
        "key": 26738889
    },
    {
        "major": "Music B.A. General Music Option",
        "key": 26738892
    },
    {
        "major": "Music B.A. Music Education Option",
        "key": 26738894
    },
    {
        "major": "Music B.A. Performance Option",
        "key": 26738895
    },
    {
        "major": "Negotiation, Conflict Resolution, And Peacebuilding B.A. ",
        "key": 26738898
    },
    {
        "major": "Nursing B.S. ",
        "key": 26738899
    },
    {
        "major": "Organizational Leadership Studies B.S.",
        "key": 26738968
    },
    {
        "major": "Philosophy B.A. Philosophy Option",
        "key": 26738902
    },
    {
        "major": "Philosophy B.A. Religious Thought Option",
        "key": 26738938
    },
    {
        "major": "Physical Education B.A. Fitness Director Option",
        "key": 26738851
    },
    {
        "major": "Physical Education B.A. Pre-Physical Therapy Option",
        "key": 26738854
    },
    {
        "major": "Physical Education B.A. Teaching Option",
        "key": 26738858
    },
    {
        "major": "Physics B.S. Electrical Engineering Option",
        "key": 26738908
    },
    {
        "major": "Physics B.S. General Physics Option",
        "key": 26738904
    },
    {
        "major": "Physics B.S. Physical Science Option",
        "key": 26738906
    },
    {
        "major": "Political Science B.A. Political Science Concentration",
        "key": 26738937
    },
    {
        "major": "Psychology B.A. ",
        "key": 26738910
    },
    {
        "major": "Public Administration B.S. Criminal Justice Administration Concentration",
        "key": 26738912
    },
    {
        "major": "Public Administration B.S. Health Services Administration Concentration",
        "key": 26738914
    },
    {
        "major": "Public Administration B.S. Public Financial Management Concentration",
        "key": 26738974
    },
    {
        "major": "Public Administration B.S. Public Management Concentration",
        "key": 26738958
    },
    {
        "major": "Public Administration B.S. Public Personnel Administration Concentration",
        "key": 26738918
    },
    {
        "major": "Sociology B.A. ",
        "key": 26738919
    },
    {
        "major": "Spanish B.A. Linguistics Option",
        "key": 26738921
    },
    {
        "major": "Spanish B.A. Literature Option",
        "key": 26738923
    },
    {
        "major": "Theatre Arts B.A. ",
        "key": 26738973
    },
    {
        "major": "Woman's Studies B.A.",
        "key": 26738942
    }
]