[
    {
        "major": "Agriculture B.S.",
        "key": "74/16/to/24/Major/42c44ceb-878a-4b7c-ba82-510fd24e40db"
    },
    {
        "major": "Anthropology B.A.",
        "key": "74/16/to/24/Major/2eb5ffeb-5b12-4298-bf75-2b4fb46e5895"
    },
    {
        "major": "Art B.A.",
        "key": "74/16/to/24/Major/e07454bd-5e7c-4867-83e0-70ab19273b97"
    },
    {
        "major": "Art B.F.A.",
        "key": "74/16/to/24/Major/fdb61a6a-311b-493d-bece-5c74987a8fcb"
    },
    {
        "major": "Art History B.A.",
        "key": "74/16/to/24/Major/3595f909-22f4-4ab3-87f6-b3308d1a78ad"
    },
    {
        "major": "Art Subject Matter Preparation Program",
        "key": "74/16/to/24/Major/11b97ce1-3475-4c5a-8af7-bfa5c59fda31"
    },
    {
        "major": "Biological Sciences B.A.",
        "key": "74/16/to/24/Major/6b4f901f-a30b-4758-a0a2-68d2dc7e7fa8"
    },
    {
        "major": "Biological Sciences B.S.",
        "key": "74/16/to/24/Major/fc8bdf9c-3068-484b-b335-4747f10ed2c8"
    },
    {
        "major": "Business Administration B.S.",
        "key": "74/16/to/24/Major/04bc46ef-72de-47d0-a514-e7f29f13f8bd"
    },
    {
        "major": "Chemistry B.A.",
        "key": "74/16/to/24/Major/24c12ec3-0f8d-4546-8a22-03b0473d6398"
    },
    {
        "major": "Chemistry B.S.",
        "key": "74/16/to/24/Major/d8f3fe4e-42bb-4981-9f75-108a64fcb708"
    },
    {
        "major": "Child Development B.A.",
        "key": "74/16/to/24/Major/d2c4a7d3-f2a8-4669-a245-74aca2311314"
    },
    {
        "major": "Cognitive Studies B.A.",
        "key": "74/16/to/24/Major/942dffcb-f797-4c1f-9265-c8b01e3765a1"
    },
    {
        "major": "Communication Studies B.A.",
        "key": "74/16/to/24/Major/36d292d5-1f56-46ce-b6b3-a1317fdc0d5b"
    },
    {
        "major": "Computer Science B.S.",
        "key": "74/16/to/24/Major/ae8c0bfd-10ba-43da-be25-3567a486f2eb"
    },
    {
        "major": "Creative Media B.A.",
        "key": "74/16/to/24/Major/e15dad40-b2a3-4b37-ac49-d2b66b4caa8d"
    },
    {
        "major": "Criminal Justice B.A.",
        "key": "74/16/to/24/Major/b7a475ab-51e9-4fd4-9f15-647348411fa8"
    },
    {
        "major": "Economics B.A.",
        "key": "74/16/to/24/Major/1312ffd5-8059-4043-85e7-353a780a4a09"
    },
    {
        "major": "English B.A.",
        "key": "74/16/to/24/Major/9c32c7d6-f41a-4533-8375-8f580fe5e0e3"
    },
    {
        "major": "English Subject Matter Preparation Program",
        "key": "74/16/to/24/Major/968094ed-601a-48ef-a3ea-273c2cdb2ca8"
    },
    {
        "major": "Ethnic Studies B.A.",
        "key": "74/16/to/24/Major/dd6c3218-c3a6-4655-b183-42f505677412"
    },
    {
        "major": "Exercise Science B.S.",
        "key": "74/16/to/24/Major/9f765ecc-7ccf-42a2-aedf-8fb9a36b7803"
    },
    {
        "major": "Gender Studies B.A.",
        "key": "74/16/to/24/Major/4e091d2e-6a30-46a3-804c-0ca44b026740"
    },
    {
        "major": "Geography and Environmental Resources B.S.",
        "key": "74/16/to/24/Major/73f20dd3-acc8-45b8-88b1-6dc93c227f66"
    },
    {
        "major": "Geology B.S.",
        "key": "74/16/to/24/Major/65786013-52ca-4edb-bb79-daaa137087ab"
    },
    {
        "major": "History B.A.",
        "key": "74/16/to/24/Major/632b3db7-963f-4dbe-aa33-777ade935108"
    },
    {
        "major": "Kinesiology B.A.",
        "key": "74/16/to/24/Major/48f0b135-9ba6-49e1-b5ce-a4f52b030e5e"
    },
    {
        "major": "Kinesiology B.A. Subject Matter Preparation Program (Physical Education)",
        "key": "74/16/to/24/Major/8b7702f1-6a78-4d2e-b560-1f50c2e96d03"
    },
    {
        "major": "Leadership Studies B.S.",
        "key": "74/16/to/24/Major/0110617f-1e19-481f-b1bc-98d4d71a7f14"
    },
    {
        "major": "Liberal Studies B.A. Elementary Teaching Content Preparation Program",
        "key": "74/16/to/24/Major/d832d2f4-0050-4ff7-b3b8-906467ef2023"
    },
    {
        "major": "Mathematics B.A.",
        "key": "74/16/to/24/Major/a9c9775a-2ad6-49e2-a874-2db8622fc939"
    },
    {
        "major": "Mathematics B.S.",
        "key": "74/16/to/24/Major/4ce223a3-5ce7-4435-8f13-4a75b16f16cf"
    },
    {
        "major": "Mathematics Subject Matter Preparation Program",
        "key": "74/16/to/24/Major/ce287c3a-6bd1-403a-a931-fc763ebf9b6c"
    },
    {
        "major": "Music B.A.",
        "key": "74/16/to/24/Major/81a2fe13-02af-40c3-86d6-064a1d284b2a"
    },
    {
        "major": "Music B.M.",
        "key": "74/16/to/24/Major/aac0e68f-eac1-49af-9f52-b55fd53c405d"
    },
    {
        "major": "Nursing B.S., Pre-Licensure Track",
        "key": "74/16/to/24/Major/75262d2c-defb-47c7-9ab6-fde7f9ada7dc"
    },
    {
        "major": "Nursing B.S., RN to BSN Track",
        "key": "74/16/to/24/Major/da137cba-8385-4638-b17c-d2c91914de7b"
    },
    {
        "major": "Philosophy B.A.",
        "key": "74/16/to/24/Major/8708597e-3158-40f1-bc4b-b00b4d30a665"
    },
    {
        "major": "Physical Sciences B.A.",
        "key": "74/16/to/24/Major/c8a59974-3351-4a3e-877d-2efbb5deca1f"
    },
    {
        "major": "Physics B.A.",
        "key": "74/16/to/24/Major/2c7e38b2-e7d7-4e0c-8511-9b7bb6bc21d2"
    },
    {
        "major": "Physics B.S.",
        "key": "74/16/to/24/Major/68aa7711-0146-4846-82c7-aff88f9022cc"
    },
    {
        "major": "Political Science B.A.",
        "key": "74/16/to/24/Major/4be91d57-8af8-4ac0-bc6d-0a88b616a3f7"
    },
    {
        "major": "Psychology B.A.",
        "key": "74/16/to/24/Major/966b271b-8388-4344-a635-48763d35ded6"
    },
    {
        "major": "Public Health Promotion B.S.",
        "key": "74/16/to/24/Major/6b0da0eb-ba45-48a7-8991-592dbd62ec63"
    },
    {
        "major": "Social Sciences B.A.",
        "key": "74/16/to/24/Major/f44e53e7-da4c-4548-bd00-57c3ceb48302"
    },
    {
        "major": "Social Sciences Subject Matter Preparation Program",
        "key": "74/16/to/24/Major/c5f78426-df89-4ac4-9bd7-cf71afd15ced"
    },
    {
        "major": "Sociology B.A.",
        "key": "74/16/to/24/Major/b663655d-0147-42a3-a540-c24ff3f9706c"
    },
    {
        "major": "Spanish B.A.",
        "key": "74/16/to/24/Major/672ab735-0080-4901-9b55-87e680f6d932"
    },
    {
        "major": "Spanish Subject Matter Preparation Program",
        "key": "74/16/to/24/Major/334c0bc1-abd6-470f-845e-004f362d3a44"
    },
    {
        "major": "Theatre Arts B.A.",
        "key": "74/16/to/24/Major/c3c79889-0e5d-4cba-bbaa-eed5a88f66a4"
    }
]