[
    {
        "major": "Anthropology B.A.",
        "key": 26880799
    },
    {
        "major": "Art B.A. - Art Education Concentration",
        "key": 26880804
    },
    {
        "major": "Art B.A. - Art History & Museum Studies Concentration",
        "key": 26880868
    },
    {
        "major": "Art B.A. - Art Studio Concentration",
        "key": 26880810
    },
    {
        "major": "Art B.F.A. - Fine Arts ",
        "key": 26880825
    },
    {
        "major": "Biology B.S. - Cellular/Molecular Biology Concentration",
        "key": 26880807
    },
    {
        "major": "Biology B.S. - Ecology Concentration",
        "key": 26880846
    },
    {
        "major": "Biology B.S. - General Biology Concentration",
        "key": 26880809
    },
    {
        "major": "Biology B.S. - Marine Biology Concentration",
        "key": 26880812
    },
    {
        "major": "Biology B.S. - Microbiology Concentration",
        "key": 26880814
    },
    {
        "major": "Biology B.S. - Science Education Concentration",
        "key": 26880811
    },
    {
        "major": "Botany B.S.",
        "key": 26880808
    },
    {
        "major": "Business Administration B.S. - Accounting Concentration",
        "key": 26880802
    },
    {
        "major": "Business Administration B.S. - Economics Concentration",
        "key": 26880806
    },
    {
        "major": "Business Administration B.S. - Finance Concentration",
        "key": 26880801
    },
    {
        "major": "Business Administration B.S. - Marketing Concentration",
        "key": 26880805
    },
    {
        "major": "Business Administration B.S. - New Venture Management Concentration",
        "key": 26880845
    },
    {
        "major": "Chemistry B.A.",
        "key": 26880813
    },
    {
        "major": "Chemistry B.S.",
        "key": 26880816
    },
    {
        "major": "Chemistry B.S. - Biochemistry Concentration",
        "key": 26880818
    },
    {
        "major": "Child Development & Family Relations B.A. - Child & Family Services Concentration",
        "key": 26880874
    },
    {
        "major": "Child Development & Family Relations B.A. - Specialized Studies Concentration",
        "key": 26880888
    },
    {
        "major": "Child Development & Family Relations B.A. - Teaching Concentration",
        "key": 26880904
    },
    {
        "major": "Communication B.A.",
        "key": 26880815
    },
    {
        "major": "Computer Science B.S.",
        "key": 26880919
    },
    {
        "major": "Criminology and Justice Studies B.A.",
        "key": 26880915
    },
    {
        "major": "Critical Race, Gender & Sexuality Studies B.A.",
        "key": 26880918
    },
    {
        "major": "Dance Studies [Interdisciplinary Studies B.A - Dance Studies Concentration]",
        "key": 26880884
    },
    {
        "major": "Economics B.A.",
        "key": 26880867
    },
    {
        "major": "English B.A.",
        "key": 26880854
    },
    {
        "major": "English B.A. - English Education Concentration",
        "key": 26880840
    },
    {
        "major": "Environmental Resource Engineering B.S.",
        "key": 26880920
    },
    {
        "major": "Environmental Science & Management - Ecological Restoration",
        "key": 26880828
    },
    {
        "major": "Environmental Science & Management - Energy & Climate",
        "key": 26880826
    },
    {
        "major": "Environmental Science & Management - Environmental Education & Interpretation",
        "key": 26880830
    },
    {
        "major": "Environmental Science & Management - Environmental Planning & Policy",
        "key": 26880838
    },
    {
        "major": "Environmental Science & Management - Geospatial Science",
        "key": 26880837
    },
    {
        "major": "Environmental Studies B.A.",
        "key": 26880916
    },
    {
        "major": "Film B.A.",
        "key": 26880914
    },
    {
        "major": "Fisheries Biology B.S. - Aquaculture Concentration",
        "key": 26880852
    },
    {
        "major": "Fisheries Biology B.S. - Freshwater Fisheries Concentration",
        "key": 26880913
    },
    {
        "major": "Fisheries Biology B.S. - Marine Fisheries Concentration",
        "key": 26880911
    },
    {
        "major": "Forestry B.S. - Forest Hydrology Concentration",
        "key": 26880910
    },
    {
        "major": "Forestry B.S. - Forest Operations Concentration",
        "key": 26880912
    },
    {
        "major": "Forestry B.S. - Forest Restoration Concentration",
        "key": 26880832
    },
    {
        "major": "Forestry B.S. - Forest Soils Concentration",
        "key": 26880909
    },
    {
        "major": "Forestry B.S. - Tribal Forestry Concentration",
        "key": 26880902
    },
    {
        "major": "Forestry B.S. - Wildland Fire Management Concentration",
        "key": 26880907
    },
    {
        "major": "French & Francophone Studies B.A.",
        "key": 26880903
    },
    {
        "major": "Geography B.A.",
        "key": 26880908
    },
    {
        "major": "Geology B.A. - Geosciences Concentration",
        "key": 26880901
    },
    {
        "major": "Geology B.S.",
        "key": 26880905
    },
    {
        "major": "History B.A.",
        "key": 26880899
    },
    {
        "major": "History B.A. - History Education Concentration",
        "key": 26880900
    },
    {
        "major": "International Studies B.A. - Chinese Studies Concentration",
        "key": 26880817
    },
    {
        "major": "International Studies B.A. - Development Studies Concentration",
        "key": 26880887
    },
    {
        "major": "International Studies B.A. - European Studies Concentration",
        "key": 26880822
    },
    {
        "major": "International Studies B.A. - Global Cultural Studies Concentration",
        "key": 26880824
    },
    {
        "major": "International Studies B.A. - Latin American Studies Concentration",
        "key": 26880823
    },
    {
        "major": "Journalism B.A. - News Concentration",
        "key": 26880820
    },
    {
        "major": "Journalism B.A. - Public Relations Concentration",
        "key": 26880896
    },
    {
        "major": "Kinesiology B.S. - Exercise Science Concentration",
        "key": 26880862
    },
    {
        "major": "Kinesiology B.S. - Health Promotion Concentration",
        "key": 26880860
    },
    {
        "major": "Kinesiology B.S. - Physical Education Teaching Concentration",
        "key": 26880892
    },
    {
        "major": "Kinesiology B.S. - Pre-Health Professions Concentration",
        "key": 26880870
    },
    {
        "major": "Leadership Studies [Interdisciplinary Studies B.A. - Leadership Studies Concentration]",
        "key": 26880906
    },
    {
        "major": "Liberal Studies B.A. - Child Development/Elementary Education Concentration",
        "key": 26880968
    },
    {
        "major": "Liberal Studies B.A. - Elementary Education Concentration",
        "key": 26880945
    },
    {
        "major": "Mathematics B.A.",
        "key": 26880944
    },
    {
        "major": "Music B.A. - Composition Concentration",
        "key": 26880948
    },
    {
        "major": "Music B.A. - Music Education Concentration",
        "key": 26880946
    },
    {
        "major": "Music B.A. - Music Studies Concentration",
        "key": 26880952
    },
    {
        "major": "Music B.A. - Performance Concentration",
        "key": 26880950
    },
    {
        "major": "Native American Studies B.A.",
        "key": 26880949
    },
    {
        "major": "Nursing B.S.N. (RN-BSN)",
        "key": 26880970
    },
    {
        "major": "Oceanography B.S.",
        "key": 26880960
    },
    {
        "major": "Philosophy B.A.",
        "key": 26880947
    },
    {
        "major": "Physical Science B.A.",
        "key": 26880965
    },
    {
        "major": "Physics B.S.",
        "key": 26880951
    },
    {
        "major": "Physics B.S. - Astronomy Concentration",
        "key": 26880954
    },
    {
        "major": "Political Science B.A. - Global Politics Concentration",
        "key": 26880967
    },
    {
        "major": "Political Science B.A. - Law & Policy Concentration",
        "key": 26880964
    },
    {
        "major": "Political Science B.A. - Politics of Environment & Sustainability Concentration",
        "key": 26880962
    },
    {
        "major": "Political Science B.A. - Traditional Concentration",
        "key": 26880966
    },
    {
        "major": "Psychology B.A.",
        "key": 26880953
    },
    {
        "major": "Rangeland Resource Science B.S.",
        "key": 26880963
    },
    {
        "major": "Rangeland Resource Science B.S. - Wildland Soil Science Concentration",
        "key": 26880958
    },
    {
        "major": "Recreation Administration B.A.",
        "key": 26880957
    },
    {
        "major": "Religious Studies B.A.",
        "key": 26880956
    },
    {
        "major": "Social Work B.A.",
        "key": 26880959
    },
    {
        "major": "Sociology B.A.",
        "key": 26880955
    },
    {
        "major": "Spanish B.A.",
        "key": 26880961
    },
    {
        "major": "Theatre Arts B.A.",
        "key": 26880628
    },
    {
        "major": "Wildlife B.S. - Conservation Biology/Applied Vertebrate Ecology Concentration",
        "key": 26880631
    },
    {
        "major": "Wildlife B.S. - Wildlife Management & Conservation Concentration",
        "key": 26880633
    },
    {
        "major": "Zoology B.S.",
        "key": 26880641
    }
]