[
    {
        "major": "American Studies, B.A.",
        "key": "74/86/to/129/Major/f6bb5ede-2ee2-4ff4-873c-6081f542bcff"
    },
    {
        "major": "Anthropology, B.A.",
        "key": "74/86/to/129/Major/a25a9ebe-b0fa-41ca-a62e-c25e37f26c19"
    },
    {
        "major": "Art History, B.A. ",
        "key": "74/86/to/129/Major/9014dbb1-3b09-435d-a9e7-e9f90702307d"
    },
    {
        "major": "Art, B.A. - General Studio Art Concentration",
        "key": "74/86/to/129/Major/faeef9f0-6381-4a5b-820d-d0df83e29f99"
    },
    {
        "major": "Art, B.A. - Teaching Concentration",
        "key": "74/86/to/129/Major/150afeb5-10b3-4ac6-bc31-9738bc88e9cc"
    },
    {
        "major": "Art, B.F.A. - Ceramics Concentration",
        "key": "74/86/to/129/Major/cc3b968d-5a9a-4423-9587-45be6df1c37a"
    },
    {
        "major": "Art, B.F.A. - Creative Photography and Experimental Media Concentration",
        "key": "74/86/to/129/Major/c5c7bc52-de41-41aa-98df-c22a0663537c"
    },
    {
        "major": "Art, B.F.A. - Drawing and Painting Concentration",
        "key": "74/86/to/129/Major/436a36ac-d013-48ca-881e-65bdcb0f1521"
    },
    {
        "major": "Art, B.F.A. - Entertainment Art/Animation Concentration",
        "key": "74/86/to/129/Major/80e75bb0-19e7-4a47-9c7c-e8c58fc8979a"
    },
    {
        "major": "Art, B.F.A. - Game Art, Animation & Immersive Media Concentration",
        "key": "74/86/to/129/Major/24879dbc-fdc8-46f1-ab84-c97dfb3e7f9d"
    },
    {
        "major": "Art, B.F.A. - Glass Concentration",
        "key": "74/86/to/129/Major/ac79371e-7552-4fbb-b510-83d766414a61"
    },
    {
        "major": "Art, B.F.A. - Graphic and Interactive Design Concentration",
        "key": "74/86/to/129/Major/d827ae06-0f16-4c5d-9580-528e207de2e4"
    },
    {
        "major": "Art, B.F.A. - Illustration Concentration",
        "key": "74/86/to/129/Major/58a13ea4-a773-4457-8eca-cdc12fc0b712"
    },
    {
        "major": "Art, B.F.A. - Jewelry and Metalsmithing Concentration",
        "key": "74/86/to/129/Major/694cce5f-b84f-43b8-9d80-676303ec8f7f"
    },
    {
        "major": "Art, B.F.A. - Sculpture Concentration",
        "key": "74/86/to/129/Major/fd7031c9-d16f-4a6b-8d7a-d74c62eecb12"
    },
    {
        "major": "Biochemistry, B.S.",
        "key": "74/86/to/129/Major/c594eefa-575a-48a0-a6a7-0157781dc39c"
    },
    {
        "major": "Biological Science, B.S.",
        "key": "74/86/to/129/Major/06454d45-2035-449e-ad1d-9a7d45bcebe2"
    },
    {
        "major": "Business Administration, B.A.",
        "key": "74/86/to/129/Major/d245f8c0-506e-4864-8f0a-293e3e84a1e0"
    },
    {
        "major": "Chemistry, B.A.",
        "key": "74/86/to/129/Major/e34ef893-d007-4acd-aec8-6437affec0a3"
    },
    {
        "major": "Chemistry, B.S.",
        "key": "74/86/to/129/Major/9c08907f-bf5e-4d14-8c13-f568e8dd8821"
    },
    {
        "major": "Child and Adolescent Studies, B.S. - Adolescent/Youth Development Concentration",
        "key": "74/86/to/129/Major/97ce51ac-1279-48e0-97e1-757492de2e8d"
    },
    {
        "major": "Child and Adolescent Studies, B.S. - Early Childhood Development Concentration",
        "key": "74/86/to/129/Major/edd20c81-65ca-4331-9b87-210b4ccc05a0"
    },
    {
        "major": "Child and Adolescent Studies, B.S. - Elementary School Settings Concentration",
        "key": "74/86/to/129/Major/a967c7d7-1953-49f6-ab96-2104cf2dfb1a"
    },
    {
        "major": "Child and Adolescent Studies, B.S. - Family and Community Contexts Concentration",
        "key": "74/86/to/129/Major/ed36f6d3-36a2-4af9-892f-6bc1fa150fc0"
    },
    {
        "major": "Cinema and Television Arts, B.A.",
        "key": "74/86/to/129/Major/2c8397d1-920a-4c53-8d5f-6c19b7a0692f"
    },
    {
        "major": "Civil Engineering, B.S.",
        "key": "74/86/to/129/Major/c980c0aa-3486-4fcc-bb55-e5c038f58514"
    },
    {
        "major": "Communication Studies, B.A.",
        "key": "74/86/to/129/Major/7058157f-768e-4fa1-9ea9-934f23f041ba"
    },
    {
        "major": "Communications, B.A. - Advertising Concentration",
        "key": "74/86/to/129/Major/e078a62d-9f01-4959-be82-d42d03bc64df"
    },
    {
        "major": "Communications, B.A. - Entertainment and Tourism Communication",
        "key": "74/86/to/129/Major/268fe0fd-61c4-499f-9f6e-6d14067d16fd"
    },
    {
        "major": "Communications, B.A. - Journalism Concentration",
        "key": "74/86/to/129/Major/09633b4a-6d7b-4148-a230-db4e79b91699"
    },
    {
        "major": "Communications, B.A. - Public Relations Concentration",
        "key": "74/86/to/129/Major/f71f1fd1-869d-4e4a-872c-5b81210ebcd0"
    },
    {
        "major": "Communicative Disorders, B.S.",
        "key": "74/86/to/129/Major/d8893933-d260-4fc8-b3b9-4a565a5b8385"
    },
    {
        "major": "Comparative Literature, B.A.",
        "key": "74/86/to/129/Major/d596bb3d-4b07-4222-9ed9-a14a7296a079"
    },
    {
        "major": "Computer Engineering, B.S.",
        "key": "74/86/to/129/Major/500130c2-e8f5-4bf4-ace8-ed659bdbe63d"
    },
    {
        "major": "Computer Science, B.S.",
        "key": "74/86/to/129/Major/1d1bc740-90c4-4d64-8dce-5f45aa2feaf4"
    },
    {
        "major": "Criminal Justice, B.A.",
        "key": "74/86/to/129/Major/d7d97bb8-5c81-4ba9-bf43-9fc86f6bb262"
    },
    {
        "major": "Dance, B.A.",
        "key": "74/86/to/129/Major/9682f6b3-461f-4eae-9d78-867612474ecd"
    },
    {
        "major": "Earth Science, B.A.",
        "key": "74/86/to/129/Major/1d7a5360-aa6c-4134-b0a4-116047fc4e0d"
    },
    {
        "major": "Economics, B.A.",
        "key": "74/86/to/129/Major/581d551c-1057-47e0-b2bd-15c225e6d95c"
    },
    {
        "major": "Electrical Engineering, B.S.",
        "key": "74/86/to/129/Major/8f3fea67-844c-44eb-af28-0be9cf0ade09"
    },
    {
        "major": "Engineering, B.S. ",
        "key": "74/86/to/129/Major/352fb2ee-6a60-4900-99e6-f7b34705bafa"
    },
    {
        "major": "Ethnic Studies, B.A. - African American Studies Concentration",
        "key": "74/86/to/129/Major/50c92995-08de-4682-a701-ab146bbd96f4"
    },
    {
        "major": "Ethnic Studies, B.A. - Asian American Studies Concentration",
        "key": "74/86/to/129/Major/4af930a8-e6bb-4f5f-a9f2-67bc51af9082"
    },
    {
        "major": "Ethnic Studies, B.A. - Chicana and Chicano Studies Concentration",
        "key": "74/86/to/129/Major/7d8a8426-771c-4561-b77e-14023399c81e"
    },
    {
        "major": "French, B.A.",
        "key": "74/86/to/129/Major/ba37e4b7-5ad5-4097-b963-aad63611f5f3"
    },
    {
        "major": "Geography, B.A.",
        "key": "74/86/to/129/Major/44d9d471-71cc-47b8-90d1-5dbb46707017"
    },
    {
        "major": "Human Services, B.S.",
        "key": "74/86/to/129/Major/2dd80a01-fc13-4c3f-a9f6-1b0f3120fd35"
    },
    {
        "major": "International Business, B.A.",
        "key": "74/86/to/129/Major/217da0ac-54b8-4026-84b6-b2c4410e620d"
    },
    {
        "major": "Japanese, B.A.",
        "key": "74/86/to/129/Major/a1dc4333-0841-4581-8d6c-a1e70ca5cf8d"
    },
    {
        "major": "Kinesiology, B.S.",
        "key": "74/86/to/129/Major/fbeb97eb-0ec1-45cd-82aa-26e0b1de20b7"
    },
    {
        "major": "Kinesiology, B.S. - Pre-Allied Health Concentration",
        "key": "74/86/to/129/Major/7b7e501f-830b-4bcc-96a0-7b81c1cd44d4"
    },
    {
        "major": "Latin American Studies, B.A.",
        "key": "74/86/to/129/Major/31e998f1-7df2-40bf-a90a-36de4c8d069d"
    },
    {
        "major": "Liberal Studies, B.A.",
        "key": "74/86/to/129/Major/b9ea76b2-8d7f-4ed9-90a0-761db15f7988"
    },
    {
        "major": "Linguistics, B.A.",
        "key": "74/86/to/129/Major/a6150f5f-7eea-4bda-9b8c-3c685eb63aaa"
    },
    {
        "major": "Mathematics, B.A.",
        "key": "74/86/to/129/Major/582222e0-a7c4-4145-8431-e7d58147c560"
    },
    {
        "major": "Mechanical Engineering, B.S.",
        "key": "74/86/to/129/Major/cacc60d6-2847-49ea-a422-3adad24489af"
    },
    {
        "major": "Music, B.A.",
        "key": "74/86/to/129/Major/1592cd9b-c499-4f90-98bd-efb8d4c63871"
    },
    {
        "major": "Music, B.M.",
        "key": "74/86/to/129/Major/1c36467b-df6c-42e4-9c81-b7976959b55c"
    },
    {
        "major": "Nursing, B.S.",
        "key": "74/86/to/129/Major/08a8b90a-4d5e-42c7-9698-d5b16c10156f"
    },
    {
        "major": "Philosophy, B.A.",
        "key": "74/86/to/129/Major/bcb21b18-8bb7-42b5-85ac-0a01737208f1"
    },
    {
        "major": "Physics, B.S.",
        "key": "74/86/to/129/Major/7b5162d2-c187-45a8-939f-50dbd344234d"
    },
    {
        "major": "Political Science, B.A.",
        "key": "74/86/to/129/Major/2e4d2d8d-2436-4548-8fc0-701a692d7b91"
    },
    {
        "major": "Psychology, B.A.",
        "key": "74/86/to/129/Major/ea2ab0cb-8d7d-4502-ab47-30f2c1f65f25"
    },
    {
        "major": "Public Health, B.S.",
        "key": "74/86/to/129/Major/0f4d8dac-4070-4e02-a88a-6b598a156006"
    },
    {
        "major": "Religious Studies, B.A.",
        "key": "74/86/to/129/Major/cca0ef7d-e047-499f-a671-9750f91a95e6"
    },
    {
        "major": "Sociology, B.A.",
        "key": "74/86/to/129/Major/e07c2d86-f9bc-4798-b6a7-f3e465762921"
    },
    {
        "major": "Spanish, B.A.",
        "key": "74/86/to/129/Major/208f974e-2b41-42e1-a3a4-0a14ee50475a"
    },
    {
        "major": "Theatre, B.A.",
        "key": "74/86/to/129/Major/e25d9362-a06a-4cf6-87f3-da9176a36f65"
    },
    {
        "major": "Theatre, B.A.- Specialized Studies in Theatre Concentration, Design/Technical Production Emphasis",
        "key": "74/86/to/129/Major/5f4a2c6b-0824-43f9-b44f-3e309132236d"
    },
    {
        "major": "Theatre, B.F.A - Acting Concentration",
        "key": "74/86/to/129/Major/aab5b144-3cb2-4b60-831b-038739e7ef56"
    },
    {
        "major": "Theatre, B.F.A. - Musical Theatre Concentration",
        "key": "74/86/to/129/Major/25c6559d-99a9-4e27-b9bb-f241134a5a3a"
    },
    {
        "major": "Women and Gender Studies, B.A.",
        "key": "74/86/to/129/Major/b38fe10f-1efb-4341-a714-eb6b06dfc91d"
    }
]