[
    {
        "major": "American Indian Studies",
        "key": 25858386
    },
    {
        "major": "Anthropology",
        "key": 25858145
    },
    {
        "major": "Applied Physics - Applied Electronics Option",
        "key": 25858374
    },
    {
        "major": "Applied Physics - General Option",
        "key": 25858653
    },
    {
        "major": "Art, Media, and Design, Art and Visual Culture Option",
        "key": 25858699
    },
    {
        "major": "Art, Media, and Design, Digital and Media Arts Option",
        "key": 25858681
    },
    {
        "major": "Biochemistry",
        "key": 25858157
    },
    {
        "major": "Biological Sciences",
        "key": 25858174
    },
    {
        "major": "Biotechnology",
        "key": 25858192
    },
    {
        "major": "Business Administration - All Options",
        "key": 25858640
    },
    {
        "major": "Chemistry, Chemistry Education Option",
        "key": 25858207
    },
    {
        "major": "Chemistry, General Chemistry Option",
        "key": 25858223
    },
    {
        "major": "Child and Adolescent Development, B.A.",
        "key": 25858236
    },
    {
        "major": "Communication",
        "key": 25858246
    },
    {
        "major": "Computer Science - CIS Option",
        "key": 25858531
    },
    {
        "major": "Computer Science - CS Option",
        "key": 25858358
    },
    {
        "major": "Criminology and Justice Studies",
        "key": 25858257
    },
    {
        "major": "Economics",
        "key": 25858268
    },
    {
        "major": "Electrical Engineering",
        "key": 25858628
    },
    {
        "major": "Environmental Studies",
        "key": 25858544
    },
    {
        "major": "Ethnic Studies",
        "key": 25858398
    },
    {
        "major": "Geography",
        "key": 25858777
    },
    {
        "major": "Global Studies",
        "key": 25858281
    },
    {
        "major": "History",
        "key": 25858292
    },
    {
        "major": "History Single-Subject Preparation for Teaching Option",
        "key": 25858410
    },
    {
        "major": "Human Development, All Options",
        "key": 25858666
    },
    {
        "major": "Kinesiology - Health Science Option",
        "key": 25858515
    },
    {
        "major": "Kinesiology - Movement Science Option",
        "key": 25858502
    },
    {
        "major": "Liberal Studies, Integrated Teacher Education Program Option (ITEP)",
        "key": 25858756
    },
    {
        "major": "Liberal Studies, Teaching - Elementary Subject Matter Preparation",
        "key": 25858731
    },
    {
        "major": "Literature and Writing Studies",
        "key": 25858303
    },
    {
        "major": "Mathematics",
        "key": 25858317
    },
    {
        "major": "Media Studies",
        "key": 25858422
    },
    {
        "major": "Music ",
        "key": 25858436
    },
    {
        "major": "Nursing, All Options",
        "key": 25858560
    },
    {
        "major": "Political Science",
        "key": 25858329
    },
    {
        "major": "Psychological Science",
        "key": 25858447
    },
    {
        "major": "Social Sciences",
        "key": 25858469
    },
    {
        "major": "Sociology, Aging and the Life Course Concentration",
        "key": 25858618
    },
    {
        "major": "Sociology, Children, Youth, and Families Concentration",
        "key": 25858606
    },
    {
        "major": "Sociology, Critical Race Studies Concentration",
        "key": 25858594
    },
    {
        "major": "Sociology, Health, Education, and Welfare Concentration",
        "key": 25858584
    },
    {
        "major": "Sociology, Standard Concentration",
        "key": 25858573
    },
    {
        "major": "Software Engineering",
        "key": 25858485
    },
    {
        "major": "Spanish",
        "key": 25858341
    },
    {
        "major": "Theatre",
        "key": 25858767
    },
    {
        "major": "Women's, Gender, and Sexuality Studies",
        "key": 25858712
    }
]