[
    {
        "major": "Anthropology B.A.",
        "key": 26825100
    },
    {
        "major": "Art B.A. - Art Education Concentration",
        "key": 26825099
    },
    {
        "major": "Art B.A. - Art History & Museum Studies Concentration",
        "key": 26825216
    },
    {
        "major": "Art B.A. - Art Studio Concentration",
        "key": 26825137
    },
    {
        "major": "Art B.F.A. - Fine Arts ",
        "key": 26825192
    },
    {
        "major": "Biology B.S. - Cellular/Molecular Biology Concentration",
        "key": 26825125
    },
    {
        "major": "Biology B.S. - Ecology Concentration",
        "key": 26825203
    },
    {
        "major": "Biology B.S. - General Biology Concentration",
        "key": 26825141
    },
    {
        "major": "Biology B.S. - Marine Biology Concentration",
        "key": 26825135
    },
    {
        "major": "Biology B.S. - Microbiology Concentration",
        "key": 26825136
    },
    {
        "major": "Biology B.S. - Science Education Concentration",
        "key": 26825149
    },
    {
        "major": "Botany B.S.",
        "key": 26825122
    },
    {
        "major": "Business Administration B.S. - Accounting Concentration",
        "key": 26825112
    },
    {
        "major": "Business Administration B.S. - Economics Concentration",
        "key": 26825111
    },
    {
        "major": "Business Administration B.S. - Finance Concentration",
        "key": 26825119
    },
    {
        "major": "Business Administration B.S. - Marketing Concentration",
        "key": 26825120
    },
    {
        "major": "Business Administration B.S. - New Venture Management Concentration",
        "key": 26825199
    },
    {
        "major": "Chemistry B.A.",
        "key": 26825150
    },
    {
        "major": "Chemistry B.S.",
        "key": 26825144
    },
    {
        "major": "Chemistry B.S. - Biochemistry Concentration",
        "key": 26825157
    },
    {
        "major": "Child Development & Family Relations B.A. - Child & Family Services Concentration",
        "key": 26825207
    },
    {
        "major": "Child Development & Family Relations B.A. - Specialized Studies Concentration",
        "key": 26825205
    },
    {
        "major": "Child Development & Family Relations B.A. - Teaching Concentration",
        "key": 26825202
    },
    {
        "major": "Communication B.A.",
        "key": 26825156
    },
    {
        "major": "Computer Science B.S.",
        "key": 26825148
    },
    {
        "major": "Criminology and Justice Studies B.A.",
        "key": 26825147
    },
    {
        "major": "Critical Race, Gender & Sexuality Studies B.A.",
        "key": 26825158
    },
    {
        "major": "Dance Studies [Interdisciplinary Studies B.A - Dance Studies Concentration]",
        "key": 26825211
    },
    {
        "major": "Economics B.A.",
        "key": 26825206
    },
    {
        "major": "English B.A.",
        "key": 26825214
    },
    {
        "major": "English B.A. - English Education Concentration",
        "key": 26825213
    },
    {
        "major": "Environmental Resource Engineering B.S.",
        "key": 26825155
    },
    {
        "major": "Environmental Science & Management - Ecological Restoration",
        "key": 26825194
    },
    {
        "major": "Environmental Science & Management - Energy & Climate",
        "key": 26825196
    },
    {
        "major": "Environmental Science & Management - Environmental Education & Interpretation",
        "key": 26825198
    },
    {
        "major": "Environmental Science & Management - Environmental Planning & Policy",
        "key": 26825195
    },
    {
        "major": "Environmental Science & Management - Geospatial Science",
        "key": 26825197
    },
    {
        "major": "Environmental Studies B.A.",
        "key": 26825160
    },
    {
        "major": "Film B.A.",
        "key": 26825161
    },
    {
        "major": "Fisheries Biology B.S. - Aquaculture Concentration",
        "key": 26825201
    },
    {
        "major": "Fisheries Biology B.S. - Freshwater Fisheries Concentration",
        "key": 26825159
    },
    {
        "major": "Fisheries Biology B.S. - Marine Fisheries Concentration",
        "key": 26825162
    },
    {
        "major": "Forestry B.S. - Forest Hydrology Concentration",
        "key": 26825175
    },
    {
        "major": "Forestry B.S. - Forest Operations Concentration",
        "key": 26825166
    },
    {
        "major": "Forestry B.S. - Forest Restoration Concentration",
        "key": 26825200
    },
    {
        "major": "Forestry B.S. - Forest Soils Concentration",
        "key": 26825173
    },
    {
        "major": "Forestry B.S. - Tribal Forestry Concentration",
        "key": 26825204
    },
    {
        "major": "Forestry B.S. - Wildland Fire Management Concentration",
        "key": 26825174
    },
    {
        "major": "French & Francophone Studies B.A.",
        "key": 26825163
    },
    {
        "major": "Geography B.A.",
        "key": 26825176
    },
    {
        "major": "Geology B.A. - Geosciences Concentration",
        "key": 26825177
    },
    {
        "major": "Geology B.S.",
        "key": 26825180
    },
    {
        "major": "History B.A.",
        "key": 26825311
    },
    {
        "major": "History B.A. - History Education Concentration",
        "key": 26825312
    },
    {
        "major": "International Studies B.A. - Chinese Studies Concentration",
        "key": 26825313
    },
    {
        "major": "International Studies B.A. - Development Studies Concentration",
        "key": 26825356
    },
    {
        "major": "International Studies B.A. - European Studies Concentration",
        "key": 26825314
    },
    {
        "major": "International Studies B.A. - Global Cultural Studies Concentration",
        "key": 26825315
    },
    {
        "major": "International Studies B.A. - Latin American Studies Concentration",
        "key": 26825317
    },
    {
        "major": "Journalism B.A. - News Concentration",
        "key": 26825316
    },
    {
        "major": "Journalism B.A. - Public Relations Concentration",
        "key": 26825318
    },
    {
        "major": "Kinesiology B.S. - Exercise Science Concentration",
        "key": 26825357
    },
    {
        "major": "Kinesiology B.S. - Health Promotion Concentration",
        "key": 26825358
    },
    {
        "major": "Kinesiology B.S. - Physical Education Teaching Concentration",
        "key": 26825319
    },
    {
        "major": "Kinesiology B.S. - Pre-Health Professions Concentration",
        "key": 26825359
    },
    {
        "major": "Leadership Studies [Interdisciplinary Studies B.A. - Leadership Studies Concentration]",
        "key": 26825361
    },
    {
        "major": "Liberal Studies B.A. - Child Development/Elementary Education Concentration",
        "key": 26825360
    },
    {
        "major": "Liberal Studies B.A. - Elementary Education Concentration",
        "key": 26825321
    },
    {
        "major": "Mathematics B.A.",
        "key": 26825320
    },
    {
        "major": "Music B.A. - Composition Concentration",
        "key": 26825322
    },
    {
        "major": "Music B.A. - Music Education Concentration",
        "key": 26825323
    },
    {
        "major": "Music B.A. - Music Studies Concentration",
        "key": 26825325
    },
    {
        "major": "Music B.A. - Performance Concentration",
        "key": 26825324
    },
    {
        "major": "Native American Studies B.A.",
        "key": 26825326
    },
    {
        "major": "Nursing B.S.N. (RN-BSN)",
        "key": 26825362
    },
    {
        "major": "Oceanography B.S.",
        "key": 26825329
    },
    {
        "major": "Philosophy B.A.",
        "key": 26825327
    },
    {
        "major": "Physical Science B.A.",
        "key": 26825350
    },
    {
        "major": "Physics B.S.",
        "key": 26825328
    },
    {
        "major": "Physics B.S. - Astronomy Concentration",
        "key": 26825330
    },
    {
        "major": "Political Science B.A. - Global Politics Concentration",
        "key": 26825353
    },
    {
        "major": "Political Science B.A. - Law & Policy Concentration",
        "key": 26825351
    },
    {
        "major": "Political Science B.A. - Politics of Environment & Sustainability Concentration",
        "key": 26825352
    },
    {
        "major": "Political Science B.A. - Traditional Concentration",
        "key": 26825354
    },
    {
        "major": "Psychology B.A.",
        "key": 26825331
    },
    {
        "major": "Rangeland Resource Science B.S.",
        "key": 26825333
    },
    {
        "major": "Rangeland Resource Science B.S. - Wildland Soil Science Concentration",
        "key": 26825332
    },
    {
        "major": "Recreation Administration B.A.",
        "key": 26825335
    },
    {
        "major": "Religious Studies B.A.",
        "key": 26825334
    },
    {
        "major": "Social Work B.A.",
        "key": 26825336
    },
    {
        "major": "Sociology B.A.",
        "key": 26825337
    },
    {
        "major": "Spanish B.A.",
        "key": 26825338
    },
    {
        "major": "Theatre Arts B.A.",
        "key": 26825339
    },
    {
        "major": "Wildlife B.S. - Conservation Biology/Applied Vertebrate Ecology Concentration",
        "key": 26825340
    },
    {
        "major": "Wildlife B.S. - Wildlife Management & Conservation Concentration",
        "key": 26825341
    },
    {
        "major": "Zoology B.S.",
        "key": 26825342
    }
]