[
    {
        "major": "Agricultural Business, BS",
        "key": "74/32/to/98/Major/8772018a-f9f0-4c14-959b-22c1cec6a511"
    },
    {
        "major": "Anthropology, BA",
        "key": "74/32/to/98/Major/83488346-cda5-4241-8778-e49b3cc9eb06"
    },
    {
        "major": "Anthropology, BA, Concentration in Cultural Resource Management",
        "key": "74/32/to/98/Major/2508ec93-caee-47c3-4f87-08dbef978b9c"
    },
    {
        "major": "Art, BA, emphasis in Art Education",
        "key": "74/32/to/98/Major/46914c73-b877-49c2-87cf-adb96134aa51"
    },
    {
        "major": "Art, BA, emphasis in Art History",
        "key": "74/32/to/98/Major/b9ff2062-45cb-48dd-4f88-08dbef978b9c"
    },
    {
        "major": "Art, BA, emphasis in Studio Art",
        "key": "74/32/to/98/Major/746d7e3d-38b5-4bde-4f89-08dbef978b9c"
    },
    {
        "major": "Biochemistry, BS",
        "key": "74/32/to/98/Major/e6d921d5-e2f3-493a-9392-08dbf50bcc7d"
    },
    {
        "major": "Biochemistry, BS, Concentration in Food Science",
        "key": "74/32/to/98/Major/86a1512b-c202-4bb4-9393-08dbf50bcc7d"
    },
    {
        "major": "Biology, BS",
        "key": "74/32/to/98/Major/6ec6cb03-f54e-4485-a299-19bb8ff89c07"
    },
    {
        "major": "Biology, BS, Concentration in Biotechnology",
        "key": "74/32/to/98/Major/4f778765-7c99-4507-9394-08dbf50bcc7d"
    },
    {
        "major": "Business Administration, BS, Accounting Concentration",
        "key": "74/32/to/98/Major/1aac2c59-ff2c-41d8-a08c-0e9c3acbd518"
    },
    {
        "major": "Business Administration, BS, Agricultural Business Concentration",
        "key": "74/32/to/98/Major/c4dc9c99-8456-48ec-9395-08dbf50bcc7d"
    },
    {
        "major": "Business Administration, BS, Economics Concentration",
        "key": "74/32/to/98/Major/5558e7b8-5c3d-49af-9396-08dbf50bcc7d"
    },
    {
        "major": "Business Administration, BS, Entrepreneurship Concentration",
        "key": "74/32/to/98/Major/68d3232d-e2e9-40e7-9397-08dbf50bcc7d"
    },
    {
        "major": "Business Administration, BS, Finance Concentration",
        "key": "74/32/to/98/Major/d3942524-1d18-4f4d-9398-08dbf50bcc7d"
    },
    {
        "major": "Business Administration, BS, General Business Concentration",
        "key": "74/32/to/98/Major/b65548fa-0b62-43e6-9399-08dbf50bcc7d"
    },
    {
        "major": "Business Administration, BS, Health Care Management Concentration",
        "key": "74/32/to/98/Major/a4cc1563-abe4-49fa-939a-08dbf50bcc7d"
    },
    {
        "major": "Business Administration, BS, Human Resource Management Concentration",
        "key": "74/32/to/98/Major/b27adbed-5539-44a0-939b-08dbf50bcc7d"
    },
    {
        "major": "Business Administration, BS, Management Concentration",
        "key": "74/32/to/98/Major/d167b195-9197-410e-939c-08dbf50bcc7d"
    },
    {
        "major": "Business Administration, BS, Marketing Concentration",
        "key": "74/32/to/98/Major/466d66b3-59c5-44b0-939d-08dbf50bcc7d"
    },
    {
        "major": "Business Administration, BS, Public Administration Concentration",
        "key": "74/32/to/98/Major/eb559e4a-ddf8-4df1-939e-08dbf50bcc7d"
    },
    {
        "major": "Business Administration, BS, Supply Chain Logistics Concentration",
        "key": "74/32/to/98/Major/3b6397da-1724-4a91-939f-08dbf50bcc7d"
    },
    {
        "major": "Chemistry, BS",
        "key": "74/32/to/98/Major/d9241a0b-4b28-4167-a921-7048a2eb2198"
    },
    {
        "major": "Chemistry, BS, Certified by the American Chemical Society",
        "key": "74/32/to/98/Major/82d773bb-4d5b-4af5-93a0-08dbf50bcc7d"
    },
    {
        "major": "Chemistry, BS, Concentration in Management and Marketing",
        "key": "74/32/to/98/Major/e1d2bab4-eb51-40bf-93a1-08dbf50bcc7d"
    },
    {
        "major": "Chemistry, BS, Concentration in Occupational Safety and Health Management",
        "key": "74/32/to/98/Major/9717a2ca-0614-4f28-93a2-08dbf50bcc7d"
    },
    {
        "major": "Child, Adolescent, and Family Studies, BA",
        "key": "74/32/to/98/Major/251ddf6e-cde5-426e-8985-2cefc9464551"
    },
    {
        "major": "Child, Adolescent, and Family Studies, BA, Concentration in Integrated Teacher Education Program",
        "key": "74/32/to/98/Major/592f0e87-eb74-4f6e-93a3-08dbf50bcc7d"
    },
    {
        "major": "Communications, BA, Digital Media Concentration",
        "key": "74/32/to/98/Major/6773acf5-992b-4ae7-a148-bb1e69d8c13d"
    },
    {
        "major": "Communications, BA, Journalism Concentration",
        "key": "74/32/to/98/Major/84958f23-cc8e-4748-93a4-08dbf50bcc7d"
    },
    {
        "major": "Communications, BA, Public Relations Concentration",
        "key": "74/32/to/98/Major/ada38482-73db-4ffd-93a5-08dbf50bcc7d"
    },
    {
        "major": "Computer Engineering, BS",
        "key": "74/32/to/98/Major/f2ee24c6-62f4-456f-b944-b25ccc0cfbbb"
    },
    {
        "major": "Computer Science, BS",
        "key": "74/32/to/98/Major/c696a7d5-7f74-4767-b232-8548fb7f08eb"
    },
    {
        "major": "Computer Science, BS, Concentration in Computer Information Systems",
        "key": "74/32/to/98/Major/b79bd97b-52b0-4af2-93a6-08dbf50bcc7d"
    },
    {
        "major": "Computer Science, BS, Concentration in Information Security",
        "key": "74/32/to/98/Major/ad114d33-bbc2-4b80-93a7-08dbf50bcc7d"
    },
    {
        "major": "Criminal Justice, BA",
        "key": "74/32/to/98/Major/6a6385df-9acf-46f7-84e1-29f3195daec5"
    },
    {
        "major": "Economics, BS",
        "key": "74/32/to/98/Major/f9915c42-e598-4b54-8dd3-dc2e2213b34f"
    },
    {
        "major": "Electrical Engineering, BS",
        "key": "74/32/to/98/Major/6cbf7b0e-307d-45dd-94d5-37e1e480440c"
    },
    {
        "major": "Electrical Engineering, BS, with Energy and Power Engineering Emphasis",
        "key": "74/32/to/98/Major/95972bc9-2cd3-4ace-93a8-08dbf50bcc7d"
    },
    {
        "major": "Engineering, BS",
        "key": "74/32/to/98/Major/029a46e7-c2ac-47ff-9b32-af73d1d7d3bf"
    },
    {
        "major": "Engineering, BS, Biosystems and Agricultural Engineering Emphasis",
        "key": "74/32/to/98/Major/e80579d8-3286-49c8-93a9-08dbf50bcc7d"
    },
    {
        "major": "Engineering, BS, Energy and Power Engineering Emphasis",
        "key": "74/32/to/98/Major/8653c17a-27de-4e8b-93aa-08dbf50bcc7d"
    },
    {
        "major": "Engineering, BS, Engineering Management Emphasis",
        "key": "74/32/to/98/Major/96ca926c-3882-4cac-93ab-08dbf50bcc7d"
    },
    {
        "major": "Engineering, BS, Petroleum Engineering Emphasis",
        "key": "74/32/to/98/Major/0623e3de-4995-4463-93ac-08dbf50bcc7d"
    },
    {
        "major": "English, BA, Credential Emphasis",
        "key": "74/32/to/98/Major/463e3160-af63-45a7-9b3e-4921ebeff556"
    },
    {
        "major": "English, BA, Language and Literature",
        "key": "74/32/to/98/Major/94a142df-ec19-4ab2-93ad-08dbf50bcc7d"
    },
    {
        "major": "Environmental Resource Management, BS, General Track",
        "key": "74/32/to/98/Major/d887dc33-24f6-4873-af1e-0e2ea34fa7e9"
    },
    {
        "major": "Environmental Resource Management, BS, Safety Track",
        "key": "74/32/to/98/Major/54e45a26-df2c-4fda-93ae-08dbf50bcc7d"
    },
    {
        "major": "Geology, BA",
        "key": "74/32/to/98/Major/8d07938f-6537-4566-9efc-bf1b469904e0"
    },
    {
        "major": "Geology, BS",
        "key": "74/32/to/98/Major/5d5924da-ff4f-4f17-93af-08dbf50bcc7d"
    },
    {
        "major": "History, BA",
        "key": "74/32/to/98/Major/852a096f-6d83-4a05-922b-190903392972"
    },
    {
        "major": "History, BA, Public History Emphasis",
        "key": "74/32/to/98/Major/cbf17f6f-b407-4f5c-93b0-08dbf50bcc7d"
    },
    {
        "major": "History, BA, Social Science Teaching Concentration",
        "key": "74/32/to/98/Major/b1e22683-9d1b-4bb3-93b1-08dbf50bcc7d"
    },
    {
        "major": "Human Biological Sciences, BA",
        "key": "74/32/to/98/Major/e6dacc0f-69d6-44f5-93b2-08dbf50bcc7d"
    },
    {
        "major": "Interdisciplinary Studies, BA, Ethnic and Area Studies Concentration",
        "key": "74/32/to/98/Major/4fb119fc-a32d-49f0-a6ff-e2f50fa6120a"
    },
    {
        "major": "Interdisciplinary Studies, BA, Women, Gender, and Sexuality Studies Concentration",
        "key": "74/32/to/98/Major/9f79a4e4-1b95-4a60-93b3-08dbf50bcc7d"
    },
    {
        "major": "Kinesiology, BS, Concentration in Allied Health",
        "key": "74/32/to/98/Major/10ac7627-e61d-452d-b802-5124f6b7489b"
    },
    {
        "major": "Kinesiology, BS, Concentration in Applied Exercise Science",
        "key": "74/32/to/98/Major/306c08ea-619e-47bb-93b4-08dbf50bcc7d"
    },
    {
        "major": "Kinesiology, BS, Concentration in Physical Activity Leadership",
        "key": "74/32/to/98/Major/0d93574b-44f0-4a3a-93b5-08dbf50bcc7d"
    },
    {
        "major": "Liberal Studies, BA, Teacher Preparation Emphases",
        "key": "74/32/to/98/Major/16fd9de0-332e-45b5-81af-fe64e6859964"
    },
    {
        "major": "Mathematics, BS, Applied Mathematics Concentration",
        "key": "74/32/to/98/Major/40f102be-875e-4c7a-9e8c-ab5054859fc1"
    },
    {
        "major": "Mathematics, BS, Blended Teaching Concentration",
        "key": "74/32/to/98/Major/dea273e0-98a8-40ac-93b6-08dbf50bcc7d"
    },
    {
        "major": "Mathematics, BS, Pure Mathematics Concentration",
        "key": "74/32/to/98/Major/db564ebd-716f-42e1-93b8-08dbf50bcc7d"
    },
    {
        "major": "Mathematics, BS, Statistics Concentration",
        "key": "74/32/to/98/Major/813c6e57-c076-4ec1-93b9-08dbf50bcc7d"
    },
    {
        "major": "Mathematics, BS, Teaching Concentration",
        "key": "74/32/to/98/Major/7851d31f-7f40-4d5b-93ba-08dbf50bcc7d"
    },
    {
        "major": "Music, BA, General Music Emphasis",
        "key": "74/32/to/98/Major/85675449-11b7-4a0b-b4d5-860f2b885cc1"
    },
    {
        "major": "Music, BA, Music Education Emphasis",
        "key": "74/32/to/98/Major/e3a69096-0e50-4e9d-93bb-08dbf50bcc7d"
    },
    {
        "major": "Natural Sciences, BS, Biology Concentration",
        "key": "74/32/to/98/Major/4341306e-968d-49e7-9080-a1d2f94025d8"
    },
    {
        "major": "Natural Sciences, BS, Chemistry Concentration",
        "key": "74/32/to/98/Major/9ba05cf2-c716-4422-93bc-08dbf50bcc7d"
    },
    {
        "major": "Natural Sciences, BS, Foundational Science Concentration",
        "key": "74/32/to/98/Major/389bada1-8c52-48f0-93bd-08dbf50bcc7d"
    },
    {
        "major": "Natural Sciences, BS, Geology Concentration",
        "key": "74/32/to/98/Major/70bb7364-938e-46db-93be-08dbf50bcc7d"
    },
    {
        "major": "Natural Sciences, BS, Physics Concentration",
        "key": "74/32/to/98/Major/1fff2111-68da-4425-93bf-08dbf50bcc7d"
    },
    {
        "major": "Nursing, BSN",
        "key": "74/32/to/98/Major/b9249630-8073-44d4-a2bf-160e96abeaa8"
    },
    {
        "major": "Nursing, RN-BSN",
        "key": "74/32/to/98/Major/d0d83068-7701-44fc-93c1-08dbf50bcc7d"
    },
    {
        "major": "Philosophy, BA",
        "key": "74/32/to/98/Major/22a29991-ab42-43b5-a96c-cab8745a5c30"
    },
    {
        "major": "Philosophy, BA, Law, Justice, and Social Policy Emphasis",
        "key": "74/32/to/98/Major/44e9792b-c3b8-4d3c-93c3-08dbf50bcc7d"
    },
    {
        "major": "Physics, BS",
        "key": "74/32/to/98/Major/6ed20af8-feca-4aa0-891a-fdcb0085133c"
    },
    {
        "major": "Political Science, BA",
        "key": "74/32/to/98/Major/fd93916e-c275-4f81-8708-9a12a569a188"
    },
    {
        "major": "Psychology, BA",
        "key": "74/32/to/98/Major/08129aed-eb1e-4ab8-903d-67b80721a02c"
    },
    {
        "major": "Public Administration, BA",
        "key": "74/32/to/98/Major/9eb7d79f-5753-49cb-9107-22790f674358"
    },
    {
        "major": "Public Health, BS",
        "key": "74/32/to/98/Major/f142ea15-b822-4746-9e91-94d5cc46ec62"
    },
    {
        "major": "Religious Studies Double Major, BA",
        "key": "74/32/to/98/Major/b67a20e9-d643-442e-8ece-47e91a5328d7"
    },
    {
        "major": "Religious Studies, BA",
        "key": "74/32/to/98/Major/983d576a-dba2-42de-93c6-08dbf50bcc7d"
    },
    {
        "major": "Sociology, BA",
        "key": "74/32/to/98/Major/2161e099-f9c9-4a2e-8f7b-7544f4d2b223"
    },
    {
        "major": "Sociology, BA, Concentration in Human Services",
        "key": "74/32/to/98/Major/c5392304-17d7-449b-93c7-08dbf50bcc7d"
    },
    {
        "major": "Sociology, BA, Concentration in Racial and Ethnic Dynamics",
        "key": "74/32/to/98/Major/e0f986c8-4366-4008-93c8-08dbf50bcc7d"
    },
    {
        "major": "Spanish, BA",
        "key": "74/32/to/98/Major/732e6f7b-fdb6-4576-8b35-0a6d6c30c4b1"
    },
    {
        "major": "Theatre, BA",
        "key": "74/32/to/98/Major/604cff8e-4244-435f-a749-5806b093d7b6"
    }
]