[
    {
        "major": "Advanced Manufacturing and Applied Robotics B.S.",
        "key": 26528809
    },
    {
        "major": "Agricultural Business B.S.",
        "key": 26528807
    },
    {
        "major": "Agricultural Science B.S. - Agricultural Communication and Leadership Option",
        "key": 26528810
    },
    {
        "major": "Agricultural Science B.S. - Agricultural Science and Education Option",
        "key": 26528812
    },
    {
        "major": "Animal Science B.S.",
        "key": 26529024
    },
    {
        "major": "Anthropology B.A.",
        "key": 26529022
    },
    {
        "major": "Art B.A. - Art Education Option",
        "key": 26529023
    },
    {
        "major": "Art B.A. - Art History Option",
        "key": 26529025
    },
    {
        "major": "Art B.A. - Art Studio Option",
        "key": 26529026
    },
    {
        "major": "Art B.F.A. - Art Studio Option",
        "key": 26529027
    },
    {
        "major": "Art B.F.A. - Interior Architecture Option",
        "key": 26529028
    },
    {
        "major": "Asian Studies B.A.",
        "key": 26529167
    },
    {
        "major": "Biochemistry B.S.",
        "key": 26529351
    },
    {
        "major": "Biological Sciences B.A.",
        "key": 26529352
    },
    {
        "major": "Biological Sciences B.S. - Cellular and Molecular Biology Option",
        "key": 26529353
    },
    {
        "major": "Biological Sciences B.S. - Ecological, Evolutionary, and Organismal Biology Option",
        "key": 26529355
    },
    {
        "major": "Biological Sciences B.S. - Plant Biology Option",
        "key": 26529357
    },
    {
        "major": "Business Administration B.S. - Accounting Option",
        "key": 26529356
    },
    {
        "major": "Business Administration B.S. - Entrepreneurship and Small Business Management Option",
        "key": 26529358
    },
    {
        "major": "Business Administration B.S. - Finance Option",
        "key": 26529360
    },
    {
        "major": "Business Administration B.S. - Human Resource Management Option",
        "key": 26529359
    },
    {
        "major": "Business Administration B.S. - Management Option",
        "key": 26529363
    },
    {
        "major": "Business Administration B.S. - Marketing Option",
        "key": 26529364
    },
    {
        "major": "Business Administration B.S. - Project Management Option",
        "key": 26529365
    },
    {
        "major": "Business Administration B.S. Online Degree Completion",
        "key": 26529366
    },
    {
        "major": "Business Information Systems B.S. - Business Analytics Option",
        "key": 26529367
    },
    {
        "major": "Business Information Systems B.S. - Management Information Systems Option",
        "key": 26529369
    },
    {
        "major": "Business Information Systems B.S. - Operations and Supply Chain Management Option",
        "key": 26529368
    },
    {
        "major": "Chemistry B.A.",
        "key": 26529371
    },
    {
        "major": "Chemistry B.S.",
        "key": 26529370
    },
    {
        "major": "Child Development B.A.",
        "key": 26529372
    },
    {
        "major": "Civil Engineering B.S. - Environmental and Water Resources Engineering",
        "key": 26529373
    },
    {
        "major": "Civil Engineering B.S. - General Civil Engineering",
        "key": 26529374
    },
    {
        "major": "Civil Engineering B.S.- Structural Engineering",
        "key": 26529375
    },
    {
        "major": "Communication Design B.F.A",
        "key": 26529376
    },
    {
        "major": "Communication Sciences and Disorders B.S.",
        "key": 26529377
    },
    {
        "major": "Communication Studies B.A. - Communication and Public Affairs Option",
        "key": 26529379
    },
    {
        "major": "Communication Studies B.A. - Organizational Communication Option",
        "key": 26529378
    },
    {
        "major": "Computer Animation and Game Development B.S. - Animation Production Option",
        "key": 26529381
    },
    {
        "major": "Computer Animation and Game Development B.S. - Game Development Option",
        "key": 26529380
    },
    {
        "major": "Computer Engineering B.S.",
        "key": 26529382
    },
    {
        "major": "Computer Information Systems B.S.",
        "key": 26529383
    },
    {
        "major": "Computer Science B.S.",
        "key": 26529384
    },
    {
        "major": "Concrete Industry Management B.S.",
        "key": 26529386
    },
    {
        "major": "Construction Management B.S.",
        "key": 26529385
    },
    {
        "major": "Criminal Justice B.A.",
        "key": 26529387
    },
    {
        "major": "Economics B.A.",
        "key": 26529388
    },
    {
        "major": "Electrical/Electronic Engineering B.S.",
        "key": 26529389
    },
    {
        "major": "English B.A. - English Education Option",
        "key": 26529391
    },
    {
        "major": "English B.A. - English Studies Option",
        "key": 26529390
    },
    {
        "major": "English B.A. - Literature Option",
        "key": 26529392
    },
    {
        "major": "Environmental Science B.S. - Applied Ecology Option",
        "key": 26529394
    },
    {
        "major": "Environmental Science B.S. - Atmosphere and Climate Option",
        "key": 26529393
    },
    {
        "major": "Environmental Science B.S. - Energy and Earth Resources Option",
        "key": 26529395
    },
    {
        "major": "Environmental Science B.S. - Hydrology Option",
        "key": 26529396
    },
    {
        "major": "Exercise Physiology B.S. ",
        "key": 26529398
    },
    {
        "major": "French B.A.",
        "key": 26529397
    },
    {
        "major": "Geography B.A. - Human Geography and Planning Option",
        "key": 26529400
    },
    {
        "major": "Geography B.A. - Physical and Environmental Geography Option",
        "key": 26529399
    },
    {
        "major": "Geology B.S.",
        "key": 26529401
    },
    {
        "major": "Geosciences B.S. - Physical Science Education Option",
        "key": 26529402
    },
    {
        "major": "Geosciences B.S. - Science Education Option: Geosciences Concentration",
        "key": 26529403
    },
    {
        "major": "German B.A. ",
        "key": 26529404
    },
    {
        "major": "Health Services Administration B.S.",
        "key": 26529406
    },
    {
        "major": "History B.A. - General History Option",
        "key": 26529405
    },
    {
        "major": "History B.A. - Social Science Pre-Credential Option",
        "key": 26529407
    },
    {
        "major": "Humanities B.A.",
        "key": 26529750
    },
    {
        "major": "International Relations B.A. ",
        "key": 26529752
    },
    {
        "major": "Intersectional Chicanx/Latinx Studies B.A.",
        "key": 26529755
    },
    {
        "major": "Journalism B.A. - News Option",
        "key": 26529753
    },
    {
        "major": "Journalism B.A. - Public Relations Option",
        "key": 26529754
    },
    {
        "major": "Kinesiology B.A. - Movement Studies Option",
        "key": 26529757
    },
    {
        "major": "Kinesiology B.A. - Outdoor Education Option",
        "key": 26529756
    },
    {
        "major": "Kinesiology B.A. - Physical Education Teacher Education (PETE) Option",
        "key": 26529758
    },
    {
        "major": "Latin American Studies B.A.",
        "key": 26529759
    },
    {
        "major": "Liberal Studies B.A. - Bilingual/Cross-Cultural Option",
        "key": 26529760
    },
    {
        "major": "Liberal Studies B.A. - General Option",
        "key": 26529762
    },
    {
        "major": "Liberal Studies B.A. - General Option (Online Degree Completion)",
        "key": 26529761
    },
    {
        "major": "Liberal Studies B.A. - Liberal Arts Option",
        "key": 26529764
    },
    {
        "major": "Linguistics B.A.",
        "key": 26529763
    },
    {
        "major": "Mathematics B.S. - Applied Mathematics Option",
        "key": 26529765
    },
    {
        "major": "Mathematics B.S. - Foundational Mathematics Education Option",
        "key": 26529766
    },
    {
        "major": "Mathematics B.S. - General Option in Mathematics",
        "key": 26529768
    },
    {
        "major": "Mathematics B.S. - Mathematics Education Option",
        "key": 26529767
    },
    {
        "major": "Mathematics B.S. - Statistics Option",
        "key": 26529769
    },
    {
        "major": "Mechanical Engineering B.S.",
        "key": 26529770
    },
    {
        "major": "Mechatronic Engineering B.S.",
        "key": 26529771
    },
    {
        "major": "Media Arts B.A. - Criticism Option",
        "key": 26529772
    },
    {
        "major": "Media Arts B.A. - Production Option",
        "key": 26529773
    },
    {
        "major": "Microbiology B.S. - Clinical Laboratory Science Option",
        "key": 26529774
    },
    {
        "major": "Microbiology B.S. - General Microbiology Option",
        "key": 26529775
    },
    {
        "major": "Multicultural and Gender Studies B.A. - General Option",
        "key": 26529777
    },
    {
        "major": "Multicultural and Gender Studies B.A. - Women's Studies Option",
        "key": 26529776
    },
    {
        "major": "Music B.A. - General Music Option",
        "key": 26529779
    },
    {
        "major": "Music B.A. - Music Education Option",
        "key": 26529778
    },
    {
        "major": "Music B.A. - Music Industry Option",
        "key": 26529781
    },
    {
        "major": "Music B.A. - Recording Arts Option",
        "key": 26529780
    },
    {
        "major": "Musical Theatre B.F.A.",
        "key": 26529782
    },
    {
        "major": "Natural Sciences B.S. - Science Education Option",
        "key": 26529783
    },
    {
        "major": "Nursing B.S. - General Option",
        "key": 26529784
    },
    {
        "major": "Nutrition and Food Sciences B.S. - Food and Nutrition Communication Option",
        "key": 26529786
    },
    {
        "major": "Nutrition and Food Sciences B.S. - General Dietetics Option",
        "key": 26529785
    },
    {
        "major": "Nutrition and Food Sciences B.S. - Nutrition Management Option",
        "key": 26529787
    },
    {
        "major": "Philosophy B.A.",
        "key": 26529788
    },
    {
        "major": "Physics B.S. - General Physics Option",
        "key": 26529789
    },
    {
        "major": "Physics B.S. - Professional Physics Option",
        "key": 26529790
    },
    {
        "major": "Plant and Soil Science B.S. - Crops and Horticulture Option",
        "key": 26529792
    },
    {
        "major": "Plant and Soil Science B.S. - Land and Soil Resource Management Option",
        "key": 26529791
    },
    {
        "major": "Political Science B.A. - Legal Studies Option",
        "key": 26529794
    },
    {
        "major": "Political Science B.A. - U.S. Politics Option",
        "key": 26529793
    },
    {
        "major": "Psychology B.A.",
        "key": 26529795
    },
    {
        "major": "Public Administration B.A.",
        "key": 26529796
    },
    {
        "major": "Public Health B.S.",
        "key": 26529797
    },
    {
        "major": "Recreation, Hospitality, and Parks Management B.S. - Event Management Option",
        "key": 26529798
    },
    {
        "major": "Recreation, Hospitality, and Parks Management B.S. - Parks and Recreation Management Option",
        "key": 26529799
    },
    {
        "major": "Recreation, Hospitality, and Parks Management B.S. - Recreation Therapy Option",
        "key": 26529800
    },
    {
        "major": "Recreation, Hospitality, and Parks Management B.S. - Resort and Lodging Management Option",
        "key": 26529801
    },
    {
        "major": "Religious Studies B.A.",
        "key": 26529802
    },
    {
        "major": "Social Science B.A. - Multidisciplinary Studies Option",
        "key": 26529803
    },
    {
        "major": "Social Work B.A.",
        "key": 26529805
    },
    {
        "major": "Sociology B.A.",
        "key": 26529804
    },
    {
        "major": "Spanish B.A.",
        "key": 26529806
    },
    {
        "major": "Theatre Arts B.A.",
        "key": 26529807
    }
]