[
    {
        "major": "Accountancy ",
        "key": "74/32/to/81/Major/5ce30b81-a6ff-49ed-a0d8-9f7d58a69b60"
    },
    {
        "major": "Aerospace Engineering ",
        "key": "74/32/to/81/Major/9557ab21-2e64-43ed-8f57-3a1dceda1016"
    },
    {
        "major": "Africana Studies ",
        "key": "74/32/to/81/Major/40aaf1b8-da9d-4161-b30d-810a1e7ef5de"
    },
    {
        "major": "American Sign Language Linguistics and Deaf Culture",
        "key": "74/32/to/81/Major/8e409f1e-2614-4598-9259-990124d03e78"
    },
    {
        "major": "American Sign Language Linguistics and Deaf Culture: English Interpreting",
        "key": "74/32/to/81/Major/900d4ae0-5d1c-4aaa-ab10-436e43441743"
    },
    {
        "major": "American Studies ",
        "key": "74/32/to/81/Major/af717109-4f1f-47da-a69e-b5287c428525"
    },
    {
        "major": "Anthropology ",
        "key": "74/32/to/81/Major/2195fbda-20d9-43b7-b0be-f412278710a7"
    },
    {
        "major": "Applied Statistics",
        "key": "74/32/to/81/Major/3cd4c9e1-e4b1-45f1-a8d9-e69d23b48c1a"
    },
    {
        "major": "Art, Animation",
        "key": "74/32/to/81/Major/f858fae2-4021-471c-b288-81b6cb5f30b2"
    },
    {
        "major": "Art, Art Education",
        "key": "74/32/to/81/Major/44e7fb23-5822-4856-b129-1d099a96fdce"
    },
    {
        "major": "Art, Art History",
        "key": "74/32/to/81/Major/0e27b08a-3442-4255-8d35-783ae0a1aaf1"
    },
    {
        "major": "Art, Art Photography",
        "key": "74/32/to/81/Major/9201da28-645e-44a7-8245-e215913db7d7"
    },
    {
        "major": "Art, Ceramics",
        "key": "74/32/to/81/Major/a76bd1a2-1a1f-41b8-8e27-718d229bd998"
    },
    {
        "major": "Art, Drawing and Painting",
        "key": "74/32/to/81/Major/b2612352-df1c-49fd-870c-0db7dec4ceac"
    },
    {
        "major": "Art, Graphic Design",
        "key": "74/32/to/81/Major/46d204ce-0140-4dfb-8f76-678bb2d7f6de"
    },
    {
        "major": "Art, Illustration",
        "key": "74/32/to/81/Major/f54e3449-52c8-40d1-13aa-08db8eae1cc0"
    },
    {
        "major": "Art, Printmaking",
        "key": "74/32/to/81/Major/ef8b7873-3eac-4b2f-9b98-eb015d073f53"
    },
    {
        "major": "Art, Sculpture",
        "key": "74/32/to/81/Major/ca3a80cb-d76b-4851-b8a0-9548dbafb96b"
    },
    {
        "major": "Art, Studio Art",
        "key": "74/32/to/81/Major/5b5fba35-7a1d-4808-a6d0-3ed507fbfd35"
    },
    {
        "major": "Art, Three-Dimensional Media",
        "key": "74/32/to/81/Major/7e59976f-e79f-40fb-af4c-fcc7a156976f"
    },
    {
        "major": "Asian American Studies",
        "key": "74/32/to/81/Major/58354178-023e-453a-83bc-8593df253001"
    },
    {
        "major": "Asian Studies",
        "key": "74/32/to/81/Major/c2801225-4caa-443a-b22a-dfae7af50b51"
    },
    {
        "major": "Athletic Training",
        "key": "74/32/to/81/Major/0cbd39db-7801-4056-82dd-5f0af689ffe9"
    },
    {
        "major": "Biochemistry, B.A.",
        "key": "74/32/to/81/Major/c94cfaa9-1d97-4bb9-b994-610a1ed9ab0c"
    },
    {
        "major": "Biochemistry, B.S.",
        "key": "74/32/to/81/Major/a0f3aa9a-9995-44e8-a5c7-7aa592a8981f"
    },
    {
        "major": "Biology, Biology Education",
        "key": "74/32/to/81/Major/9e70e8dd-a615-41c2-9bed-2347ece114e4"
    },
    {
        "major": "Biology, General",
        "key": "74/32/to/81/Major/185287bc-ab31-4219-afee-172ce1a3f554"
    },
    {
        "major": "Biology, Molecular Cell Biology and Physiology",
        "key": "74/32/to/81/Major/b0267370-fca3-438f-998a-3432df5eb6ec"
    },
    {
        "major": "Biology, Zoology, Botany, and Ecology",
        "key": "74/32/to/81/Major/3596d4e5-1b4b-45a6-8e96-47b779286eeb"
    },
    {
        "major": "Biomedical Engineering",
        "key": "74/32/to/81/Major/62fd8a72-11ce-4b4f-85b3-51fef3626998"
    },
    {
        "major": "Business Administration",
        "key": "74/32/to/81/Major/89dfe55a-3dbd-4790-854c-1d615fbd58c9"
    },
    {
        "major": "Chemical Engineering",
        "key": "74/32/to/81/Major/cf0a4803-05a3-4f04-bc56-a84109c70bd0"
    },
    {
        "major": "Chemistry, B.A.",
        "key": "74/32/to/81/Major/aa4fc499-2b53-4fec-a0bc-103bf21507c4"
    },
    {
        "major": "Chemistry, B.S.",
        "key": "74/32/to/81/Major/9e0afcd1-802b-4f1b-992e-6df5aad00f3f"
    },
    {
        "major": "Chemistry, Material Science",
        "key": "74/32/to/81/Major/c8e630a9-5c15-4379-b1de-8e8c4cf0d7ef"
    },
    {
        "major": "Chicano and Latino Studies",
        "key": "74/32/to/81/Major/28e21d1c-4955-485a-ae5a-8202671d961d"
    },
    {
        "major": "Child Development and Family Studies",
        "key": "74/32/to/81/Major/d27056ba-8569-4ad2-b0fb-913167c49571"
    },
    {
        "major": "Chinese Studies",
        "key": "74/32/to/81/Major/4f42a02c-86d1-4346-9308-42dac200f9fe"
    },
    {
        "major": "Civil Engineering",
        "key": "74/32/to/81/Major/90d8da57-1177-4a5a-ad60-1c6c1b211564"
    },
    {
        "major": "Classics, B.A.",
        "key": "74/32/to/81/Major/710ce93e-5bcd-43d6-8406-8f98a0294963"
    },
    {
        "major": "Classics, Latin and Roman Civilization",
        "key": "74/32/to/81/Major/e1ff6b6d-3dae-42c1-bd7a-3460fbfc15ff"
    },
    {
        "major": "Communication Studies, Communication, Culture, and Public Affairs",
        "key": "74/32/to/81/Major/52308d50-ac91-4d67-9500-be3c5c096679"
    },
    {
        "major": "Communication Studies, Interpersonal and Organizational Communication",
        "key": "74/32/to/81/Major/8f71dc97-b6ac-41d2-87a6-a1c526293889"
    },
    {
        "major": "Communications Studies",
        "key": "74/32/to/81/Major/66a19975-f7a6-4d05-a317-eb1d6f23d5fc"
    },
    {
        "major": "Comparative World Literature, Cultural Studies",
        "key": "74/32/to/81/Major/b77ff7db-0e1d-4214-9896-06821076ce6f"
    },
    {
        "major": "Comparative World Literature, Language and Literature",
        "key": "74/32/to/81/Major/ae28f54e-dfa9-47dd-98b7-1c4d427b15a7"
    },
    {
        "major": "Comparative World Literature, World Literature in Translation",
        "key": "74/32/to/81/Major/e149c7ea-f6f3-46e4-be8c-b39cc5edd30a"
    },
    {
        "major": "Computer Engineering",
        "key": "74/32/to/81/Major/7d3eecd3-65ac-4bf7-94b9-46529a271ac9"
    },
    {
        "major": "Computer Engineering Technology",
        "key": "74/32/to/81/Major/cd007217-9b57-4f51-82f8-c778ff4e2d17"
    },
    {
        "major": "Computer Science",
        "key": "74/32/to/81/Major/444ea2ff-b77d-448e-86a9-337b72709ff9"
    },
    {
        "major": "Construction Management",
        "key": "74/32/to/81/Major/34eaf3c6-a8a4-490b-95dd-41a39dd293d2"
    },
    {
        "major": "Consumer Affairs",
        "key": "74/32/to/81/Major/50e7042e-2fb9-4041-8609-184f885974d9"
    },
    {
        "major": "Criminology and Criminal Justice",
        "key": "74/32/to/81/Major/fe21f5ff-8bef-4836-a41b-c9d7c99beca8"
    },
    {
        "major": "Dance Science",
        "key": "74/32/to/81/Major/31b07689-f976-4bf7-990f-9564a8f53747"
    },
    {
        "major": "Dance, B.A.",
        "key": "74/32/to/81/Major/774de3e7-d344-4e94-b93e-0cccd93db2bf"
    },
    {
        "major": "Dance, B.F.A.",
        "key": "74/32/to/81/Major/9e4d77a1-c773-418d-8017-ab9ea0a730ab"
    },
    {
        "major": "Design",
        "key": "74/32/to/81/Major/45e84f6f-108b-4203-beeb-176036568679"
    },
    {
        "major": "Earth Science",
        "key": "74/32/to/81/Major/61e11ac2-c5a9-4622-8885-97605e0d6a49"
    },
    {
        "major": "Economics, B.A.",
        "key": "74/32/to/81/Major/9c45d785-631f-4daa-b83d-f1a3a1073641"
    },
    {
        "major": "Economics, Business Economics",
        "key": "74/32/to/81/Major/0fcaa607-3fc8-4f38-81fc-efbea8b1f2d4"
    },
    {
        "major": "Economics, Mathematical Economics and Economic Theory",
        "key": "74/32/to/81/Major/5e0643dc-c868-4d1f-b603-58064641ee7b"
    },
    {
        "major": "Electrical Engineering",
        "key": "74/32/to/81/Major/6a2a974c-d864-423e-aecc-670dea7d9566"
    },
    {
        "major": "Electronics Engineering Technology",
        "key": "74/32/to/81/Major/451636a7-2899-4aab-a454-65963df33e72"
    },
    {
        "major": "English",
        "key": "74/32/to/81/Major/c7816b0c-800d-4d32-9800-b3dbd10f733f"
    },
    {
        "major": "English, Creative Writing",
        "key": "74/32/to/81/Major/a1f49935-7755-45b5-8b10-46cabbf540ae"
    },
    {
        "major": "English, English Education",
        "key": "74/32/to/81/Major/11ea7ab3-6954-46ad-a562-bcf2019712f6"
    },
    {
        "major": "English, Literature",
        "key": "74/32/to/81/Major/d20d22e5-9eae-4ce0-9c5c-3a566f7121e9"
    },
    {
        "major": "English, Rhetoric and Composition",
        "key": "74/32/to/81/Major/91a82246-8303-4702-a04e-4683a1c92ebd"
    },
    {
        "major": "English, Special Emphasis",
        "key": "74/32/to/81/Major/60fb04c8-f7e4-445b-abe4-d222c16038f5"
    },
    {
        "major": "Environmental Engineering",
        "key": "74/32/to/81/Major/d7743929-7b89-4516-8443-6ee698dc3450"
    },
    {
        "major": "Environmental Science and Policy, B.A.",
        "key": "74/32/to/81/Major/ea6b3034-c7ee-4b73-bd40-8d98851665aa"
    },
    {
        "major": "Environmental Science and Policy, B.S.",
        "key": "74/32/to/81/Major/8dbc44ef-2506-41ce-ac85-a97baa2496fd"
    },
    {
        "major": "Family Life Education",
        "key": "74/32/to/81/Major/491ebb0e-bc73-4e3a-8851-355629d64704"
    },
    {
        "major": "Fashion Design",
        "key": "74/32/to/81/Major/177e6b01-5252-49fc-844a-e555c6f32954"
    },
    {
        "major": "Fashion Merchandising",
        "key": "74/32/to/81/Major/e0b2a432-306b-4291-a91a-e236a2352cfa"
    },
    {
        "major": "Film and Electronic Arts, Narrative Production",
        "key": "74/32/to/81/Major/b1d46606-38d6-46cf-aeb1-738e7197e81a"
    },
    {
        "major": "Film and Electronic Arts, Theory and Practice of Cinema",
        "key": "74/32/to/81/Major/07b20d52-e75a-4320-8dc2-78fd6a587b54"
    },
    {
        "major": "Finance",
        "key": "74/32/to/81/Major/fad7c2eb-8448-4c82-90ac-ec188e058957"
    },
    {
        "major": "Food Science",
        "key": "74/32/to/81/Major/d22740f9-04a1-4501-a291-2f81effda1ae"
    },
    {
        "major": "French and Francophone Studies",
        "key": "74/32/to/81/Major/ac099f94-8514-47c7-a4ef-666925615980"
    },
    {
        "major": "French and Francophone Studies, Interdisciplinary",
        "key": "74/32/to/81/Major/cfbcaef3-e232-47a9-a2d5-f1e24c5c7b91"
    },
    {
        "major": "Geography, B. A.",
        "key": "74/32/to/81/Major/565b510a-ba91-4cd6-869b-6d9f72b797a3"
    },
    {
        "major": "Geology",
        "key": "74/32/to/81/Major/f6e99187-dda4-493f-8c38-801f38a29754"
    },
    {
        "major": "German",
        "key": "74/32/to/81/Major/fbed3721-5afe-4c03-bfc7-e3efc488f262"
    },
    {
        "major": "Health Care Administration",
        "key": "74/32/to/81/Major/a34a1ce2-6867-48cf-9eeb-4f6de58573d5"
    },
    {
        "major": "Health Science, Community Health Education",
        "key": "74/32/to/81/Major/f1a2674d-3d9d-4a6e-b42c-e53fe7be387b"
    },
    {
        "major": "Health Science, School Health Education",
        "key": "74/32/to/81/Major/c9426bf5-c2a0-4373-8df8-3040d0d19782"
    },
    {
        "major": "History",
        "key": "74/32/to/81/Major/8e3c6656-2901-40e4-86e4-77171d5eb85b"
    },
    {
        "major": "Hospitality Management",
        "key": "74/32/to/81/Major/beea3e34-f89a-4143-a6bb-95a3a2f56681"
    },
    {
        "major": "Human Development",
        "key": "74/32/to/81/Major/c822f660-7181-4646-9b1a-397735a4023d"
    },
    {
        "major": "Human Resource Management",
        "key": "74/32/to/81/Major/0233a49c-2022-4fd3-b22c-69cc179f1098"
    },
    {
        "major": "Industrial Design",
        "key": "74/32/to/81/Major/64a22e4c-9209-40ef-9571-88be43a11655"
    },
    {
        "major": "Interior Design",
        "key": "74/32/to/81/Major/67877164-e4c5-4617-896d-f7d753c172c9"
    },
    {
        "major": "International Business",
        "key": "74/32/to/81/Major/0cedde56-b276-4022-8d63-0b99355a1456"
    },
    {
        "major": "International Studies",
        "key": "74/32/to/81/Major/1b85da3d-79ea-4fed-b5d3-467892bcf71f"
    },
    {
        "major": "Italian Studies",
        "key": "74/32/to/81/Major/85d4240f-09e3-45e4-bfc9-fdf3fc1daa95"
    },
    {
        "major": "Japanese",
        "key": "74/32/to/81/Major/6816bda4-e93b-47b7-a802-d88b60b4d7f0"
    },
    {
        "major": "Journalism",
        "key": "74/32/to/81/Major/0d6cd293-c5cb-452d-bdfb-85060e6347a9"
    },
    {
        "major": "Kinesiology, Exercise Science",
        "key": "74/32/to/81/Major/c030b86d-a31e-4576-a63b-dc964fd4bef2"
    },
    {
        "major": "Kinesiology, Fitness",
        "key": "74/32/to/81/Major/96a1f5f7-bd28-4a2c-a168-23e600b9a1ed"
    },
    {
        "major": "Kinesiology, Sport Psychology and Leadership",
        "key": "74/32/to/81/Major/530dfc3b-345a-4a58-b3e2-d948079e6ff9"
    },
    {
        "major": "Liberal Studies B.A.",
        "key": "74/32/to/81/Major/21f3ac8d-1c63-40ef-bec6-27209d9e0c3e"
    },
    {
        "major": "Linguistics, B. A.",
        "key": "74/32/to/81/Major/de9f6d6e-50b8-425e-b400-7574b98d6e08"
    },
    {
        "major": "Linguistics, Teaching English to Speakers of Other Languages (TESOL)",
        "key": "74/32/to/81/Major/7c35679b-9642-440b-82ad-68694d27014a"
    },
    {
        "major": "Linguistics, Translation Studies",
        "key": "74/32/to/81/Major/1fc96ce3-cf68-449f-b0f4-b23199027745"
    },
    {
        "major": "Management",
        "key": "74/32/to/81/Major/9e4c3d3c-9fdc-472a-863b-c035fd3a11eb"
    },
    {
        "major": "Management Information Systems",
        "key": "74/32/to/81/Major/ed1d3fe5-9ed9-412d-95a4-795973012658"
    },
    {
        "major": "Marine Biology",
        "key": "74/32/to/81/Major/d49fb181-f226-43a4-8356-d78103949f11"
    },
    {
        "major": "Marketing",
        "key": "74/32/to/81/Major/c265f0e8-46e1-4446-a0f1-512fdb6e484d"
    },
    {
        "major": "Mathematics",
        "key": "74/32/to/81/Major/e3b4f401-91a5-4b76-b179-035b954d2c80"
    },
    {
        "major": "Mathematics, Applied Mathematics",
        "key": "74/32/to/81/Major/f66af62a-492f-4095-36dc-08dba98d34db"
    },
    {
        "major": "Mathematics, Mathematics Education",
        "key": "74/32/to/81/Major/8d6ead61-e6b5-4a29-36dd-08dba98d34db"
    },
    {
        "major": "Mechanical Engineering",
        "key": "74/32/to/81/Major/5be6bf89-c7d7-4f38-8b5c-2f8181ea6150"
    },
    {
        "major": "Microbiology",
        "key": "74/32/to/81/Major/fa7a86f8-5bf6-4409-8d76-55a7fd1df5df"
    },
    {
        "major": "Modern Jewish Studies",
        "key": "74/32/to/81/Major/e105f7f9-e850-4c5b-8c3d-46f040396d8b"
    },
    {
        "major": "Music B.A.",
        "key": "74/32/to/81/Major/8b5dda20-a779-4985-afce-dabe86eefd36"
    },
    {
        "major": "Music, Choral-Vocal",
        "key": "74/32/to/81/Major/3a416e49-03fc-487d-b9d9-4e281d2b78f5"
    },
    {
        "major": "Music, Composition",
        "key": "74/32/to/81/Major/cc7195f3-8641-43fc-8e0d-d67d35cd289f"
    },
    {
        "major": "Music, Instrumental",
        "key": "74/32/to/81/Major/72dfc1fc-ab2d-4527-a66a-1da1aa720817"
    },
    {
        "major": "Music, Performance",
        "key": "74/32/to/81/Major/00067de7-4a44-4192-be58-b9cff15780e7"
    },
    {
        "major": "Nursing",
        "key": "74/32/to/81/Major/dfd2c75a-ac96-4cd2-aa9d-a8564eaf7c2d"
    },
    {
        "major": "Nutrition and Dietetics",
        "key": "74/32/to/81/Major/55eb44db-6b6a-4350-bbc8-9cdd5872fcf4"
    },
    {
        "major": "Operations and Supply Chain Management",
        "key": "74/32/to/81/Major/b08837de-5d6f-407e-99ad-fd41d35b9a97"
    },
    {
        "major": "Philosophy",
        "key": "74/32/to/81/Major/b8e0559a-8bd3-4c65-898b-f97e5471765d"
    },
    {
        "major": "Physical Education",
        "key": "74/32/to/81/Major/c556034d-21e8-45a1-8303-737cd21f70fd"
    },
    {
        "major": "Physics, B.A.",
        "key": "74/32/to/81/Major/1a4934f1-e4c9-435a-36e4-08dba98d34db"
    },
    {
        "major": "Physics, B.S.",
        "key": "74/32/to/81/Major/c8cc3169-5ffd-4b55-36e2-08dba98d34db"
    },
    {
        "major": "Physics, Materials Science",
        "key": "74/32/to/81/Major/6c5d1327-2e13-4d98-36e3-08dba98d34db"
    },
    {
        "major": "Political Science",
        "key": "74/32/to/81/Major/a2cbd039-4b4e-4812-8204-a8c2784b2f12"
    },
    {
        "major": "Psychology",
        "key": "74/32/to/81/Major/b0cad003-f607-40da-8ede-a6055970dfd9"
    },
    {
        "major": "Public Relations",
        "key": "74/32/to/81/Major/28c4426a-a7d1-47ea-8d4f-9baa48e2571e"
    },
    {
        "major": "Recreation",
        "key": "74/32/to/81/Major/f7f9550c-4263-408a-9c1b-76cd2438f16d"
    },
    {
        "major": "Recreation Therapy",
        "key": "74/32/to/81/Major/963d9e1d-a94e-49e9-b8c9-c8761797c6f8"
    },
    {
        "major": "Religious Studies",
        "key": "74/32/to/81/Major/cd944eae-023a-4888-980f-066b6c416215"
    },
    {
        "major": "Social Work",
        "key": "74/32/to/81/Major/a382980d-dc04-4a68-bdfa-a48ab4eb8dfa"
    },
    {
        "major": "Sociology",
        "key": "74/32/to/81/Major/88d933b6-5d37-4619-bee0-94414e3eae07"
    },
    {
        "major": "Spanish",
        "key": "74/32/to/81/Major/baa43412-00c3-4374-9c16-a432f79b16eb"
    },
    {
        "major": "Spanish, Interdisciplinary",
        "key": "74/32/to/81/Major/d0793dc0-565d-4c21-80da-189729361cba"
    },
    {
        "major": "Speech-Language Pathology",
        "key": "74/32/to/81/Major/15a45ddf-df9a-408c-8299-a04bcab60358"
    },
    {
        "major": "Theatre Arts",
        "key": "74/32/to/81/Major/d18b5234-722c-48aa-b1af-2b1787774283"
    },
    {
        "major": "Theatre Arts, Performance-Acting",
        "key": "74/32/to/81/Major/78c311a7-86d0-490a-ae68-b8b32c45beb5"
    },
    {
        "major": "Theatre Arts, Technical Theatre-Scenery/Costume/Lighting Design",
        "key": "74/32/to/81/Major/6a90fb17-4790-4ba8-a4ea-2797f675c3fe"
    },
    {
        "major": "Women's, Gender, and Sexuality Studies",
        "key": "74/32/to/81/Major/c4aac47f-4704-4f8c-893a-87cf4df57ce5"
    }
]