[
    {
        "major": "Administration - B.A.",
        "key": 12036843
    },
    {
        "major": "Administration - B.S.",
        "key": 12036844
    },
    {
        "major": "American Studies - B.A.",
        "key": 12036845
    },
    {
        "major": "Anthropology - B.A.",
        "key": 12036846
    },
    {
        "major": "Arabic Language, Literature and Culture - B.A.",
        "key": 12036847
    },
    {
        "major": "Art - Plan I (Visual Studies) - B.A.",
        "key": 12036848
    },
    {
        "major": "Art - Plan II (Studio Art) - B.A.",
        "key": 12036849
    },
    {
        "major": "Art - Plan III (Art History) - B.A.",
        "key": 12036850
    },
    {
        "major": "Art - Plan IV (Graphic Design) - B.A.",
        "key": 12036851
    },
    {
        "major": "Art - Plan V (Graphic Design and Marketing) - B.A.",
        "key": 12036852
    },
    {
        "major": "Bioinformatics - B.S.",
        "key": 12036853
    },
    {
        "major": "Biology - B.A.",
        "key": 12036854
    },
    {
        "major": "Biology - B.S.",
        "key": 12036855
    },
    {
        "major": "Chemistry - ACS Certified Option - B.S.",
        "key": 12036858
    },
    {
        "major": "Chemistry - Biochemistry Option - B.A.",
        "key": 12036856
    },
    {
        "major": "Chemistry - Biochemistry Option - B.S.",
        "key": 12036859
    },
    {
        "major": "Chemistry - Chemistry Option - B.A.",
        "key": 12036857
    },
    {
        "major": "Chemistry - Integrated Teaching Track - B.A.",
        "key": 12036860
    },
    {
        "major": "Communication - B.A.",
        "key": 12036863
    },
    {
        "major": "Computer Engineering - B.S.",
        "key": 12036864
    },
    {
        "major": "Computer Science - B.S.",
        "key": 12036865
    },
    {
        "major": "Computer Systems - B.A.",
        "key": 12036866
    },
    {
        "major": "Criminal Justice - B.A.",
        "key": 12036861
    },
    {
        "major": "Criminal Justice - Crime Analysis Option - B.A.",
        "key": 12036862
    },
    {
        "major": "Economics - Applied Economics - B.A.",
        "key": 12036867
    },
    {
        "major": "Economics - B.A.",
        "key": 12036868
    },
    {
        "major": "Economics - Mathematical Economics - B.A.",
        "key": 12036869
    },
    {
        "major": "Economics - Political Economy - B.A.",
        "key": 12036870
    },
    {
        "major": "English - B.A.",
        "key": 12036871
    },
    {
        "major": "Environmental Studies - Track A - B.A.",
        "key": 12036872
    },
    {
        "major": "Environmental Studies - Track B - B.A.",
        "key": 12036873
    },
    {
        "major": "French - B.A.",
        "key": 12036875
    },
    {
        "major": "Geography - Geography Option - B.A.",
        "key": 12036877
    },
    {
        "major": "Geography - Global Studies Option - B.A.",
        "key": 12036878
    },
    {
        "major": "Geology - B.A.",
        "key": 12036879
    },
    {
        "major": "Geology - B.S.",
        "key": 12036880
    },
    {
        "major": "Geology - Integrated Teaching Track - B.A.",
        "key": 12036881
    },
    {
        "major": "Health Science - B.S.",
        "key": 12036888
    },
    {
        "major": "History - Track A (Teaching Track) - B.A.",
        "key": 12036885
    },
    {
        "major": "History - Track B - B.A.",
        "key": 12036886
    },
    {
        "major": "History - Track C (Public and Oral History Option) - B.A.",
        "key": 12036887
    },
    {
        "major": "Human Development - Child Development Track  - B.A.",
        "key": 12036882
    },
    {
        "major": "Human Development - Lifespan Track - B.A.",
        "key": 12036884
    },
    {
        "major": "Human Development - School Age Track - B.A.",
        "key": 12036883
    },
    {
        "major": "Information Systems and Technology - B.S.",
        "key": 12036889
    },
    {
        "major": "Kinesiology - Allied Health Professions - B.S.",
        "key": 12036892
    },
    {
        "major": "Kinesiology - Exercise Science - B.S.",
        "key": 12036890
    },
    {
        "major": "Kinesiology - Pedagogy - B.S.",
        "key": 12036891
    },
    {
        "major": "Liberal Studies - Arts and Letters Track (Non-credential) - B.A.",
        "key": 12036893
    },
    {
        "major": "Liberal Studies - General Track (Pre-credential) - B.A.",
        "key": 12036894
    },
    {
        "major": "Liberal Studies - Integrated Track (B.A. and Multiple Subject Credential)",
        "key": 12036896
    },
    {
        "major": "Liberal Studies - Spanish Studies Track - B.A.",
        "key": 12036895
    },
    {
        "major": "Mathematics - B.A.",
        "key": 12036897
    },
    {
        "major": "Mathematics - B.S.",
        "key": 12036898
    },
    {
        "major": "Mathematics - Teaching Track - B.A.",
        "key": 12036899
    },
    {
        "major": "Music - B.A.",
        "key": 12036900
    },
    {
        "major": "Music - B.M.",
        "key": 12036901
    },
    {
        "major": "Nursing - B.S.",
        "key": 12036902
    },
    {
        "major": "Nutrition and Food Sciences - B.S.",
        "key": 12036874
    },
    {
        "major": "Philosophy - B.A.",
        "key": 12036903
    },
    {
        "major": "Physics - B.A.",
        "key": 12036904
    },
    {
        "major": "Physics - B.S.",
        "key": 12036905
    },
    {
        "major": "Political Science - B.A.",
        "key": 12036906
    },
    {
        "major": "Psychology - B.A.",
        "key": 12036907
    },
    {
        "major": "Social Sciences - Credential Track - B.A.",
        "key": 12036916
    },
    {
        "major": "Social Sciences - Multidisciplinary Track - B.A.",
        "key": 12036915
    },
    {
        "major": "Social Work - B.A.",
        "key": 12036910
    },
    {
        "major": "Sociology - B.A.",
        "key": 12036908
    },
    {
        "major": "Sociology - Social Service Track - B.A.",
        "key": 12036909
    },
    {
        "major": "Spanish - Business Track - B.A.",
        "key": 12036911
    },
    {
        "major": "Spanish - Communication Studies Track - B.A.",
        "key": 12036913
    },
    {
        "major": "Spanish - Hispanic Cultural Studies Track - B.A.",
        "key": 12036914
    },
    {
        "major": "Spanish - Hispanic Literature, Language and Civilization Track - B.A.",
        "key": 12036912
    },
    {
        "major": "Theatre Arts - B.A.",
        "key": 12036917
    }
]