[
    {
        "major": "American Indian Studies",
        "key": 25862585
    },
    {
        "major": "Anthropology",
        "key": 25862242
    },
    {
        "major": "Applied Physics - Applied Electronics Option",
        "key": 25862566
    },
    {
        "major": "Applied Physics - General Option",
        "key": 25862980
    },
    {
        "major": "Art, Media, and Design, Art and Visual Culture Option",
        "key": 25863043
    },
    {
        "major": "Art, Media, and Design, Digital and Media Arts Option",
        "key": 25863019
    },
    {
        "major": "Biochemistry",
        "key": 25862260
    },
    {
        "major": "Biological Sciences",
        "key": 25862282
    },
    {
        "major": "Biotechnology",
        "key": 25862305
    },
    {
        "major": "Business Administration - All Options",
        "key": 25862959
    },
    {
        "major": "Chemistry, Chemistry Education Option",
        "key": 25862328
    },
    {
        "major": "Chemistry, General Chemistry Option",
        "key": 25862349
    },
    {
        "major": "Child and Adolescent Development, B.A.",
        "key": 25862368
    },
    {
        "major": "Communication",
        "key": 25862386
    },
    {
        "major": "Computer Science - CIS Option",
        "key": 25862794
    },
    {
        "major": "Computer Science - CS Option",
        "key": 25862544
    },
    {
        "major": "Criminology and Justice Studies",
        "key": 25862402
    },
    {
        "major": "Economics",
        "key": 25862417
    },
    {
        "major": "Electrical Engineering",
        "key": 25862940
    },
    {
        "major": "Environmental Studies",
        "key": 25862813
    },
    {
        "major": "Ethnic Studies",
        "key": 25862600
    },
    {
        "major": "Geography",
        "key": 25863165
    },
    {
        "major": "Global Studies",
        "key": 25862435
    },
    {
        "major": "History",
        "key": 25862452
    },
    {
        "major": "History Single-Subject Preparation for Teaching Option",
        "key": 25862619
    },
    {
        "major": "Human Development, All Options",
        "key": 25862998
    },
    {
        "major": "Kinesiology - Health Science Option",
        "key": 25862773
    },
    {
        "major": "Kinesiology - Movement Science Option",
        "key": 25862750
    },
    {
        "major": "Liberal Studies, Integrated Teacher Education Program Option (ITEP)",
        "key": 25863125
    },
    {
        "major": "Liberal Studies, Teaching - Elementary Subject Matter Preparation",
        "key": 25863090
    },
    {
        "major": "Literature and Writing Studies",
        "key": 25862469
    },
    {
        "major": "Mathematics",
        "key": 25862488
    },
    {
        "major": "Media Studies",
        "key": 25862637
    },
    {
        "major": "Music ",
        "key": 25862654
    },
    {
        "major": "Nursing, All Options",
        "key": 25862836
    },
    {
        "major": "Political Science",
        "key": 25862506
    },
    {
        "major": "Psychological Science",
        "key": 25862672
    },
    {
        "major": "Social Sciences",
        "key": 25862700
    },
    {
        "major": "Sociology, Aging and the Life Course Concentration",
        "key": 25862923
    },
    {
        "major": "Sociology, Children, Youth, and Families Concentration",
        "key": 25862906
    },
    {
        "major": "Sociology, Critical Race Studies Concentration",
        "key": 25862889
    },
    {
        "major": "Sociology, Health, Education, and Welfare Concentration",
        "key": 25862873
    },
    {
        "major": "Sociology, Standard Concentration",
        "key": 25862858
    },
    {
        "major": "Software Engineering",
        "key": 25862729
    },
    {
        "major": "Spanish",
        "key": 25862522
    },
    {
        "major": "Theatre",
        "key": 25863148
    },
    {
        "major": "Women's, Gender, and Sexuality Studies",
        "key": 25863065
    }
]